,,,,,,,,,,,,,,,,,,,,,,,,,,,,,,,,,,,,,,,,,,,,,,,,,,,
Item,Item Name,Resource Location,Creative Only,OP Only,Commands Only,Max Stack,Renewable,Infinitely Automatically Farmable,,Has a Direct Block Form,Has a Direct Entity Form,Durability,Fuel Time,XP From Cooking,Enchantability,Mining Speed Multiplier,Mining Level,Melee Attack Damage,Melee Attack Speed,Defence,Toughness,Knockback Resistance,Wearable,Edible,Can be Eaten with Full Hunger,Hunger Filled,Saturation Filled,Fire Resistant,Blast Resistant,Lures Entites When Held,Unique Dispenser Interaction,Can be Used in an Enchanting Table,Sold by Villagers,Sold to Villagers,Sold by Wandering Traders,Can Have Enchantments,Used In Crafting,Obtainable From Crafting,Can Repair Gear,Can Be Cooked,,,Obtainable From Cooking,"Has A Unique ""Use"" Function",Rarity,,,,Seperate Item Icon,Has Data Components,
,,,,,,,,Any Method,Player Interactions Required,,,,,,,,,,,,,,,,,,,,,,,,,,,,,,,Furnace,Smoker/Campfire,Blast Furnace,,,Common,Uncommon,Rare,Epic,,,
1746,,,188/1746,42/1746,13/1746,,1397/1746,1277/1746,497/1746,941/1746,235/1746,,,,,,,,,,,,34/1746,97/1746,62/1746,,,13/1746,1/1746,48/1746,347/1746,61/1746,339/1746,74/1746,70/1746,202/1746,631/1746,898/1746,22/1746,124/1746,9/1746,46/1746,58/1746,1581/1746,1487/1746,211/1746,16/1746,32/1746,247/1746,395/1746,0
,Air,air,TRUE,TRUE,TRUE,N/A,FALSE,FALSE,FALSE,TRUE,FALSE,N/A,N/A,N/A,N/A,1,0,1,4,N/A,N/A,N/A,FALSE,FALSE,FALSE,N/A,N/A,FALSE,FALSE,FALSE,FALSE,FALSE,FALSE,FALSE,FALSE,FALSE,FALSE,FALSE,FALSE,FALSE,FALSE,FALSE,FALSE,FALSE,TRUE,FALSE,FALSE,FALSE,FALSE,FALSE,1
,Cobblestone,cobblestone,FALSE,FALSE,FALSE,64,TRUE,TRUE,FALSE,TRUE,FALSE,N/A,N/A,0.1,N/A,1,0,1,4,N/A,N/A,N/A,FALSE,FALSE,FALSE,N/A,N/A,FALSE,FALSE,FALSE,FALSE,FALSE,FALSE,FALSE,FALSE,FALSE,TRUE,FALSE,TRUE,TRUE,FALSE,FALSE,FALSE,TRUE,TRUE,FALSE,FALSE,FALSE,FALSE,FALSE,2
,Cobblestone Slab,cobblestone_slab,FALSE,FALSE,FALSE,64,TRUE,TRUE,FALSE,TRUE,FALSE,N/A,N/A,N/A,N/A,1,0,1,4,N/A,N/A,N/A,FALSE,FALSE,FALSE,N/A,N/A,FALSE,FALSE,FALSE,FALSE,FALSE,FALSE,FALSE,FALSE,FALSE,FALSE,TRUE,FALSE,FALSE,FALSE,FALSE,FALSE,TRUE,TRUE,FALSE,FALSE,FALSE,FALSE,FALSE,3
,Cobblestone Stairs,cobblestone_stairs,FALSE,FALSE,FALSE,64,TRUE,TRUE,FALSE,TRUE,FALSE,N/A,N/A,N/A,N/A,1,0,1,4,N/A,N/A,N/A,FALSE,FALSE,FALSE,N/A,N/A,FALSE,FALSE,FALSE,FALSE,FALSE,FALSE,FALSE,FALSE,FALSE,FALSE,TRUE,FALSE,FALSE,FALSE,FALSE,FALSE,TRUE,TRUE,FALSE,FALSE,FALSE,FALSE,FALSE,4
,Cobblestone Wall,cobblestone_wall,FALSE,FALSE,FALSE,64,TRUE,TRUE,FALSE,TRUE,FALSE,N/A,N/A,N/A,N/A,1,0,1,4,N/A,N/A,N/A,FALSE,FALSE,FALSE,N/A,N/A,FALSE,FALSE,FALSE,FALSE,FALSE,FALSE,FALSE,FALSE,FALSE,FALSE,TRUE,FALSE,FALSE,FALSE,FALSE,FALSE,TRUE,TRUE,FALSE,FALSE,FALSE,FALSE,FALSE,5
,Infested Cobblestone,infested_cobblestone,TRUE,FALSE,FALSE,64,FALSE,FALSE,FALSE,TRUE,FALSE,N/A,N/A,N/A,N/A,1,0,1,4,N/A,N/A,N/A,FALSE,FALSE,FALSE,N/A,N/A,FALSE,FALSE,FALSE,FALSE,FALSE,FALSE,FALSE,FALSE,FALSE,FALSE,FALSE,FALSE,FALSE,FALSE,FALSE,FALSE,TRUE,TRUE,FALSE,FALSE,FALSE,FALSE,FALSE,6
,Mossy Cobblestone,mossy_cobblestone,FALSE,FALSE,FALSE,64,TRUE,TRUE,FALSE,TRUE,FALSE,N/A,N/A,N/A,N/A,1,0,1,4,N/A,N/A,N/A,FALSE,FALSE,FALSE,N/A,N/A,FALSE,FALSE,FALSE,FALSE,FALSE,FALSE,FALSE,FALSE,FALSE,TRUE,TRUE,FALSE,FALSE,FALSE,FALSE,FALSE,TRUE,TRUE,FALSE,FALSE,FALSE,FALSE,FALSE,7
,Mossy Cobblestone Slab,mossy_cobblestone_slab,FALSE,FALSE,FALSE,64,TRUE,TRUE,FALSE,TRUE,FALSE,N/A,N/A,N/A,N/A,1,0,1,4,N/A,N/A,N/A,FALSE,FALSE,FALSE,N/A,N/A,FALSE,FALSE,FALSE,FALSE,FALSE,FALSE,FALSE,FALSE,FALSE,FALSE,TRUE,FALSE,FALSE,FALSE,FALSE,FALSE,TRUE,TRUE,FALSE,FALSE,FALSE,FALSE,FALSE,8
,Mossy Cobblestone Stairs,mossy_cobblestone_stairs,FALSE,FALSE,FALSE,64,TRUE,TRUE,FALSE,TRUE,FALSE,N/A,N/A,N/A,N/A,1,0,1,4,N/A,N/A,N/A,FALSE,FALSE,FALSE,N/A,N/A,FALSE,FALSE,FALSE,FALSE,FALSE,FALSE,FALSE,FALSE,FALSE,FALSE,TRUE,FALSE,FALSE,FALSE,FALSE,FALSE,TRUE,TRUE,FALSE,FALSE,FALSE,FALSE,FALSE,9
,Mossy Cobblestone Wall,mossy_cobblestone_wall,FALSE,FALSE,FALSE,64,TRUE,TRUE,FALSE,TRUE,FALSE,N/A,N/A,N/A,N/A,1,0,1,4,N/A,N/A,N/A,FALSE,FALSE,FALSE,N/A,N/A,FALSE,FALSE,FALSE,FALSE,FALSE,FALSE,FALSE,FALSE,FALSE,FALSE,TRUE,FALSE,FALSE,FALSE,FALSE,FALSE,TRUE,TRUE,FALSE,FALSE,FALSE,FALSE,FALSE,10
,Stone,stone,FALSE,FALSE,FALSE,64,TRUE,TRUE,FALSE,TRUE,FALSE,N/A,N/A,0.1,N/A,1,0,1,4,N/A,N/A,N/A,FALSE,FALSE,FALSE,N/A,N/A,FALSE,FALSE,FALSE,FALSE,FALSE,FALSE,TRUE,FALSE,FALSE,TRUE,FALSE,FALSE,TRUE,FALSE,FALSE,TRUE,TRUE,TRUE,FALSE,FALSE,FALSE,FALSE,FALSE,11
,Stone Slab,stone_slab,FALSE,FALSE,FALSE,64,TRUE,TRUE,FALSE,TRUE,FALSE,N/A,N/A,N/A,N/A,1,0,1,4,N/A,N/A,N/A,FALSE,FALSE,FALSE,N/A,N/A,FALSE,FALSE,FALSE,FALSE,FALSE,FALSE,FALSE,FALSE,FALSE,TRUE,TRUE,FALSE,FALSE,FALSE,FALSE,FALSE,TRUE,TRUE,FALSE,FALSE,FALSE,FALSE,FALSE,12
,Stone Stairs,stone_stairs,FALSE,FALSE,FALSE,64,TRUE,TRUE,FALSE,TRUE,FALSE,N/A,N/A,N/A,N/A,1,0,1,4,N/A,N/A,N/A,FALSE,FALSE,FALSE,N/A,N/A,FALSE,FALSE,FALSE,FALSE,FALSE,FALSE,FALSE,FALSE,FALSE,FALSE,TRUE,FALSE,FALSE,FALSE,FALSE,FALSE,TRUE,TRUE,FALSE,FALSE,FALSE,FALSE,FALSE,13
,Infested Stone,infested_stone,TRUE,FALSE,FALSE,64,FALSE,FALSE,FALSE,TRUE,FALSE,N/A,N/A,N/A,N/A,1,0,1,4,N/A,N/A,N/A,FALSE,FALSE,FALSE,N/A,N/A,FALSE,FALSE,FALSE,FALSE,FALSE,FALSE,FALSE,FALSE,FALSE,FALSE,TRUE,FALSE,FALSE,FALSE,FALSE,FALSE,TRUE,TRUE,FALSE,FALSE,FALSE,FALSE,FALSE,14
,Smooth Stone,smooth_stone,FALSE,FALSE,FALSE,64,TRUE,TRUE,FALSE,TRUE,FALSE,N/A,N/A,N/A,N/A,1,0,1,4,N/A,N/A,N/A,FALSE,FALSE,FALSE,N/A,N/A,FALSE,FALSE,FALSE,FALSE,FALSE,FALSE,FALSE,FALSE,FALSE,TRUE,FALSE,FALSE,FALSE,FALSE,FALSE,TRUE,TRUE,TRUE,FALSE,FALSE,FALSE,FALSE,FALSE,15
,Smooth Stone Slab,smooth_stone_slab,FALSE,FALSE,FALSE,64,TRUE,TRUE,FALSE,TRUE,FALSE,N/A,N/A,N/A,N/A,1,0,1,4,N/A,N/A,N/A,FALSE,FALSE,FALSE,N/A,N/A,FALSE,FALSE,FALSE,FALSE,FALSE,FALSE,FALSE,FALSE,FALSE,TRUE,TRUE,FALSE,FALSE,FALSE,FALSE,FALSE,TRUE,TRUE,FALSE,FALSE,FALSE,FALSE,FALSE,16
,Stone Bricks,stone_bricks,FALSE,FALSE,FALSE,64,TRUE,TRUE,FALSE,TRUE,FALSE,N/A,N/A,0.1,N/A,1,0,1,4,N/A,N/A,N/A,FALSE,FALSE,FALSE,N/A,N/A,FALSE,FALSE,FALSE,FALSE,FALSE,FALSE,FALSE,FALSE,FALSE,TRUE,TRUE,FALSE,TRUE,FALSE,FALSE,FALSE,TRUE,TRUE,FALSE,FALSE,FALSE,FALSE,FALSE,17
,Stone Brick Slab,stone_brick_slab,FALSE,FALSE,FALSE,64,TRUE,TRUE,FALSE,TRUE,FALSE,N/A,N/A,N/A,N/A,1,0,1,4,N/A,N/A,N/A,FALSE,FALSE,FALSE,N/A,N/A,FALSE,FALSE,FALSE,FALSE,FALSE,FALSE,FALSE,FALSE,FALSE,TRUE,TRUE,FALSE,FALSE,FALSE,FALSE,FALSE,TRUE,TRUE,FALSE,FALSE,FALSE,FALSE,FALSE,18
,Stone Brick Stairs,stone_brick_stairs,FALSE,FALSE,FALSE,64,TRUE,TRUE,FALSE,TRUE,FALSE,N/A,N/A,N/A,N/A,1,0,1,4,N/A,N/A,N/A,FALSE,FALSE,FALSE,N/A,N/A,FALSE,FALSE,FALSE,FALSE,FALSE,FALSE,FALSE,FALSE,FALSE,FALSE,TRUE,FALSE,FALSE,FALSE,FALSE,FALSE,TRUE,TRUE,FALSE,FALSE,FALSE,FALSE,FALSE,19
,Stone Brick Wall,stone_brick_wall,FALSE,FALSE,FALSE,64,TRUE,TRUE,FALSE,TRUE,FALSE,N/A,N/A,N/A,N/A,1,0,1,4,N/A,N/A,N/A,FALSE,FALSE,FALSE,N/A,N/A,FALSE,FALSE,FALSE,FALSE,FALSE,FALSE,FALSE,FALSE,FALSE,FALSE,TRUE,FALSE,FALSE,FALSE,FALSE,FALSE,TRUE,TRUE,FALSE,FALSE,FALSE,FALSE,FALSE,20
,Infested Stone Bricks,infested_stone_bricks,TRUE,FALSE,FALSE,64,FALSE,FALSE,FALSE,TRUE,FALSE,N/A,N/A,N/A,N/A,1,0,1,4,N/A,N/A,N/A,FALSE,FALSE,FALSE,N/A,N/A,FALSE,FALSE,FALSE,FALSE,FALSE,FALSE,FALSE,FALSE,FALSE,FALSE,FALSE,FALSE,FALSE,FALSE,FALSE,FALSE,TRUE,TRUE,FALSE,FALSE,FALSE,FALSE,FALSE,21
,Cracked Stone Bricks,cracked_stone_bricks,FALSE,FALSE,FALSE,64,TRUE,TRUE,FALSE,TRUE,FALSE,N/A,N/A,N/A,N/A,1,0,1,4,N/A,N/A,N/A,FALSE,FALSE,FALSE,N/A,N/A,FALSE,FALSE,FALSE,FALSE,FALSE,FALSE,FALSE,FALSE,FALSE,FALSE,FALSE,FALSE,FALSE,FALSE,FALSE,TRUE,TRUE,TRUE,FALSE,FALSE,FALSE,FALSE,FALSE,22
,Infested Cracked Stone Bricks,infested_cracked_stone_bricks,TRUE,FALSE,FALSE,64,FALSE,FALSE,FALSE,TRUE,FALSE,N/A,N/A,N/A,N/A,1,0,1,4,N/A,N/A,N/A,FALSE,FALSE,FALSE,N/A,N/A,FALSE,FALSE,FALSE,FALSE,FALSE,FALSE,FALSE,FALSE,FALSE,FALSE,FALSE,FALSE,FALSE,FALSE,FALSE,FALSE,TRUE,TRUE,FALSE,FALSE,FALSE,FALSE,FALSE,23
,Chiseled Stone Bricks,chiseled_stone_bricks,FALSE,FALSE,FALSE,64,TRUE,TRUE,FALSE,TRUE,FALSE,N/A,N/A,N/A,N/A,1,0,1,4,N/A,N/A,N/A,FALSE,FALSE,FALSE,N/A,N/A,FALSE,FALSE,FALSE,FALSE,FALSE,TRUE,FALSE,FALSE,FALSE,TRUE,TRUE,FALSE,FALSE,FALSE,FALSE,FALSE,TRUE,TRUE,FALSE,FALSE,FALSE,FALSE,FALSE,24
,Infested Chiseled Stone Bricks,infested_chiseled_stone_bricks,TRUE,FALSE,FALSE,64,FALSE,FALSE,FALSE,TRUE,FALSE,N/A,N/A,N/A,N/A,1,0,1,4,N/A,N/A,N/A,FALSE,FALSE,FALSE,N/A,N/A,FALSE,FALSE,FALSE,FALSE,FALSE,FALSE,FALSE,FALSE,FALSE,FALSE,FALSE,FALSE,FALSE,FALSE,FALSE,FALSE,TRUE,TRUE,FALSE,FALSE,FALSE,FALSE,FALSE,25
,Mossy Stone Bricks,mossy_stone_bricks,FALSE,FALSE,FALSE,64,TRUE,TRUE,FALSE,TRUE,FALSE,N/A,N/A,N/A,N/A,1,0,1,4,N/A,N/A,N/A,FALSE,FALSE,FALSE,N/A,N/A,FALSE,FALSE,FALSE,FALSE,FALSE,FALSE,FALSE,FALSE,FALSE,TRUE,TRUE,FALSE,FALSE,FALSE,FALSE,FALSE,TRUE,TRUE,FALSE,FALSE,FALSE,FALSE,FALSE,26
,Mossy Stone Brick Slab,mossy_stone_brick_slab,FALSE,FALSE,FALSE,64,TRUE,TRUE,FALSE,TRUE,FALSE,N/A,N/A,N/A,N/A,1,0,1,4,N/A,N/A,N/A,FALSE,FALSE,FALSE,N/A,N/A,FALSE,FALSE,FALSE,FALSE,FALSE,FALSE,FALSE,FALSE,FALSE,FALSE,TRUE,FALSE,FALSE,FALSE,FALSE,FALSE,TRUE,TRUE,FALSE,FALSE,FALSE,FALSE,FALSE,27
,Mossy Stone Brick Stairs,mossy_stone_brick_stairs,FALSE,FALSE,FALSE,64,TRUE,TRUE,FALSE,TRUE,FALSE,N/A,N/A,N/A,N/A,1,0,1,4,N/A,N/A,N/A,FALSE,FALSE,FALSE,N/A,N/A,FALSE,FALSE,FALSE,FALSE,FALSE,FALSE,FALSE,FALSE,FALSE,FALSE,TRUE,FALSE,FALSE,FALSE,FALSE,FALSE,TRUE,TRUE,FALSE,FALSE,FALSE,FALSE,FALSE,28
,Mossy Stone Brick Wall,mossy_stone_brick_wall,FALSE,FALSE,FALSE,64,TRUE,TRUE,FALSE,TRUE,FALSE,N/A,N/A,N/A,N/A,1,0,1,4,N/A,N/A,N/A,FALSE,FALSE,FALSE,N/A,N/A,FALSE,FALSE,FALSE,FALSE,FALSE,FALSE,FALSE,FALSE,FALSE,FALSE,TRUE,FALSE,FALSE,FALSE,FALSE,FALSE,TRUE,TRUE,FALSE,FALSE,FALSE,FALSE,FALSE,29
,Infested Mossy Stone Bricks,infested_mossy_stone_bricks,TRUE,FALSE,FALSE,64,FALSE,FALSE,FALSE,TRUE,FALSE,N/A,N/A,N/A,N/A,1,0,1,4,N/A,N/A,N/A,FALSE,FALSE,FALSE,N/A,N/A,FALSE,FALSE,FALSE,FALSE,FALSE,FALSE,FALSE,FALSE,FALSE,FALSE,FALSE,FALSE,FALSE,FALSE,FALSE,FALSE,TRUE,TRUE,FALSE,FALSE,FALSE,FALSE,FALSE,30
,Stone Pressure Plate,stone_pressure_plate,FALSE,FALSE,FALSE,64,TRUE,TRUE,FALSE,TRUE,FALSE,N/A,N/A,N/A,N/A,1,0,1,4,N/A,N/A,N/A,FALSE,FALSE,FALSE,N/A,N/A,FALSE,FALSE,FALSE,FALSE,FALSE,FALSE,FALSE,FALSE,FALSE,TRUE,TRUE,FALSE,FALSE,FALSE,FALSE,FALSE,TRUE,TRUE,FALSE,FALSE,FALSE,FALSE,FALSE,31
,Stone Button,stone_button,FALSE,FALSE,FALSE,64,TRUE,TRUE,FALSE,TRUE,FALSE,N/A,N/A,N/A,N/A,1,0,1,4,N/A,N/A,N/A,FALSE,FALSE,FALSE,N/A,N/A,FALSE,FALSE,FALSE,FALSE,FALSE,FALSE,FALSE,FALSE,FALSE,FALSE,TRUE,FALSE,FALSE,FALSE,FALSE,FALSE,TRUE,TRUE,FALSE,FALSE,FALSE,FALSE,FALSE,32
,Deepslate,deepslate,FALSE,FALSE,FALSE,64,FALSE,FALSE,FALSE,TRUE,FALSE,N/A,N/A,N/A,N/A,1,0,1,4,N/A,N/A,N/A,FALSE,FALSE,FALSE,N/A,N/A,FALSE,FALSE,FALSE,FALSE,FALSE,FALSE,FALSE,FALSE,FALSE,FALSE,FALSE,FALSE,FALSE,FALSE,FALSE,TRUE,TRUE,TRUE,FALSE,FALSE,FALSE,FALSE,FALSE,33
,Cobbled Deepslate,cobbled_deepslate,FALSE,FALSE,FALSE,64,FALSE,FALSE,FALSE,TRUE,FALSE,N/A,N/A,0.1,N/A,1,0,1,4,N/A,N/A,N/A,FALSE,FALSE,FALSE,N/A,N/A,FALSE,FALSE,FALSE,FALSE,FALSE,FALSE,FALSE,FALSE,FALSE,TRUE,FALSE,TRUE,TRUE,FALSE,FALSE,FALSE,TRUE,TRUE,FALSE,FALSE,FALSE,FALSE,FALSE,34
,Cobbled Deepslate Slab,cobbled_deepslate_slab,FALSE,FALSE,FALSE,64,FALSE,FALSE,FALSE,TRUE,FALSE,N/A,N/A,N/A,N/A,1,0,1,4,N/A,N/A,N/A,FALSE,FALSE,FALSE,N/A,N/A,FALSE,FALSE,FALSE,FALSE,FALSE,FALSE,FALSE,FALSE,FALSE,TRUE,TRUE,FALSE,FALSE,FALSE,FALSE,FALSE,TRUE,TRUE,FALSE,FALSE,FALSE,FALSE,FALSE,35
,Cobbled Deepslate Stairs,cobbled_deepslate_stairs,FALSE,FALSE,FALSE,64,FALSE,FALSE,FALSE,TRUE,FALSE,N/A,N/A,N/A,N/A,1,0,1,4,N/A,N/A,N/A,FALSE,FALSE,FALSE,N/A,N/A,FALSE,FALSE,FALSE,FALSE,FALSE,FALSE,FALSE,FALSE,FALSE,FALSE,TRUE,FALSE,FALSE,FALSE,FALSE,FALSE,TRUE,TRUE,FALSE,FALSE,FALSE,FALSE,FALSE,36
,Cobbled Deepslate Wall,cobbled_deepslate_wall,FALSE,FALSE,FALSE,64,FALSE,FALSE,FALSE,TRUE,FALSE,N/A,N/A,N/A,N/A,1,0,1,4,N/A,N/A,N/A,FALSE,FALSE,FALSE,N/A,N/A,FALSE,FALSE,FALSE,FALSE,FALSE,FALSE,FALSE,FALSE,FALSE,FALSE,TRUE,FALSE,FALSE,FALSE,FALSE,FALSE,TRUE,TRUE,FALSE,FALSE,FALSE,FALSE,FALSE,37
,Infested Deepslate,infested_deepslate,TRUE,FALSE,FALSE,64,FALSE,FALSE,FALSE,TRUE,FALSE,N/A,N/A,N/A,N/A,1,0,1,4,N/A,N/A,N/A,FALSE,FALSE,FALSE,N/A,N/A,FALSE,FALSE,FALSE,FALSE,FALSE,FALSE,FALSE,FALSE,FALSE,FALSE,FALSE,FALSE,FALSE,FALSE,FALSE,FALSE,TRUE,TRUE,FALSE,FALSE,FALSE,FALSE,FALSE,38
,Polished Deepslate,polished_deepslate,FALSE,FALSE,FALSE,64,FALSE,FALSE,FALSE,TRUE,FALSE,N/A,N/A,N/A,N/A,1,0,1,4,N/A,N/A,N/A,FALSE,FALSE,FALSE,N/A,N/A,FALSE,FALSE,FALSE,FALSE,FALSE,FALSE,FALSE,FALSE,FALSE,TRUE,TRUE,FALSE,FALSE,FALSE,FALSE,FALSE,TRUE,TRUE,FALSE,FALSE,FALSE,FALSE,FALSE,39
,Polished Deepslate Slab,polished_deepslate_slab,FALSE,FALSE,FALSE,64,FALSE,FALSE,FALSE,TRUE,FALSE,N/A,N/A,N/A,N/A,1,0,1,4,N/A,N/A,N/A,FALSE,FALSE,FALSE,N/A,N/A,FALSE,FALSE,FALSE,FALSE,FALSE,FALSE,FALSE,FALSE,FALSE,FALSE,TRUE,FALSE,FALSE,FALSE,FALSE,FALSE,TRUE,TRUE,FALSE,FALSE,FALSE,FALSE,FALSE,40
,Polished Deepslate Stairs,polished_deepslate_stairs,FALSE,FALSE,FALSE,64,FALSE,FALSE,FALSE,TRUE,FALSE,N/A,N/A,N/A,N/A,1,0,1,4,N/A,N/A,N/A,FALSE,FALSE,FALSE,N/A,N/A,FALSE,FALSE,FALSE,FALSE,FALSE,FALSE,FALSE,FALSE,FALSE,FALSE,TRUE,FALSE,FALSE,FALSE,FALSE,FALSE,TRUE,TRUE,FALSE,FALSE,FALSE,FALSE,FALSE,41
,Polished Deepslate Wall,polished_deepslate_wall,FALSE,FALSE,FALSE,64,FALSE,FALSE,FALSE,TRUE,FALSE,N/A,N/A,N/A,N/A,1,0,1,4,N/A,N/A,N/A,FALSE,FALSE,FALSE,N/A,N/A,FALSE,FALSE,FALSE,FALSE,FALSE,FALSE,FALSE,FALSE,FALSE,FALSE,TRUE,FALSE,FALSE,FALSE,FALSE,FALSE,TRUE,TRUE,FALSE,FALSE,FALSE,FALSE,FALSE,42
,Deepslate Bricks,deepslate_bricks,FALSE,FALSE,FALSE,64,FALSE,FALSE,FALSE,TRUE,FALSE,N/A,N/A,0.1,N/A,1,0,1,4,N/A,N/A,N/A,FALSE,FALSE,FALSE,N/A,N/A,FALSE,FALSE,FALSE,FALSE,FALSE,FALSE,FALSE,FALSE,FALSE,TRUE,TRUE,FALSE,TRUE,FALSE,FALSE,FALSE,TRUE,TRUE,FALSE,FALSE,FALSE,FALSE,FALSE,43
,Deepslate Brick Slab,deepslate_brick_slab,FALSE,FALSE,FALSE,64,FALSE,FALSE,FALSE,TRUE,FALSE,N/A,N/A,N/A,N/A,1,0,1,4,N/A,N/A,N/A,FALSE,FALSE,FALSE,N/A,N/A,FALSE,FALSE,FALSE,FALSE,FALSE,FALSE,FALSE,FALSE,FALSE,FALSE,TRUE,FALSE,FALSE,FALSE,FALSE,FALSE,TRUE,TRUE,FALSE,FALSE,FALSE,FALSE,FALSE,44
,Deepslate Brick Stairs,deepslate_brick_stairs,FALSE,FALSE,FALSE,64,FALSE,FALSE,FALSE,TRUE,FALSE,N/A,N/A,N/A,N/A,1,0,1,4,N/A,N/A,N/A,FALSE,FALSE,FALSE,N/A,N/A,FALSE,FALSE,FALSE,FALSE,FALSE,FALSE,FALSE,FALSE,FALSE,FALSE,TRUE,FALSE,FALSE,FALSE,FALSE,FALSE,TRUE,TRUE,FALSE,FALSE,FALSE,FALSE,FALSE,45
,Deepslate Brick Wall,deepslate_brick_wall,FALSE,FALSE,FALSE,64,FALSE,FALSE,FALSE,TRUE,FALSE,N/A,N/A,N/A,N/A,1,0,1,4,N/A,N/A,N/A,FALSE,FALSE,FALSE,N/A,N/A,FALSE,FALSE,FALSE,FALSE,FALSE,FALSE,FALSE,FALSE,FALSE,FALSE,TRUE,FALSE,FALSE,FALSE,FALSE,FALSE,TRUE,TRUE,FALSE,FALSE,FALSE,FALSE,FALSE,46
,Cracked Deepslate Bricks,cracked_deepslate_bricks,FALSE,FALSE,FALSE,64,FALSE,FALSE,FALSE,TRUE,FALSE,N/A,N/A,N/A,N/A,1,0,1,4,N/A,N/A,N/A,FALSE,FALSE,FALSE,N/A,N/A,FALSE,FALSE,FALSE,FALSE,FALSE,FALSE,FALSE,FALSE,FALSE,FALSE,FALSE,FALSE,FALSE,FALSE,FALSE,TRUE,TRUE,TRUE,FALSE,FALSE,FALSE,FALSE,FALSE,47
,Deepslate Tiles,deepslate_tiles,FALSE,FALSE,FALSE,64,FALSE,FALSE,FALSE,TRUE,FALSE,N/A,N/A,0.1,N/A,1,0,1,4,N/A,N/A,N/A,FALSE,FALSE,FALSE,N/A,N/A,FALSE,FALSE,FALSE,FALSE,FALSE,FALSE,FALSE,FALSE,FALSE,TRUE,TRUE,FALSE,TRUE,FALSE,FALSE,FALSE,TRUE,TRUE,FALSE,FALSE,FALSE,FALSE,FALSE,48
,Deepslate Tile Slab,deepslate_tile_slab,FALSE,FALSE,FALSE,64,FALSE,FALSE,FALSE,TRUE,FALSE,N/A,N/A,N/A,N/A,1,0,1,4,N/A,N/A,N/A,FALSE,FALSE,FALSE,N/A,N/A,FALSE,FALSE,FALSE,FALSE,FALSE,FALSE,FALSE,FALSE,FALSE,FALSE,TRUE,FALSE,FALSE,FALSE,FALSE,FALSE,TRUE,TRUE,FALSE,FALSE,FALSE,FALSE,FALSE,49
,Deepslate Tile Stairs,deepslate_tile_stairs,FALSE,FALSE,FALSE,64,FALSE,FALSE,FALSE,TRUE,FALSE,N/A,N/A,N/A,N/A,1,0,1,4,N/A,N/A,N/A,FALSE,FALSE,FALSE,N/A,N/A,FALSE,FALSE,FALSE,FALSE,FALSE,FALSE,FALSE,FALSE,FALSE,FALSE,TRUE,FALSE,FALSE,FALSE,FALSE,FALSE,TRUE,TRUE,FALSE,FALSE,FALSE,FALSE,FALSE,50
,Deepslate Tile Wall,deepslate_tile_wall,FALSE,FALSE,FALSE,64,FALSE,FALSE,FALSE,TRUE,FALSE,N/A,N/A,N/A,N/A,1,0,1,4,N/A,N/A,N/A,FALSE,FALSE,FALSE,N/A,N/A,FALSE,FALSE,FALSE,FALSE,FALSE,FALSE,FALSE,FALSE,FALSE,FALSE,TRUE,FALSE,FALSE,FALSE,FALSE,FALSE,TRUE,TRUE,FALSE,FALSE,FALSE,FALSE,FALSE,51
,Cracked Deepslate Tiles,cracked_deepslate_tiles,FALSE,FALSE,FALSE,64,FALSE,FALSE,FALSE,TRUE,FALSE,N/A,N/A,N/A,N/A,1,0,1,4,N/A,N/A,N/A,FALSE,FALSE,FALSE,N/A,N/A,FALSE,FALSE,FALSE,FALSE,FALSE,FALSE,FALSE,FALSE,FALSE,FALSE,FALSE,FALSE,FALSE,FALSE,FALSE,TRUE,TRUE,TRUE,FALSE,FALSE,FALSE,FALSE,FALSE,52
,Chiseled Deepslate,chiseled_deepslate,FALSE,FALSE,FALSE,64,FALSE,FALSE,FALSE,TRUE,FALSE,N/A,N/A,N/A,N/A,1,0,1,4,N/A,N/A,N/A,FALSE,FALSE,FALSE,N/A,N/A,FALSE,FALSE,FALSE,FALSE,FALSE,FALSE,FALSE,FALSE,FALSE,FALSE,TRUE,FALSE,FALSE,FALSE,FALSE,FALSE,TRUE,TRUE,FALSE,FALSE,FALSE,FALSE,FALSE,53
,Reinforced Deepslate,reinforced_deepslate,TRUE,FALSE,FALSE,64,FALSE,FALSE,FALSE,TRUE,FALSE,N/A,N/A,N/A,N/A,1,0,1,4,N/A,N/A,N/A,FALSE,FALSE,FALSE,N/A,N/A,FALSE,FALSE,FALSE,FALSE,FALSE,FALSE,FALSE,FALSE,FALSE,FALSE,FALSE,FALSE,FALSE,FALSE,FALSE,FALSE,TRUE,TRUE,FALSE,FALSE,FALSE,FALSE,FALSE,54
,Diorite,diorite,FALSE,FALSE,FALSE,64,TRUE,TRUE,FALSE,TRUE,FALSE,N/A,N/A,N/A,N/A,1,0,1,4,N/A,N/A,N/A,FALSE,FALSE,FALSE,N/A,N/A,FALSE,FALSE,FALSE,FALSE,FALSE,FALSE,TRUE,FALSE,FALSE,TRUE,TRUE,FALSE,FALSE,FALSE,FALSE,FALSE,TRUE,TRUE,FALSE,FALSE,FALSE,FALSE,FALSE,55
,Diorite Slab,diorite_slab,FALSE,FALSE,FALSE,64,TRUE,TRUE,FALSE,TRUE,FALSE,N/A,N/A,N/A,N/A,1,0,1,4,N/A,N/A,N/A,FALSE,FALSE,FALSE,N/A,N/A,FALSE,FALSE,FALSE,FALSE,FALSE,FALSE,FALSE,FALSE,FALSE,FALSE,TRUE,FALSE,FALSE,FALSE,FALSE,FALSE,TRUE,TRUE,FALSE,FALSE,FALSE,FALSE,FALSE,56
,Diorite Stairs,diorite_stairs,FALSE,FALSE,FALSE,64,TRUE,TRUE,FALSE,TRUE,FALSE,N/A,N/A,N/A,N/A,1,0,1,4,N/A,N/A,N/A,FALSE,FALSE,FALSE,N/A,N/A,FALSE,FALSE,FALSE,FALSE,FALSE,FALSE,FALSE,FALSE,FALSE,FALSE,TRUE,FALSE,FALSE,FALSE,FALSE,FALSE,TRUE,TRUE,FALSE,FALSE,FALSE,FALSE,FALSE,57
,Diorite Wall,diorite_wall,FALSE,FALSE,FALSE,64,TRUE,TRUE,FALSE,TRUE,FALSE,N/A,N/A,N/A,N/A,1,0,1,4,N/A,N/A,N/A,FALSE,FALSE,FALSE,N/A,N/A,FALSE,FALSE,FALSE,FALSE,FALSE,FALSE,FALSE,FALSE,FALSE,FALSE,TRUE,FALSE,FALSE,FALSE,FALSE,FALSE,TRUE,TRUE,FALSE,FALSE,FALSE,FALSE,FALSE,58
,Polished Diorite,polished_diorite,FALSE,FALSE,FALSE,64,TRUE,TRUE,FALSE,TRUE,FALSE,N/A,N/A,N/A,N/A,1,0,1,4,N/A,N/A,N/A,FALSE,FALSE,FALSE,N/A,N/A,FALSE,FALSE,FALSE,FALSE,FALSE,TRUE,FALSE,FALSE,FALSE,TRUE,TRUE,FALSE,FALSE,FALSE,FALSE,FALSE,TRUE,TRUE,FALSE,FALSE,FALSE,FALSE,FALSE,59
,Polished Diorite Slab,polished_diorite_slab,FALSE,FALSE,FALSE,64,TRUE,TRUE,FALSE,TRUE,FALSE,N/A,N/A,N/A,N/A,1,0,1,4,N/A,N/A,N/A,FALSE,FALSE,FALSE,N/A,N/A,FALSE,FALSE,FALSE,FALSE,FALSE,FALSE,FALSE,FALSE,FALSE,FALSE,TRUE,FALSE,FALSE,FALSE,FALSE,FALSE,TRUE,TRUE,FALSE,FALSE,FALSE,FALSE,FALSE,60
,Polished Diorite Stairs,polished_diorite_stairs,FALSE,FALSE,FALSE,64,TRUE,TRUE,FALSE,TRUE,FALSE,N/A,N/A,N/A,N/A,1,0,1,4,N/A,N/A,N/A,FALSE,FALSE,FALSE,N/A,N/A,FALSE,FALSE,FALSE,FALSE,FALSE,FALSE,FALSE,FALSE,FALSE,FALSE,TRUE,FALSE,FALSE,FALSE,FALSE,FALSE,TRUE,TRUE,FALSE,FALSE,FALSE,FALSE,FALSE,61
,Andesite,andesite,FALSE,FALSE,FALSE,64,TRUE,TRUE,FALSE,TRUE,FALSE,N/A,N/A,N/A,N/A,1,0,1,4,N/A,N/A,N/A,FALSE,FALSE,FALSE,N/A,N/A,FALSE,FALSE,FALSE,FALSE,FALSE,FALSE,TRUE,FALSE,FALSE,TRUE,TRUE,FALSE,FALSE,FALSE,FALSE,FALSE,TRUE,TRUE,FALSE,FALSE,FALSE,FALSE,FALSE,62
,Andesite Slab,andesite_slab,FALSE,FALSE,FALSE,64,TRUE,TRUE,FALSE,TRUE,FALSE,N/A,N/A,N/A,N/A,1,0,1,4,N/A,N/A,N/A,FALSE,FALSE,FALSE,N/A,N/A,FALSE,FALSE,FALSE,FALSE,FALSE,FALSE,FALSE,FALSE,FALSE,FALSE,TRUE,FALSE,FALSE,FALSE,FALSE,FALSE,TRUE,TRUE,FALSE,FALSE,FALSE,FALSE,FALSE,63
,Andesite Stairs,andesite_stairs,FALSE,FALSE,FALSE,64,TRUE,TRUE,FALSE,TRUE,FALSE,N/A,N/A,N/A,N/A,1,0,1,4,N/A,N/A,N/A,FALSE,FALSE,FALSE,N/A,N/A,FALSE,FALSE,FALSE,FALSE,FALSE,FALSE,FALSE,FALSE,FALSE,FALSE,TRUE,FALSE,FALSE,FALSE,FALSE,FALSE,TRUE,TRUE,FALSE,FALSE,FALSE,FALSE,FALSE,64
,Andesite Wall,andesite_wall,FALSE,FALSE,FALSE,64,TRUE,TRUE,FALSE,TRUE,FALSE,N/A,N/A,N/A,N/A,1,0,1,4,N/A,N/A,N/A,FALSE,FALSE,FALSE,N/A,N/A,FALSE,FALSE,FALSE,FALSE,FALSE,FALSE,FALSE,FALSE,FALSE,FALSE,TRUE,FALSE,FALSE,FALSE,FALSE,FALSE,TRUE,TRUE,FALSE,FALSE,FALSE,FALSE,FALSE,65
,Polished Andesite,polished_andesite,FALSE,FALSE,FALSE,64,TRUE,TRUE,FALSE,TRUE,FALSE,N/A,N/A,N/A,N/A,1,0,1,4,N/A,N/A,N/A,FALSE,FALSE,FALSE,N/A,N/A,FALSE,FALSE,FALSE,FALSE,FALSE,TRUE,FALSE,FALSE,FALSE,TRUE,TRUE,FALSE,FALSE,FALSE,FALSE,FALSE,TRUE,TRUE,FALSE,FALSE,FALSE,FALSE,FALSE,66
,Polished Andesite Slab,polished_andesite_slab,FALSE,FALSE,FALSE,64,TRUE,TRUE,FALSE,TRUE,FALSE,N/A,N/A,N/A,N/A,1,0,1,4,N/A,N/A,N/A,FALSE,FALSE,FALSE,N/A,N/A,FALSE,FALSE,FALSE,FALSE,FALSE,FALSE,FALSE,FALSE,FALSE,FALSE,TRUE,FALSE,FALSE,FALSE,FALSE,FALSE,TRUE,TRUE,FALSE,FALSE,FALSE,FALSE,FALSE,67
,Polished Andesite Stairs,polished_andesite_stairs,FALSE,FALSE,FALSE,64,TRUE,TRUE,FALSE,TRUE,FALSE,N/A,N/A,N/A,N/A,1,0,1,4,N/A,N/A,N/A,FALSE,FALSE,FALSE,N/A,N/A,FALSE,FALSE,FALSE,FALSE,FALSE,FALSE,FALSE,FALSE,FALSE,FALSE,TRUE,FALSE,FALSE,FALSE,FALSE,FALSE,TRUE,TRUE,FALSE,FALSE,FALSE,FALSE,FALSE,68
,Granite,granite,FALSE,FALSE,FALSE,64,TRUE,TRUE,FALSE,TRUE,FALSE,N/A,N/A,N/A,N/A,1,0,1,4,N/A,N/A,N/A,FALSE,FALSE,FALSE,N/A,N/A,FALSE,FALSE,FALSE,FALSE,FALSE,FALSE,TRUE,FALSE,FALSE,TRUE,TRUE,FALSE,FALSE,FALSE,FALSE,FALSE,TRUE,TRUE,FALSE,FALSE,FALSE,FALSE,FALSE,69
,Granite Slab,granite_slab,FALSE,FALSE,FALSE,64,TRUE,TRUE,FALSE,TRUE,FALSE,N/A,N/A,N/A,N/A,1,0,1,4,N/A,N/A,N/A,FALSE,FALSE,FALSE,N/A,N/A,FALSE,FALSE,FALSE,FALSE,FALSE,FALSE,FALSE,FALSE,FALSE,FALSE,TRUE,FALSE,FALSE,FALSE,FALSE,FALSE,TRUE,TRUE,FALSE,FALSE,FALSE,FALSE,FALSE,70
,Granite Stairs,granite_stairs,FALSE,FALSE,FALSE,64,TRUE,TRUE,FALSE,TRUE,FALSE,N/A,N/A,N/A,N/A,1,0,1,4,N/A,N/A,N/A,FALSE,FALSE,FALSE,N/A,N/A,FALSE,FALSE,FALSE,FALSE,FALSE,FALSE,FALSE,FALSE,FALSE,FALSE,TRUE,FALSE,FALSE,FALSE,FALSE,FALSE,TRUE,TRUE,FALSE,FALSE,FALSE,FALSE,FALSE,71
,Granite Wall,granite_wall,FALSE,FALSE,FALSE,64,TRUE,TRUE,FALSE,TRUE,FALSE,N/A,N/A,N/A,N/A,1,0,1,4,N/A,N/A,N/A,FALSE,FALSE,FALSE,N/A,N/A,FALSE,FALSE,FALSE,FALSE,FALSE,FALSE,FALSE,FALSE,FALSE,FALSE,TRUE,FALSE,FALSE,FALSE,FALSE,FALSE,TRUE,TRUE,FALSE,FALSE,FALSE,FALSE,FALSE,72
,Polished Granite,polished_granite,FALSE,FALSE,FALSE,64,TRUE,TRUE,FALSE,TRUE,FALSE,N/A,N/A,N/A,N/A,1,0,1,4,N/A,N/A,N/A,FALSE,FALSE,FALSE,N/A,N/A,FALSE,FALSE,FALSE,FALSE,FALSE,TRUE,FALSE,FALSE,FALSE,TRUE,TRUE,FALSE,FALSE,FALSE,FALSE,FALSE,TRUE,TRUE,FALSE,FALSE,FALSE,FALSE,FALSE,73
,Polished Granite Slab,polished_granite_slab,FALSE,FALSE,FALSE,64,TRUE,TRUE,FALSE,TRUE,FALSE,N/A,N/A,N/A,N/A,1,0,1,4,N/A,N/A,N/A,FALSE,FALSE,FALSE,N/A,N/A,FALSE,FALSE,FALSE,FALSE,FALSE,FALSE,FALSE,FALSE,FALSE,FALSE,TRUE,FALSE,FALSE,FALSE,FALSE,FALSE,TRUE,TRUE,FALSE,FALSE,FALSE,FALSE,FALSE,74
,Polished Granite Stairs,polished_granite_stairs,FALSE,FALSE,FALSE,64,TRUE,TRUE,FALSE,TRUE,FALSE,N/A,N/A,N/A,N/A,1,0,1,4,N/A,N/A,N/A,FALSE,FALSE,FALSE,N/A,N/A,FALSE,FALSE,FALSE,FALSE,FALSE,FALSE,FALSE,FALSE,FALSE,FALSE,TRUE,FALSE,FALSE,FALSE,FALSE,FALSE,TRUE,TRUE,FALSE,FALSE,FALSE,FALSE,FALSE,75
,Tuff,tuff,FALSE,FALSE,FALSE,64,FALSE,FALSE,FALSE,TRUE,FALSE,N/A,N/A,N/A,N/A,1,0,1,4,N/A,N/A,N/A,FALSE,FALSE,FALSE,N/A,N/A,FALSE,FALSE,FALSE,FALSE,FALSE,FALSE,FALSE,FALSE,FALSE,FALSE,FALSE,FALSE,FALSE,FALSE,FALSE,FALSE,TRUE,TRUE,FALSE,FALSE,FALSE,FALSE,FALSE,76
,Tuff Slab,tuff_slab,FALSE,FALSE,FALSE,64,FALSE,FALSE,FALSE,TRUE,FALSE,N/A,N/A,N/A,N/A,1,0,1,4,N/A,N/A,N/A,FALSE,FALSE,FALSE,N/A,N/A,FALSE,FALSE,FALSE,FALSE,FALSE,FALSE,FALSE,FALSE,FALSE,FALSE,TRUE,FALSE,FALSE,FALSE,FALSE,FALSE,TRUE,TRUE,FALSE,FALSE,FALSE,FALSE,FALSE,77
,Tuff Stairs,tuff_stairs,FALSE,FALSE,FALSE,64,FALSE,FALSE,FALSE,TRUE,FALSE,N/A,N/A,N/A,N/A,1,0,1,4,N/A,N/A,N/A,FALSE,FALSE,FALSE,N/A,N/A,FALSE,FALSE,FALSE,FALSE,FALSE,FALSE,FALSE,FALSE,FALSE,FALSE,TRUE,FALSE,FALSE,FALSE,FALSE,FALSE,TRUE,TRUE,FALSE,FALSE,FALSE,FALSE,FALSE,78
,Tuff Wall,tuff_wall,FALSE,FALSE,FALSE,64,FALSE,FALSE,FALSE,TRUE,FALSE,N/A,N/A,N/A,N/A,1,0,1,4,N/A,N/A,N/A,FALSE,FALSE,FALSE,N/A,N/A,FALSE,FALSE,FALSE,FALSE,FALSE,FALSE,FALSE,FALSE,FALSE,FALSE,TRUE,FALSE,FALSE,FALSE,FALSE,FALSE,TRUE,TRUE,FALSE,FALSE,FALSE,FALSE,FALSE,79
,Chiseled Tuff,chiseled_tuff,FALSE,FALSE,FALSE,64,FALSE,FALSE,FALSE,TRUE,FALSE,N/A,N/A,N/A,N/A,1,0,1,4,N/A,N/A,N/A,FALSE,FALSE,FALSE,N/A,N/A,FALSE,FALSE,FALSE,FALSE,FALSE,FALSE,FALSE,FALSE,FALSE,FALSE,TRUE,FALSE,FALSE,FALSE,FALSE,FALSE,TRUE,TRUE,FALSE,FALSE,FALSE,FALSE,FALSE,80
,Polished Tuff,polished_tuff,FALSE,FALSE,FALSE,64,FALSE,FALSE,FALSE,TRUE,FALSE,N/A,N/A,N/A,N/A,1,0,1,4,N/A,N/A,N/A,FALSE,FALSE,FALSE,N/A,N/A,FALSE,FALSE,FALSE,FALSE,FALSE,FALSE,FALSE,FALSE,FALSE,FALSE,TRUE,FALSE,FALSE,FALSE,FALSE,FALSE,TRUE,TRUE,FALSE,FALSE,FALSE,FALSE,FALSE,81
,Polished Tuff Slab,polished_tuff_slab,FALSE,FALSE,FALSE,64,FALSE,FALSE,FALSE,TRUE,FALSE,N/A,N/A,N/A,N/A,1,0,1,4,N/A,N/A,N/A,FALSE,FALSE,FALSE,N/A,N/A,FALSE,FALSE,FALSE,FALSE,FALSE,FALSE,FALSE,FALSE,FALSE,FALSE,TRUE,FALSE,FALSE,FALSE,FALSE,FALSE,TRUE,TRUE,FALSE,FALSE,FALSE,FALSE,FALSE,82
,Polished Tuff Stairs,polished_tuff_stairs,FALSE,FALSE,FALSE,64,FALSE,FALSE,FALSE,TRUE,FALSE,N/A,N/A,N/A,N/A,1,0,1,4,N/A,N/A,N/A,FALSE,FALSE,FALSE,N/A,N/A,FALSE,FALSE,FALSE,FALSE,FALSE,FALSE,FALSE,FALSE,FALSE,FALSE,TRUE,FALSE,FALSE,FALSE,FALSE,FALSE,TRUE,TRUE,FALSE,FALSE,FALSE,FALSE,FALSE,83
,Polished Tuff Wall,polished_tuff_wall,FALSE,FALSE,FALSE,64,FALSE,FALSE,FALSE,TRUE,FALSE,N/A,N/A,N/A,N/A,1,0,1,4,N/A,N/A,N/A,FALSE,FALSE,FALSE,N/A,N/A,FALSE,FALSE,FALSE,FALSE,FALSE,FALSE,FALSE,FALSE,FALSE,FALSE,TRUE,FALSE,FALSE,FALSE,FALSE,FALSE,TRUE,TRUE,FALSE,FALSE,FALSE,FALSE,FALSE,84
,Tuff Bricks,tuff_bricks,FALSE,FALSE,FALSE,64,FALSE,FALSE,FALSE,TRUE,FALSE,N/A,N/A,N/A,N/A,1,0,1,4,N/A,N/A,N/A,FALSE,FALSE,FALSE,N/A,N/A,FALSE,FALSE,FALSE,FALSE,FALSE,FALSE,FALSE,FALSE,FALSE,FALSE,TRUE,FALSE,FALSE,FALSE,FALSE,FALSE,TRUE,TRUE,FALSE,FALSE,FALSE,FALSE,FALSE,85
,Tuff Brick Slab,tuff_brick_slab,FALSE,FALSE,FALSE,64,FALSE,FALSE,FALSE,TRUE,FALSE,N/A,N/A,N/A,N/A,1,0,1,4,N/A,N/A,N/A,FALSE,FALSE,FALSE,N/A,N/A,FALSE,FALSE,FALSE,FALSE,FALSE,FALSE,FALSE,FALSE,FALSE,FALSE,TRUE,FALSE,FALSE,FALSE,FALSE,FALSE,TRUE,TRUE,FALSE,FALSE,FALSE,FALSE,FALSE,86
,Tuff Brick Stairs,tuff_brick_stairs,FALSE,FALSE,FALSE,64,FALSE,FALSE,FALSE,TRUE,FALSE,N/A,N/A,N/A,N/A,1,0,1,4,N/A,N/A,N/A,FALSE,FALSE,FALSE,N/A,N/A,FALSE,FALSE,FALSE,FALSE,FALSE,FALSE,FALSE,FALSE,FALSE,FALSE,TRUE,FALSE,FALSE,FALSE,FALSE,FALSE,TRUE,TRUE,FALSE,FALSE,FALSE,FALSE,FALSE,87
,Tuff Brick Wall,tuff_brick_wall,FALSE,FALSE,FALSE,64,FALSE,FALSE,FALSE,TRUE,FALSE,N/A,N/A,N/A,N/A,1,0,1,4,N/A,N/A,N/A,FALSE,FALSE,FALSE,N/A,N/A,FALSE,FALSE,FALSE,FALSE,FALSE,FALSE,FALSE,FALSE,FALSE,FALSE,TRUE,FALSE,FALSE,FALSE,FALSE,FALSE,TRUE,TRUE,FALSE,FALSE,FALSE,FALSE,FALSE,88
,Chiseled Tuff Bricks,chiseled_tuff_bricks,FALSE,FALSE,FALSE,64,FALSE,FALSE,FALSE,TRUE,FALSE,N/A,N/A,N/A,N/A,1,0,1,4,N/A,N/A,N/A,FALSE,FALSE,FALSE,N/A,N/A,FALSE,FALSE,FALSE,FALSE,FALSE,FALSE,FALSE,FALSE,FALSE,FALSE,TRUE,FALSE,FALSE,FALSE,FALSE,FALSE,TRUE,TRUE,FALSE,FALSE,FALSE,FALSE,FALSE,89
,Calcite,calcite,FALSE,FALSE,FALSE,64,FALSE,FALSE,FALSE,TRUE,FALSE,N/A,N/A,N/A,N/A,1,0,1,4,N/A,N/A,N/A,FALSE,FALSE,FALSE,N/A,N/A,FALSE,FALSE,FALSE,FALSE,FALSE,FALSE,FALSE,FALSE,FALSE,FALSE,FALSE,FALSE,FALSE,FALSE,FALSE,FALSE,TRUE,TRUE,FALSE,FALSE,FALSE,FALSE,FALSE,90
,Dripstone Block,dripstone_block,FALSE,FALSE,FALSE,64,TRUE,TRUE,FALSE,TRUE,FALSE,N/A,N/A,N/A,N/A,1,0,1,4,N/A,N/A,N/A,FALSE,FALSE,FALSE,N/A,N/A,FALSE,FALSE,FALSE,FALSE,FALSE,TRUE,FALSE,FALSE,FALSE,FALSE,TRUE,FALSE,FALSE,FALSE,FALSE,FALSE,TRUE,TRUE,FALSE,FALSE,FALSE,FALSE,FALSE,91
,Pointed Dripstone,pointed_dripstone,FALSE,FALSE,FALSE,64,TRUE,TRUE,FALSE,TRUE,FALSE,N/A,N/A,N/A,N/A,1,0,1,4,N/A,N/A,N/A,FALSE,FALSE,FALSE,N/A,N/A,FALSE,FALSE,FALSE,FALSE,FALSE,FALSE,FALSE,TRUE,FALSE,TRUE,FALSE,FALSE,FALSE,FALSE,FALSE,FALSE,TRUE,TRUE,FALSE,FALSE,FALSE,TRUE,FALSE,92
,Dirt,dirt,FALSE,FALSE,FALSE,64,TRUE,TRUE,TRUE,TRUE,FALSE,N/A,N/A,N/A,N/A,1,0,1,4,N/A,N/A,N/A,FALSE,FALSE,FALSE,N/A,N/A,FALSE,FALSE,FALSE,FALSE,FALSE,FALSE,FALSE,FALSE,FALSE,TRUE,FALSE,FALSE,FALSE,FALSE,FALSE,FALSE,TRUE,TRUE,FALSE,FALSE,FALSE,FALSE,FALSE,93
,Grass Block,grass_block,FALSE,FALSE,FALSE,64,TRUE,TRUE,TRUE,TRUE,FALSE,N/A,N/A,N/A,N/A,1,0,1,4,N/A,N/A,N/A,FALSE,FALSE,FALSE,N/A,N/A,FALSE,FALSE,FALSE,FALSE,FALSE,FALSE,FALSE,FALSE,FALSE,FALSE,FALSE,FALSE,FALSE,FALSE,FALSE,FALSE,TRUE,TRUE,FALSE,FALSE,FALSE,FALSE,FALSE,94
,Mycelium,mycelium,FALSE,FALSE,FALSE,64,TRUE,TRUE,TRUE,TRUE,FALSE,N/A,N/A,N/A,N/A,1,0,1,4,N/A,N/A,N/A,FALSE,FALSE,FALSE,N/A,N/A,FALSE,FALSE,FALSE,FALSE,FALSE,FALSE,FALSE,FALSE,FALSE,FALSE,FALSE,FALSE,FALSE,FALSE,FALSE,FALSE,TRUE,TRUE,FALSE,FALSE,FALSE,FALSE,FALSE,95
,Podzol,podzol,FALSE,FALSE,FALSE,64,TRUE,TRUE,FALSE,TRUE,FALSE,N/A,N/A,N/A,N/A,1,0,1,4,N/A,N/A,N/A,FALSE,FALSE,FALSE,N/A,N/A,FALSE,FALSE,FALSE,FALSE,FALSE,FALSE,FALSE,TRUE,FALSE,FALSE,FALSE,FALSE,FALSE,FALSE,FALSE,FALSE,TRUE,TRUE,FALSE,FALSE,FALSE,FALSE,FALSE,96
,Coarse Dirt,coarse_dirt,FALSE,FALSE,FALSE,64,TRUE,TRUE,TRUE,TRUE,FALSE,N/A,N/A,N/A,N/A,1,0,1,4,N/A,N/A,N/A,FALSE,FALSE,FALSE,N/A,N/A,FALSE,FALSE,FALSE,FALSE,FALSE,FALSE,FALSE,FALSE,FALSE,FALSE,TRUE,FALSE,FALSE,FALSE,FALSE,FALSE,TRUE,TRUE,FALSE,FALSE,FALSE,FALSE,FALSE,97
,Rooted Dirt,rooted_dirt,FALSE,FALSE,FALSE,64,TRUE,TRUE,FALSE,TRUE,FALSE,N/A,N/A,N/A,N/A,1,0,1,4,N/A,N/A,N/A,FALSE,FALSE,FALSE,N/A,N/A,FALSE,FALSE,FALSE,FALSE,FALSE,FALSE,FALSE,TRUE,FALSE,FALSE,FALSE,FALSE,FALSE,FALSE,FALSE,FALSE,TRUE,TRUE,FALSE,FALSE,FALSE,FALSE,FALSE,98
,Dirt Path,dirt_path,TRUE,FALSE,FALSE,64,FALSE,FALSE,FALSE,TRUE,FALSE,N/A,N/A,N/A,N/A,1,0,1,4,N/A,N/A,N/A,FALSE,FALSE,FALSE,N/A,N/A,FALSE,FALSE,FALSE,FALSE,FALSE,FALSE,FALSE,FALSE,FALSE,FALSE,FALSE,FALSE,FALSE,FALSE,FALSE,FALSE,TRUE,TRUE,FALSE,FALSE,FALSE,FALSE,FALSE,99
,Farmland,farmland,TRUE,FALSE,FALSE,64,FALSE,FALSE,FALSE,TRUE,FALSE,N/A,N/A,N/A,N/A,1,0,1,4,N/A,N/A,N/A,FALSE,FALSE,FALSE,N/A,N/A,FALSE,FALSE,FALSE,FALSE,FALSE,FALSE,FALSE,FALSE,FALSE,FALSE,FALSE,FALSE,FALSE,FALSE,FALSE,FALSE,TRUE,TRUE,FALSE,FALSE,FALSE,FALSE,FALSE,100
,Oak Log,oak_log,FALSE,FALSE,FALSE,64,TRUE,TRUE,FALSE,TRUE,FALSE,N/A,15,0.15,N/A,1,0,1,4,N/A,N/A,N/A,FALSE,FALSE,FALSE,N/A,N/A,FALSE,FALSE,FALSE,FALSE,FALSE,FALSE,FALSE,FALSE,FALSE,TRUE,FALSE,FALSE,TRUE,FALSE,FALSE,FALSE,TRUE,TRUE,FALSE,FALSE,FALSE,FALSE,FALSE,101
,Oak Wood,oak_wood,FALSE,FALSE,FALSE,64,TRUE,TRUE,FALSE,TRUE,FALSE,N/A,15,0.15,N/A,1,0,1,4,N/A,N/A,N/A,FALSE,FALSE,FALSE,N/A,N/A,FALSE,FALSE,FALSE,FALSE,FALSE,FALSE,FALSE,FALSE,FALSE,TRUE,TRUE,FALSE,TRUE,FALSE,FALSE,FALSE,TRUE,TRUE,FALSE,FALSE,FALSE,FALSE,FALSE,102
,Stripped Oak Log,stripped_oak_log,FALSE,FALSE,FALSE,64,TRUE,TRUE,TRUE,TRUE,FALSE,N/A,15,0.15,N/A,1,0,1,4,N/A,N/A,N/A,FALSE,FALSE,FALSE,N/A,N/A,FALSE,FALSE,FALSE,FALSE,FALSE,FALSE,FALSE,FALSE,FALSE,TRUE,FALSE,FALSE,TRUE,FALSE,FALSE,FALSE,TRUE,TRUE,FALSE,FALSE,FALSE,FALSE,FALSE,103
,Stripped Oak Wood,stripped_oak_wood,FALSE,FALSE,FALSE,64,TRUE,TRUE,TRUE,TRUE,FALSE,N/A,15,0.15,N/A,1,0,1,4,N/A,N/A,N/A,FALSE,FALSE,FALSE,N/A,N/A,FALSE,FALSE,FALSE,FALSE,FALSE,FALSE,FALSE,FALSE,FALSE,TRUE,TRUE,FALSE,TRUE,FALSE,FALSE,FALSE,TRUE,TRUE,FALSE,FALSE,FALSE,FALSE,FALSE,104
,Oak Planks,oak_planks,FALSE,FALSE,FALSE,64,TRUE,TRUE,FALSE,TRUE,FALSE,N/A,15,N/A,N/A,1,0,1,4,N/A,N/A,N/A,FALSE,FALSE,FALSE,N/A,N/A,FALSE,FALSE,FALSE,FALSE,FALSE,FALSE,FALSE,FALSE,FALSE,TRUE,TRUE,TRUE,FALSE,FALSE,FALSE,FALSE,TRUE,TRUE,FALSE,FALSE,FALSE,FALSE,FALSE,105
,Oak Slab,oak_slab,FALSE,FALSE,FALSE,64,TRUE,TRUE,FALSE,TRUE,FALSE,N/A,7.5,N/A,N/A,1,0,1,4,N/A,N/A,N/A,FALSE,FALSE,FALSE,N/A,N/A,FALSE,FALSE,FALSE,FALSE,FALSE,FALSE,FALSE,FALSE,FALSE,TRUE,TRUE,FALSE,FALSE,FALSE,FALSE,FALSE,TRUE,TRUE,FALSE,FALSE,FALSE,FALSE,FALSE,106
,Oak Stairs,oak_stairs,FALSE,FALSE,FALSE,64,TRUE,TRUE,FALSE,TRUE,FALSE,N/A,15,N/A,N/A,1,0,1,4,N/A,N/A,N/A,FALSE,FALSE,FALSE,N/A,N/A,FALSE,FALSE,FALSE,FALSE,FALSE,FALSE,FALSE,FALSE,FALSE,FALSE,TRUE,FALSE,FALSE,FALSE,FALSE,FALSE,TRUE,TRUE,FALSE,FALSE,FALSE,FALSE,FALSE,107
,Oak Fence,oak_fence,FALSE,FALSE,FALSE,64,TRUE,TRUE,FALSE,TRUE,FALSE,N/A,15,N/A,N/A,1,0,1,4,N/A,N/A,N/A,FALSE,FALSE,FALSE,N/A,N/A,FALSE,FALSE,FALSE,FALSE,FALSE,FALSE,FALSE,FALSE,FALSE,FALSE,TRUE,FALSE,FALSE,FALSE,FALSE,FALSE,TRUE,TRUE,FALSE,FALSE,FALSE,FALSE,FALSE,108
,Oak Fence Gate,oak_fence_gate,FALSE,FALSE,FALSE,64,TRUE,TRUE,FALSE,TRUE,FALSE,N/A,15,N/A,N/A,1,0,1,4,N/A,N/A,N/A,FALSE,FALSE,FALSE,N/A,N/A,FALSE,FALSE,FALSE,FALSE,FALSE,FALSE,FALSE,FALSE,FALSE,FALSE,TRUE,FALSE,FALSE,FALSE,FALSE,FALSE,TRUE,TRUE,FALSE,FALSE,FALSE,FALSE,FALSE,109
,Oak Door,oak_door,FALSE,FALSE,FALSE,64,TRUE,TRUE,FALSE,TRUE,FALSE,N/A,10,N/A,N/A,1,0,1,4,N/A,N/A,N/A,FALSE,FALSE,FALSE,N/A,N/A,FALSE,FALSE,FALSE,FALSE,FALSE,FALSE,FALSE,FALSE,FALSE,FALSE,TRUE,FALSE,FALSE,FALSE,FALSE,FALSE,TRUE,TRUE,FALSE,FALSE,FALSE,TRUE,FALSE,110
,Oak Trapdoor,oak_trapdoor,FALSE,FALSE,FALSE,64,TRUE,TRUE,FALSE,TRUE,FALSE,N/A,15,N/A,N/A,1,0,1,4,N/A,N/A,N/A,FALSE,FALSE,FALSE,N/A,N/A,FALSE,FALSE,FALSE,FALSE,FALSE,FALSE,FALSE,FALSE,FALSE,FALSE,TRUE,FALSE,FALSE,FALSE,FALSE,FALSE,TRUE,TRUE,FALSE,FALSE,FALSE,FALSE,FALSE,111
,Oak Sign,oak_sign,FALSE,FALSE,FALSE,16,TRUE,TRUE,FALSE,TRUE,FALSE,N/A,10,N/A,N/A,1,0,1,4,N/A,N/A,N/A,FALSE,FALSE,FALSE,N/A,N/A,FALSE,FALSE,FALSE,FALSE,FALSE,FALSE,FALSE,FALSE,FALSE,FALSE,TRUE,FALSE,FALSE,FALSE,FALSE,FALSE,TRUE,TRUE,FALSE,FALSE,FALSE,TRUE,FALSE,112
,Oak Hanging Sign,oak_hanging_sign,FALSE,FALSE,FALSE,16,TRUE,TRUE,FALSE,TRUE,FALSE,N/A,10,N/A,N/A,1,0,1,4,N/A,N/A,N/A,FALSE,FALSE,FALSE,N/A,N/A,FALSE,FALSE,FALSE,FALSE,FALSE,FALSE,FALSE,FALSE,FALSE,FALSE,TRUE,FALSE,FALSE,FALSE,FALSE,FALSE,TRUE,TRUE,FALSE,FALSE,FALSE,TRUE,FALSE,113
,Oak Pressure Plate,oak_pressure_plate,FALSE,FALSE,FALSE,64,TRUE,TRUE,FALSE,TRUE,FALSE,N/A,15,N/A,N/A,1,0,1,4,N/A,N/A,N/A,FALSE,FALSE,FALSE,N/A,N/A,FALSE,FALSE,FALSE,FALSE,FALSE,FALSE,FALSE,FALSE,FALSE,FALSE,TRUE,FALSE,FALSE,FALSE,FALSE,FALSE,TRUE,TRUE,FALSE,FALSE,FALSE,FALSE,FALSE,114
,Oak Button,oak_button,FALSE,FALSE,FALSE,64,TRUE,TRUE,FALSE,TRUE,FALSE,N/A,5,N/A,N/A,1,0,1,4,N/A,N/A,N/A,FALSE,FALSE,FALSE,N/A,N/A,FALSE,FALSE,FALSE,FALSE,FALSE,FALSE,FALSE,FALSE,FALSE,FALSE,TRUE,FALSE,FALSE,FALSE,FALSE,FALSE,TRUE,TRUE,FALSE,FALSE,FALSE,FALSE,FALSE,115
,Oak Boat,oak_boat,FALSE,FALSE,FALSE,1,TRUE,TRUE,FALSE,FALSE,TRUE,N/A,60,N/A,N/A,1,0,1,4,N/A,N/A,N/A,FALSE,FALSE,FALSE,N/A,N/A,FALSE,FALSE,FALSE,TRUE,FALSE,FALSE,TRUE,FALSE,FALSE,TRUE,TRUE,FALSE,FALSE,FALSE,FALSE,FALSE,TRUE,TRUE,FALSE,FALSE,FALSE,FALSE,FALSE,116
,Oak Boat With Chest,oak_chest_boat,FALSE,FALSE,FALSE,1,TRUE,TRUE,FALSE,FALSE,TRUE,N/A,60,N/A,N/A,1,0,1,4,N/A,N/A,N/A,FALSE,FALSE,FALSE,N/A,N/A,FALSE,FALSE,FALSE,TRUE,FALSE,FALSE,FALSE,FALSE,FALSE,FALSE,TRUE,FALSE,FALSE,FALSE,FALSE,FALSE,TRUE,TRUE,FALSE,FALSE,FALSE,TRUE,FALSE,117
,Birch Log,birch_log,FALSE,FALSE,FALSE,64,TRUE,TRUE,TRUE,TRUE,FALSE,N/A,15,0.15,N/A,1,0,1,4,N/A,N/A,N/A,FALSE,FALSE,FALSE,N/A,N/A,FALSE,FALSE,FALSE,FALSE,FALSE,FALSE,FALSE,FALSE,FALSE,TRUE,FALSE,FALSE,TRUE,FALSE,FALSE,FALSE,TRUE,TRUE,FALSE,FALSE,FALSE,FALSE,FALSE,118
,Birch Wood,birch_wood,FALSE,FALSE,FALSE,64,TRUE,TRUE,TRUE,TRUE,FALSE,N/A,15,0.15,N/A,1,0,1,4,N/A,N/A,N/A,FALSE,FALSE,FALSE,N/A,N/A,FALSE,FALSE,FALSE,FALSE,FALSE,FALSE,FALSE,FALSE,FALSE,TRUE,TRUE,FALSE,TRUE,FALSE,FALSE,FALSE,TRUE,TRUE,FALSE,FALSE,FALSE,FALSE,FALSE,119
,Stripped Birch Log,stripped_birch_log,FALSE,FALSE,FALSE,64,TRUE,TRUE,TRUE,TRUE,FALSE,N/A,15,0.15,N/A,1,0,1,4,N/A,N/A,N/A,FALSE,FALSE,FALSE,N/A,N/A,FALSE,FALSE,FALSE,FALSE,FALSE,FALSE,FALSE,FALSE,FALSE,TRUE,FALSE,FALSE,TRUE,FALSE,FALSE,FALSE,TRUE,TRUE,FALSE,FALSE,FALSE,FALSE,FALSE,120
,Stripped Birch Wood,stripped_birch_wood,FALSE,FALSE,FALSE,64,TRUE,TRUE,TRUE,TRUE,FALSE,N/A,15,0.15,N/A,1,0,1,4,N/A,N/A,N/A,FALSE,FALSE,FALSE,N/A,N/A,FALSE,FALSE,FALSE,FALSE,FALSE,FALSE,FALSE,FALSE,FALSE,TRUE,TRUE,FALSE,TRUE,FALSE,FALSE,FALSE,TRUE,TRUE,FALSE,FALSE,FALSE,FALSE,FALSE,121
,Birch Planks,birch_planks,FALSE,FALSE,FALSE,64,TRUE,TRUE,TRUE,TRUE,FALSE,N/A,15,N/A,N/A,1,0,1,4,N/A,N/A,N/A,FALSE,FALSE,FALSE,N/A,N/A,FALSE,FALSE,FALSE,FALSE,FALSE,FALSE,FALSE,FALSE,FALSE,TRUE,TRUE,TRUE,FALSE,FALSE,FALSE,FALSE,TRUE,TRUE,FALSE,FALSE,FALSE,FALSE,FALSE,122
,Birch Slab,birch_slab,FALSE,FALSE,FALSE,64,TRUE,TRUE,TRUE,TRUE,FALSE,N/A,7.5,N/A,N/A,1,0,1,4,N/A,N/A,N/A,FALSE,FALSE,FALSE,N/A,N/A,FALSE,FALSE,FALSE,FALSE,FALSE,FALSE,FALSE,FALSE,FALSE,TRUE,TRUE,FALSE,FALSE,FALSE,FALSE,FALSE,TRUE,TRUE,FALSE,FALSE,FALSE,FALSE,FALSE,123
,Birch Stairs,birch_stairs,FALSE,FALSE,FALSE,64,TRUE,TRUE,TRUE,TRUE,FALSE,N/A,15,N/A,N/A,1,0,1,4,N/A,N/A,N/A,FALSE,FALSE,FALSE,N/A,N/A,FALSE,FALSE,FALSE,FALSE,FALSE,FALSE,FALSE,FALSE,FALSE,FALSE,TRUE,FALSE,FALSE,FALSE,FALSE,FALSE,TRUE,TRUE,FALSE,FALSE,FALSE,FALSE,FALSE,124
,Birch Fence,birch_fence,FALSE,FALSE,FALSE,64,TRUE,TRUE,TRUE,TRUE,FALSE,N/A,15,N/A,N/A,1,0,1,4,N/A,N/A,N/A,FALSE,FALSE,FALSE,N/A,N/A,FALSE,FALSE,FALSE,FALSE,FALSE,FALSE,FALSE,FALSE,FALSE,FALSE,TRUE,FALSE,FALSE,FALSE,FALSE,FALSE,TRUE,TRUE,FALSE,FALSE,FALSE,FALSE,FALSE,125
,Birch Fence Gate,birch_fence_gate,FALSE,FALSE,FALSE,64,TRUE,TRUE,TRUE,TRUE,FALSE,N/A,15,N/A,N/A,1,0,1,4,N/A,N/A,N/A,FALSE,FALSE,FALSE,N/A,N/A,FALSE,FALSE,FALSE,FALSE,FALSE,FALSE,FALSE,FALSE,FALSE,FALSE,TRUE,FALSE,FALSE,FALSE,FALSE,FALSE,TRUE,TRUE,FALSE,FALSE,FALSE,FALSE,FALSE,126
,Birch Door,birch_door,FALSE,FALSE,FALSE,64,TRUE,TRUE,TRUE,TRUE,FALSE,N/A,10,N/A,N/A,1,0,1,4,N/A,N/A,N/A,FALSE,FALSE,FALSE,N/A,N/A,FALSE,FALSE,FALSE,FALSE,FALSE,FALSE,FALSE,FALSE,FALSE,FALSE,TRUE,FALSE,FALSE,FALSE,FALSE,FALSE,TRUE,TRUE,FALSE,FALSE,FALSE,TRUE,FALSE,127
,Birch Trapdoor,birch_trapdoor,FALSE,FALSE,FALSE,64,TRUE,TRUE,TRUE,TRUE,FALSE,N/A,15,N/A,N/A,1,0,1,4,N/A,N/A,N/A,FALSE,FALSE,FALSE,N/A,N/A,FALSE,FALSE,FALSE,FALSE,FALSE,FALSE,FALSE,FALSE,FALSE,FALSE,TRUE,FALSE,FALSE,FALSE,FALSE,FALSE,TRUE,TRUE,FALSE,FALSE,FALSE,FALSE,FALSE,128
,Birch Sign,birch_sign,FALSE,FALSE,FALSE,16,TRUE,TRUE,TRUE,TRUE,FALSE,N/A,10,N/A,N/A,1,0,1,4,N/A,N/A,N/A,FALSE,FALSE,FALSE,N/A,N/A,FALSE,FALSE,FALSE,FALSE,FALSE,FALSE,FALSE,FALSE,FALSE,FALSE,TRUE,FALSE,FALSE,FALSE,FALSE,FALSE,TRUE,TRUE,FALSE,FALSE,FALSE,TRUE,FALSE,129
,Birch Hanging Sign,birch_hanging_sign,FALSE,FALSE,FALSE,16,TRUE,TRUE,TRUE,TRUE,FALSE,N/A,10,N/A,N/A,1,0,1,4,N/A,N/A,N/A,FALSE,FALSE,FALSE,N/A,N/A,FALSE,FALSE,FALSE,FALSE,FALSE,FALSE,FALSE,FALSE,FALSE,FALSE,TRUE,FALSE,FALSE,FALSE,FALSE,FALSE,TRUE,TRUE,FALSE,FALSE,FALSE,TRUE,FALSE,130
,Birch Pressure Plate,birch_pressure_plate,FALSE,FALSE,FALSE,64,TRUE,TRUE,TRUE,TRUE,FALSE,N/A,15,N/A,N/A,1,0,1,4,N/A,N/A,N/A,FALSE,FALSE,FALSE,N/A,N/A,FALSE,FALSE,FALSE,FALSE,FALSE,FALSE,FALSE,FALSE,FALSE,FALSE,TRUE,FALSE,FALSE,FALSE,FALSE,FALSE,TRUE,TRUE,FALSE,FALSE,FALSE,FALSE,FALSE,131
,Birch Button,birch_button,FALSE,FALSE,FALSE,64,TRUE,TRUE,TRUE,TRUE,FALSE,N/A,5,N/A,N/A,1,0,1,4,N/A,N/A,N/A,FALSE,FALSE,FALSE,N/A,N/A,FALSE,FALSE,FALSE,FALSE,FALSE,FALSE,FALSE,FALSE,FALSE,FALSE,TRUE,FALSE,FALSE,FALSE,FALSE,FALSE,TRUE,TRUE,FALSE,FALSE,FALSE,FALSE,FALSE,132
,Birch Boat,birch_boat,FALSE,FALSE,FALSE,1,TRUE,TRUE,TRUE,FALSE,TRUE,N/A,60,N/A,N/A,1,0,1,4,N/A,N/A,N/A,FALSE,FALSE,FALSE,N/A,N/A,FALSE,FALSE,FALSE,TRUE,FALSE,FALSE,FALSE,FALSE,FALSE,TRUE,TRUE,FALSE,FALSE,FALSE,FALSE,FALSE,TRUE,TRUE,FALSE,FALSE,FALSE,FALSE,FALSE,133
,Birch Boat With Chest,birch_chest_boat,FALSE,FALSE,FALSE,1,TRUE,TRUE,TRUE,FALSE,TRUE,N/A,60,N/A,N/A,1,0,1,4,N/A,N/A,N/A,FALSE,FALSE,FALSE,N/A,N/A,FALSE,FALSE,FALSE,TRUE,FALSE,FALSE,FALSE,FALSE,FALSE,FALSE,TRUE,FALSE,FALSE,FALSE,FALSE,FALSE,TRUE,TRUE,FALSE,FALSE,FALSE,FALSE,FALSE,134
,Spruce Log,spruce_log,FALSE,FALSE,FALSE,64,TRUE,TRUE,TRUE,TRUE,FALSE,N/A,15,0.15,N/A,1,0,1,4,N/A,N/A,N/A,FALSE,FALSE,FALSE,N/A,N/A,FALSE,FALSE,FALSE,FALSE,FALSE,FALSE,FALSE,FALSE,FALSE,TRUE,FALSE,FALSE,TRUE,FALSE,FALSE,FALSE,TRUE,TRUE,FALSE,FALSE,FALSE,FALSE,FALSE,135
,Spruce Wood,spruce_wood,FALSE,FALSE,FALSE,64,TRUE,TRUE,TRUE,TRUE,FALSE,N/A,15,0.15,N/A,1,0,1,4,N/A,N/A,N/A,FALSE,FALSE,FALSE,N/A,N/A,FALSE,FALSE,FALSE,FALSE,FALSE,FALSE,FALSE,FALSE,FALSE,TRUE,TRUE,FALSE,TRUE,FALSE,FALSE,FALSE,TRUE,TRUE,FALSE,FALSE,FALSE,FALSE,FALSE,136
,Stripped Spruce Log,stripped_spruce_log,FALSE,FALSE,FALSE,64,TRUE,TRUE,TRUE,TRUE,FALSE,N/A,15,0.15,N/A,1,0,1,4,N/A,N/A,N/A,FALSE,FALSE,FALSE,N/A,N/A,FALSE,FALSE,FALSE,FALSE,FALSE,FALSE,FALSE,FALSE,FALSE,TRUE,FALSE,FALSE,TRUE,FALSE,FALSE,FALSE,TRUE,TRUE,FALSE,FALSE,FALSE,FALSE,FALSE,137
,Stripped Spruce Wood,stripped_spruce_wood,FALSE,FALSE,FALSE,64,TRUE,TRUE,TRUE,TRUE,FALSE,N/A,15,0.15,N/A,1,0,1,4,N/A,N/A,N/A,FALSE,FALSE,FALSE,N/A,N/A,FALSE,FALSE,FALSE,FALSE,FALSE,FALSE,FALSE,FALSE,FALSE,TRUE,TRUE,FALSE,TRUE,FALSE,FALSE,FALSE,TRUE,TRUE,FALSE,FALSE,FALSE,FALSE,FALSE,138
,Spruce Planks,spruce_planks,FALSE,FALSE,FALSE,64,TRUE,TRUE,TRUE,TRUE,FALSE,N/A,15,N/A,N/A,1,0,1,4,N/A,N/A,N/A,FALSE,FALSE,FALSE,N/A,N/A,FALSE,FALSE,FALSE,FALSE,FALSE,FALSE,FALSE,FALSE,FALSE,TRUE,TRUE,TRUE,FALSE,FALSE,FALSE,FALSE,TRUE,TRUE,FALSE,FALSE,FALSE,FALSE,FALSE,139
,Spruce Slab,spruce_slab,FALSE,FALSE,FALSE,64,TRUE,TRUE,TRUE,TRUE,FALSE,N/A,7.5,N/A,N/A,1,0,1,4,N/A,N/A,N/A,FALSE,FALSE,FALSE,N/A,N/A,FALSE,FALSE,FALSE,FALSE,FALSE,FALSE,FALSE,FALSE,FALSE,TRUE,TRUE,FALSE,FALSE,FALSE,FALSE,FALSE,TRUE,TRUE,FALSE,FALSE,FALSE,FALSE,FALSE,140
,Spruce Stairs,spruce_stairs,FALSE,FALSE,FALSE,64,TRUE,TRUE,TRUE,TRUE,FALSE,N/A,15,N/A,N/A,1,0,1,4,N/A,N/A,N/A,FALSE,FALSE,FALSE,N/A,N/A,FALSE,FALSE,FALSE,FALSE,FALSE,FALSE,FALSE,FALSE,FALSE,FALSE,TRUE,FALSE,FALSE,FALSE,FALSE,FALSE,TRUE,TRUE,FALSE,FALSE,FALSE,FALSE,FALSE,141
,Spruce Fence,spruce_fence,FALSE,FALSE,FALSE,64,TRUE,TRUE,TRUE,TRUE,FALSE,N/A,15,N/A,N/A,1,0,1,4,N/A,N/A,N/A,FALSE,FALSE,FALSE,N/A,N/A,FALSE,FALSE,FALSE,FALSE,FALSE,FALSE,FALSE,FALSE,FALSE,FALSE,TRUE,FALSE,FALSE,FALSE,FALSE,FALSE,TRUE,TRUE,FALSE,FALSE,FALSE,FALSE,FALSE,142
,Spruce Fence Gate,spruce_fence_gate,FALSE,FALSE,FALSE,64,TRUE,TRUE,TRUE,TRUE,FALSE,N/A,15,N/A,N/A,1,0,1,4,N/A,N/A,N/A,FALSE,FALSE,FALSE,N/A,N/A,FALSE,FALSE,FALSE,FALSE,FALSE,FALSE,FALSE,FALSE,FALSE,FALSE,TRUE,FALSE,FALSE,FALSE,FALSE,FALSE,TRUE,TRUE,FALSE,FALSE,FALSE,FALSE,FALSE,143
,Spruce Door,spruce_door,FALSE,FALSE,FALSE,64,TRUE,TRUE,TRUE,TRUE,FALSE,N/A,10,N/A,N/A,1,0,1,4,N/A,N/A,N/A,FALSE,FALSE,FALSE,N/A,N/A,FALSE,FALSE,FALSE,FALSE,FALSE,FALSE,FALSE,FALSE,FALSE,FALSE,TRUE,FALSE,FALSE,FALSE,FALSE,FALSE,TRUE,TRUE,FALSE,FALSE,FALSE,TRUE,FALSE,144
,Spruce Trapdoor,spruce_trapdoor,FALSE,FALSE,FALSE,64,TRUE,TRUE,TRUE,TRUE,FALSE,N/A,15,N/A,N/A,1,0,1,4,N/A,N/A,N/A,FALSE,FALSE,FALSE,N/A,N/A,FALSE,FALSE,FALSE,FALSE,FALSE,FALSE,FALSE,FALSE,FALSE,FALSE,TRUE,FALSE,FALSE,FALSE,FALSE,FALSE,TRUE,TRUE,FALSE,FALSE,FALSE,FALSE,FALSE,145
,Spruce Sign,spruce_sign,FALSE,FALSE,FALSE,16,TRUE,TRUE,TRUE,TRUE,FALSE,N/A,10,N/A,N/A,1,0,1,4,N/A,N/A,N/A,FALSE,FALSE,FALSE,N/A,N/A,FALSE,FALSE,FALSE,FALSE,FALSE,FALSE,FALSE,FALSE,FALSE,FALSE,TRUE,FALSE,FALSE,FALSE,FALSE,FALSE,TRUE,TRUE,FALSE,FALSE,FALSE,TRUE,FALSE,146
,Spruce Hanging Sign,spruce_hanging_sign,FALSE,FALSE,FALSE,16,TRUE,TRUE,TRUE,TRUE,FALSE,N/A,10,N/A,N/A,1,0,1,4,N/A,N/A,N/A,FALSE,FALSE,FALSE,N/A,N/A,FALSE,FALSE,FALSE,FALSE,FALSE,FALSE,FALSE,FALSE,FALSE,FALSE,TRUE,FALSE,FALSE,FALSE,FALSE,FALSE,TRUE,TRUE,FALSE,FALSE,FALSE,TRUE,FALSE,147
,Spruce Pressure Plate,spruce_pressure_plate,FALSE,FALSE,FALSE,64,TRUE,TRUE,TRUE,TRUE,FALSE,N/A,15,N/A,N/A,1,0,1,4,N/A,N/A,N/A,FALSE,FALSE,FALSE,N/A,N/A,FALSE,FALSE,FALSE,FALSE,FALSE,FALSE,FALSE,FALSE,FALSE,FALSE,TRUE,FALSE,FALSE,FALSE,FALSE,FALSE,TRUE,TRUE,FALSE,FALSE,FALSE,FALSE,FALSE,148
,Spruce Button,spruce_button,FALSE,FALSE,FALSE,64,TRUE,TRUE,TRUE,TRUE,FALSE,N/A,5,N/A,N/A,1,0,1,4,N/A,N/A,N/A,FALSE,FALSE,FALSE,N/A,N/A,FALSE,FALSE,FALSE,FALSE,FALSE,FALSE,FALSE,FALSE,FALSE,FALSE,TRUE,FALSE,FALSE,FALSE,FALSE,FALSE,TRUE,TRUE,FALSE,FALSE,FALSE,FALSE,FALSE,149
,Spruce Boat,spruce_boat,FALSE,FALSE,FALSE,1,TRUE,TRUE,TRUE,FALSE,TRUE,N/A,60,N/A,N/A,1,0,1,4,N/A,N/A,N/A,FALSE,FALSE,FALSE,N/A,N/A,FALSE,FALSE,FALSE,FALSE,FALSE,FALSE,TRUE,FALSE,FALSE,TRUE,TRUE,FALSE,FALSE,FALSE,FALSE,FALSE,TRUE,TRUE,FALSE,FALSE,FALSE,FALSE,FALSE,150
,Spruce Boat With Chest,spruce_chest_boat,FALSE,FALSE,FALSE,1,TRUE,TRUE,TRUE,FALSE,TRUE,N/A,60,N/A,N/A,1,0,1,4,N/A,N/A,N/A,FALSE,FALSE,FALSE,N/A,N/A,FALSE,FALSE,FALSE,FALSE,FALSE,FALSE,FALSE,FALSE,FALSE,FALSE,TRUE,FALSE,FALSE,FALSE,FALSE,FALSE,TRUE,TRUE,FALSE,FALSE,FALSE,FALSE,FALSE,151
,Jungle Log,jungle_log,FALSE,FALSE,FALSE,64,TRUE,TRUE,TRUE,TRUE,FALSE,N/A,15,0.15,N/A,1,0,1,4,N/A,N/A,N/A,FALSE,FALSE,FALSE,N/A,N/A,FALSE,FALSE,FALSE,FALSE,FALSE,FALSE,FALSE,FALSE,FALSE,TRUE,FALSE,FALSE,TRUE,FALSE,FALSE,FALSE,TRUE,TRUE,FALSE,FALSE,FALSE,FALSE,FALSE,152
,Jungle Wood,jungle_wood,FALSE,FALSE,FALSE,64,TRUE,TRUE,TRUE,TRUE,FALSE,N/A,15,0.15,N/A,1,0,1,4,N/A,N/A,N/A,FALSE,FALSE,FALSE,N/A,N/A,FALSE,FALSE,FALSE,FALSE,FALSE,FALSE,FALSE,FALSE,FALSE,TRUE,TRUE,FALSE,TRUE,FALSE,FALSE,FALSE,TRUE,TRUE,FALSE,FALSE,FALSE,FALSE,FALSE,153
,Stripped Jungle Log,stripped_jungle_log,FALSE,FALSE,FALSE,64,TRUE,TRUE,TRUE,TRUE,FALSE,N/A,15,0.15,N/A,1,0,1,4,N/A,N/A,N/A,FALSE,FALSE,FALSE,N/A,N/A,FALSE,FALSE,FALSE,FALSE,FALSE,FALSE,FALSE,FALSE,FALSE,TRUE,FALSE,FALSE,TRUE,FALSE,FALSE,FALSE,TRUE,TRUE,FALSE,FALSE,FALSE,FALSE,FALSE,154
,Stripped Jungle Wood,stripped_jungle_wood,FALSE,FALSE,FALSE,64,TRUE,TRUE,TRUE,TRUE,FALSE,N/A,15,0.15,N/A,1,0,1,4,N/A,N/A,N/A,FALSE,FALSE,FALSE,N/A,N/A,FALSE,FALSE,FALSE,FALSE,FALSE,FALSE,FALSE,FALSE,FALSE,TRUE,TRUE,FALSE,TRUE,FALSE,FALSE,FALSE,TRUE,TRUE,FALSE,FALSE,FALSE,FALSE,FALSE,155
,Jungle Planks,jungle_planks,FALSE,FALSE,FALSE,64,TRUE,TRUE,TRUE,TRUE,FALSE,N/A,15,N/A,N/A,1,0,1,4,N/A,N/A,N/A,FALSE,FALSE,FALSE,N/A,N/A,FALSE,FALSE,FALSE,FALSE,FALSE,FALSE,FALSE,FALSE,FALSE,TRUE,TRUE,TRUE,FALSE,FALSE,FALSE,FALSE,TRUE,TRUE,FALSE,FALSE,FALSE,FALSE,FALSE,156
,Jungle Slab,jungle_slab,FALSE,FALSE,FALSE,64,TRUE,TRUE,TRUE,TRUE,FALSE,N/A,7.5,N/A,N/A,1,0,1,4,N/A,N/A,N/A,FALSE,FALSE,FALSE,N/A,N/A,FALSE,FALSE,FALSE,FALSE,FALSE,FALSE,FALSE,FALSE,FALSE,TRUE,TRUE,FALSE,FALSE,FALSE,FALSE,FALSE,TRUE,TRUE,FALSE,FALSE,FALSE,FALSE,FALSE,157
,Jungle Stairs,jungle_stairs,FALSE,FALSE,FALSE,64,TRUE,TRUE,TRUE,TRUE,FALSE,N/A,15,N/A,N/A,1,0,1,4,N/A,N/A,N/A,FALSE,FALSE,FALSE,N/A,N/A,FALSE,FALSE,FALSE,FALSE,FALSE,FALSE,FALSE,FALSE,FALSE,FALSE,TRUE,FALSE,FALSE,FALSE,FALSE,FALSE,TRUE,TRUE,FALSE,FALSE,FALSE,FALSE,FALSE,158
,Jungle Fence,jungle_fence,FALSE,FALSE,FALSE,64,TRUE,TRUE,TRUE,TRUE,FALSE,N/A,15,N/A,N/A,1,0,1,4,N/A,N/A,N/A,FALSE,FALSE,FALSE,N/A,N/A,FALSE,FALSE,FALSE,FALSE,FALSE,FALSE,FALSE,FALSE,FALSE,FALSE,TRUE,FALSE,FALSE,FALSE,FALSE,FALSE,TRUE,TRUE,FALSE,FALSE,FALSE,FALSE,FALSE,159
,Jungle Fence Gate,jungle_fence_gate,FALSE,FALSE,FALSE,64,TRUE,TRUE,TRUE,TRUE,FALSE,N/A,15,N/A,N/A,1,0,1,4,N/A,N/A,N/A,FALSE,FALSE,FALSE,N/A,N/A,FALSE,FALSE,FALSE,FALSE,FALSE,FALSE,FALSE,FALSE,FALSE,FALSE,TRUE,FALSE,FALSE,FALSE,FALSE,FALSE,TRUE,TRUE,FALSE,FALSE,FALSE,FALSE,FALSE,160
,Jungle Door,jungle_door,FALSE,FALSE,FALSE,64,TRUE,TRUE,TRUE,TRUE,FALSE,N/A,10,N/A,N/A,1,0,1,4,N/A,N/A,N/A,FALSE,FALSE,FALSE,N/A,N/A,FALSE,FALSE,FALSE,FALSE,FALSE,FALSE,FALSE,FALSE,FALSE,FALSE,TRUE,FALSE,FALSE,FALSE,FALSE,FALSE,TRUE,TRUE,FALSE,FALSE,FALSE,TRUE,FALSE,161
,Jungle Trapdoor,jungle_trapdoor,FALSE,FALSE,FALSE,64,TRUE,TRUE,TRUE,TRUE,FALSE,N/A,15,N/A,N/A,1,0,1,4,N/A,N/A,N/A,FALSE,FALSE,FALSE,N/A,N/A,FALSE,FALSE,FALSE,FALSE,FALSE,FALSE,FALSE,FALSE,FALSE,FALSE,TRUE,FALSE,FALSE,FALSE,FALSE,FALSE,TRUE,TRUE,FALSE,FALSE,FALSE,FALSE,FALSE,162
,Jungle Sign,jungle_sign,FALSE,FALSE,FALSE,16,TRUE,TRUE,TRUE,TRUE,FALSE,N/A,10,N/A,N/A,1,0,1,4,N/A,N/A,N/A,FALSE,FALSE,FALSE,N/A,N/A,FALSE,FALSE,FALSE,FALSE,FALSE,FALSE,FALSE,FALSE,FALSE,FALSE,TRUE,FALSE,FALSE,FALSE,FALSE,FALSE,TRUE,TRUE,FALSE,FALSE,FALSE,TRUE,FALSE,163
,Jungle Hanging Sign,jungle_hanging_sign,FALSE,FALSE,FALSE,16,TRUE,TRUE,TRUE,TRUE,FALSE,N/A,10,N/A,N/A,1,0,1,4,N/A,N/A,N/A,FALSE,FALSE,FALSE,N/A,N/A,FALSE,FALSE,FALSE,FALSE,FALSE,FALSE,FALSE,FALSE,FALSE,FALSE,TRUE,FALSE,FALSE,FALSE,FALSE,FALSE,TRUE,TRUE,FALSE,FALSE,FALSE,TRUE,FALSE,164
,Jungle Pressure Plate,jungle_pressure_plate,FALSE,FALSE,FALSE,64,TRUE,TRUE,TRUE,TRUE,FALSE,N/A,15,N/A,N/A,1,0,1,4,N/A,N/A,N/A,FALSE,FALSE,FALSE,N/A,N/A,FALSE,FALSE,FALSE,FALSE,FALSE,FALSE,FALSE,FALSE,FALSE,FALSE,TRUE,FALSE,FALSE,FALSE,FALSE,FALSE,TRUE,TRUE,FALSE,FALSE,FALSE,FALSE,FALSE,165
,Jungle Button,jungle_button,FALSE,FALSE,FALSE,64,TRUE,TRUE,TRUE,TRUE,FALSE,N/A,5,N/A,N/A,1,0,1,4,N/A,N/A,N/A,FALSE,FALSE,FALSE,N/A,N/A,FALSE,FALSE,FALSE,FALSE,FALSE,FALSE,FALSE,FALSE,FALSE,FALSE,TRUE,FALSE,FALSE,FALSE,FALSE,FALSE,TRUE,TRUE,FALSE,FALSE,FALSE,FALSE,FALSE,166
,Jungle Boat,jungle_boat,FALSE,FALSE,FALSE,1,TRUE,TRUE,TRUE,FALSE,TRUE,N/A,60,N/A,N/A,1,0,1,4,N/A,N/A,N/A,FALSE,FALSE,FALSE,N/A,N/A,FALSE,FALSE,FALSE,TRUE,FALSE,FALSE,TRUE,FALSE,FALSE,TRUE,TRUE,FALSE,FALSE,FALSE,FALSE,FALSE,TRUE,TRUE,FALSE,FALSE,FALSE,FALSE,FALSE,167
,Jungle Boat With Chest,jungle_chest_boat,FALSE,FALSE,FALSE,1,TRUE,TRUE,TRUE,FALSE,TRUE,N/A,60,N/A,N/A,1,0,1,4,N/A,N/A,N/A,FALSE,FALSE,FALSE,N/A,N/A,FALSE,FALSE,FALSE,TRUE,FALSE,FALSE,FALSE,FALSE,FALSE,FALSE,TRUE,FALSE,FALSE,FALSE,FALSE,FALSE,TRUE,TRUE,FALSE,FALSE,FALSE,FALSE,FALSE,168
,Dark Oak Log,dark_oak_log,FALSE,FALSE,FALSE,64,TRUE,TRUE,TRUE,TRUE,FALSE,N/A,15,0.15,N/A,1,0,1,4,N/A,N/A,N/A,FALSE,FALSE,FALSE,N/A,N/A,FALSE,FALSE,FALSE,FALSE,FALSE,FALSE,FALSE,FALSE,FALSE,TRUE,FALSE,FALSE,TRUE,FALSE,FALSE,FALSE,TRUE,TRUE,FALSE,FALSE,FALSE,FALSE,FALSE,169
,Dark Oak Wood,dark_oak_wood,FALSE,FALSE,FALSE,64,TRUE,TRUE,TRUE,TRUE,FALSE,N/A,15,0.15,N/A,1,0,1,4,N/A,N/A,N/A,FALSE,FALSE,FALSE,N/A,N/A,FALSE,FALSE,FALSE,FALSE,FALSE,FALSE,FALSE,FALSE,FALSE,TRUE,TRUE,FALSE,TRUE,FALSE,FALSE,FALSE,TRUE,TRUE,FALSE,FALSE,FALSE,FALSE,FALSE,170
,Stripped Dark Oak Log,stripped_dark_oak_log,FALSE,FALSE,FALSE,64,TRUE,TRUE,TRUE,TRUE,FALSE,N/A,15,0.15,N/A,1,0,1,4,N/A,N/A,N/A,FALSE,FALSE,FALSE,N/A,N/A,FALSE,FALSE,FALSE,FALSE,FALSE,FALSE,FALSE,FALSE,FALSE,TRUE,FALSE,FALSE,TRUE,FALSE,FALSE,FALSE,TRUE,TRUE,FALSE,FALSE,FALSE,FALSE,FALSE,171
,Stripped Dark Oak Wood,stripped_dark_oak_wood,FALSE,FALSE,FALSE,64,TRUE,TRUE,TRUE,TRUE,FALSE,N/A,15,0.15,N/A,1,0,1,4,N/A,N/A,N/A,FALSE,FALSE,FALSE,N/A,N/A,FALSE,FALSE,FALSE,FALSE,FALSE,FALSE,FALSE,FALSE,FALSE,TRUE,TRUE,FALSE,TRUE,FALSE,FALSE,FALSE,TRUE,TRUE,FALSE,FALSE,FALSE,FALSE,FALSE,172
,Dark Oak Planks,dark_oak_planks,FALSE,FALSE,FALSE,64,TRUE,TRUE,TRUE,TRUE,FALSE,N/A,15,N/A,N/A,1,0,1,4,N/A,N/A,N/A,FALSE,FALSE,FALSE,N/A,N/A,FALSE,FALSE,FALSE,FALSE,FALSE,FALSE,FALSE,FALSE,FALSE,TRUE,TRUE,TRUE,FALSE,FALSE,FALSE,FALSE,TRUE,TRUE,FALSE,FALSE,FALSE,FALSE,FALSE,173
,Dark Oak Slab,dark_oak_slab,FALSE,FALSE,FALSE,64,TRUE,TRUE,TRUE,TRUE,FALSE,N/A,7.5,N/A,N/A,1,0,1,4,N/A,N/A,N/A,FALSE,FALSE,FALSE,N/A,N/A,FALSE,FALSE,FALSE,FALSE,FALSE,FALSE,FALSE,FALSE,FALSE,TRUE,TRUE,FALSE,FALSE,FALSE,FALSE,FALSE,TRUE,TRUE,FALSE,FALSE,FALSE,FALSE,FALSE,174
,Dark Oak Stairs,dark_oak_stairs,FALSE,FALSE,FALSE,64,TRUE,TRUE,TRUE,TRUE,FALSE,N/A,15,N/A,N/A,1,0,1,4,N/A,N/A,N/A,FALSE,FALSE,FALSE,N/A,N/A,FALSE,FALSE,FALSE,FALSE,FALSE,FALSE,FALSE,FALSE,FALSE,FALSE,TRUE,FALSE,FALSE,FALSE,FALSE,FALSE,TRUE,TRUE,FALSE,FALSE,FALSE,FALSE,FALSE,175
,Dark Oak Fence,dark_oak_fence,FALSE,FALSE,FALSE,64,TRUE,TRUE,TRUE,TRUE,FALSE,N/A,15,N/A,N/A,1,0,1,4,N/A,N/A,N/A,FALSE,FALSE,FALSE,N/A,N/A,FALSE,FALSE,FALSE,FALSE,FALSE,FALSE,FALSE,FALSE,FALSE,FALSE,TRUE,FALSE,FALSE,FALSE,FALSE,FALSE,TRUE,TRUE,FALSE,FALSE,FALSE,FALSE,FALSE,176
,Dark Oak Fence Gate,dark_oak_fence_gate,FALSE,FALSE,FALSE,64,TRUE,TRUE,TRUE,TRUE,FALSE,N/A,15,N/A,N/A,1,0,1,4,N/A,N/A,N/A,FALSE,FALSE,FALSE,N/A,N/A,FALSE,FALSE,FALSE,FALSE,FALSE,FALSE,FALSE,FALSE,FALSE,FALSE,TRUE,FALSE,FALSE,FALSE,FALSE,FALSE,TRUE,TRUE,FALSE,FALSE,FALSE,FALSE,FALSE,177
,Dark Oak Door,dark_oak_door,FALSE,FALSE,FALSE,64,TRUE,TRUE,TRUE,TRUE,FALSE,N/A,10,N/A,N/A,1,0,1,4,N/A,N/A,N/A,FALSE,FALSE,FALSE,N/A,N/A,FALSE,FALSE,FALSE,FALSE,FALSE,FALSE,FALSE,FALSE,FALSE,FALSE,TRUE,FALSE,FALSE,FALSE,FALSE,FALSE,TRUE,TRUE,FALSE,FALSE,FALSE,TRUE,FALSE,178
,Dark Oak Trapdoor,dark_oak_trapdoor,FALSE,FALSE,FALSE,64,TRUE,TRUE,TRUE,TRUE,FALSE,N/A,15,N/A,N/A,1,0,1,4,N/A,N/A,N/A,FALSE,FALSE,FALSE,N/A,N/A,FALSE,FALSE,FALSE,FALSE,FALSE,FALSE,FALSE,FALSE,FALSE,FALSE,TRUE,FALSE,FALSE,FALSE,FALSE,FALSE,TRUE,TRUE,FALSE,FALSE,FALSE,FALSE,FALSE,179
,Dark Oak Sign,dark_oak_sign,FALSE,FALSE,FALSE,16,TRUE,TRUE,TRUE,TRUE,FALSE,N/A,10,N/A,N/A,1,0,1,4,N/A,N/A,N/A,FALSE,FALSE,FALSE,N/A,N/A,FALSE,FALSE,FALSE,FALSE,FALSE,FALSE,FALSE,FALSE,FALSE,FALSE,TRUE,FALSE,FALSE,FALSE,FALSE,FALSE,TRUE,TRUE,FALSE,FALSE,FALSE,TRUE,FALSE,180
,Dark Oak Hanging Sign,dark_oak_hanging_sign,FALSE,FALSE,FALSE,16,TRUE,TRUE,TRUE,TRUE,FALSE,N/A,10,N/A,N/A,1,0,1,4,N/A,N/A,N/A,FALSE,FALSE,FALSE,N/A,N/A,FALSE,FALSE,FALSE,FALSE,FALSE,FALSE,FALSE,FALSE,FALSE,FALSE,TRUE,FALSE,FALSE,FALSE,FALSE,FALSE,TRUE,TRUE,FALSE,FALSE,FALSE,TRUE,FALSE,181
,Dark Oak Pressure Plate,dark_oak_pressure_plate,FALSE,FALSE,FALSE,64,TRUE,TRUE,TRUE,TRUE,FALSE,N/A,15,N/A,N/A,1,0,1,4,N/A,N/A,N/A,FALSE,FALSE,FALSE,N/A,N/A,FALSE,FALSE,FALSE,FALSE,FALSE,FALSE,FALSE,FALSE,FALSE,FALSE,TRUE,FALSE,FALSE,FALSE,FALSE,FALSE,TRUE,TRUE,FALSE,FALSE,FALSE,FALSE,FALSE,182
,Dark Oak Button,dark_oak_button,FALSE,FALSE,FALSE,64,TRUE,TRUE,TRUE,TRUE,FALSE,N/A,5,N/A,N/A,1,0,1,4,N/A,N/A,N/A,FALSE,FALSE,FALSE,N/A,N/A,FALSE,FALSE,FALSE,FALSE,FALSE,FALSE,FALSE,FALSE,FALSE,FALSE,TRUE,FALSE,FALSE,FALSE,FALSE,FALSE,TRUE,TRUE,FALSE,FALSE,FALSE,FALSE,FALSE,183
,Dark Oak Boat,dark_oak_boat,FALSE,FALSE,FALSE,1,TRUE,TRUE,TRUE,FALSE,TRUE,N/A,60,N/A,N/A,1,0,1,4,N/A,N/A,N/A,FALSE,FALSE,FALSE,N/A,N/A,FALSE,FALSE,FALSE,TRUE,FALSE,FALSE,TRUE,FALSE,FALSE,TRUE,TRUE,FALSE,FALSE,FALSE,FALSE,FALSE,TRUE,TRUE,FALSE,FALSE,FALSE,FALSE,FALSE,184
,Dark Oak Boat With Chest,dark_oak_chest_boat,FALSE,FALSE,FALSE,1,TRUE,TRUE,TRUE,FALSE,TRUE,N/A,60,N/A,N/A,1,0,1,4,N/A,N/A,N/A,FALSE,FALSE,FALSE,N/A,N/A,FALSE,FALSE,FALSE,TRUE,FALSE,FALSE,FALSE,FALSE,FALSE,FALSE,TRUE,FALSE,FALSE,FALSE,FALSE,FALSE,TRUE,TRUE,FALSE,FALSE,FALSE,FALSE,FALSE,185
,Acacia Log,acacia_log,FALSE,FALSE,FALSE,64,TRUE,TRUE,TRUE,TRUE,FALSE,N/A,15,0.15,N/A,1,0,1,4,N/A,N/A,N/A,FALSE,FALSE,FALSE,N/A,N/A,FALSE,FALSE,FALSE,FALSE,FALSE,FALSE,FALSE,FALSE,FALSE,TRUE,FALSE,FALSE,TRUE,FALSE,FALSE,FALSE,TRUE,TRUE,FALSE,FALSE,FALSE,FALSE,FALSE,186
,Acacia Wood,acacia_wood,FALSE,FALSE,FALSE,64,TRUE,TRUE,TRUE,TRUE,FALSE,N/A,15,0.15,N/A,1,0,1,4,N/A,N/A,N/A,FALSE,FALSE,FALSE,N/A,N/A,FALSE,FALSE,FALSE,FALSE,FALSE,FALSE,FALSE,FALSE,FALSE,TRUE,TRUE,FALSE,TRUE,FALSE,FALSE,FALSE,TRUE,TRUE,FALSE,FALSE,FALSE,FALSE,FALSE,187
,Stripped Acacia Log,stripped_acacia_log,FALSE,FALSE,FALSE,64,TRUE,TRUE,TRUE,TRUE,FALSE,N/A,15,0.15,N/A,1,0,1,4,N/A,N/A,N/A,FALSE,FALSE,FALSE,N/A,N/A,FALSE,FALSE,FALSE,FALSE,FALSE,FALSE,FALSE,FALSE,FALSE,TRUE,FALSE,FALSE,TRUE,FALSE,FALSE,FALSE,TRUE,TRUE,FALSE,FALSE,FALSE,FALSE,FALSE,188
,Stripped Acacia Wood,stripped_acacia_wood,FALSE,FALSE,FALSE,64,TRUE,TRUE,TRUE,TRUE,FALSE,N/A,15,0.15,N/A,1,0,1,4,N/A,N/A,N/A,FALSE,FALSE,FALSE,N/A,N/A,FALSE,FALSE,FALSE,FALSE,FALSE,FALSE,FALSE,FALSE,FALSE,TRUE,TRUE,FALSE,TRUE,FALSE,FALSE,FALSE,TRUE,TRUE,FALSE,FALSE,FALSE,FALSE,FALSE,189
,Acacia Planks,acacia_planks,FALSE,FALSE,FALSE,64,TRUE,TRUE,TRUE,TRUE,FALSE,N/A,15,N/A,N/A,1,0,1,4,N/A,N/A,N/A,FALSE,FALSE,FALSE,N/A,N/A,FALSE,FALSE,FALSE,FALSE,FALSE,FALSE,FALSE,FALSE,FALSE,TRUE,TRUE,TRUE,FALSE,FALSE,FALSE,FALSE,TRUE,TRUE,FALSE,FALSE,FALSE,FALSE,FALSE,190
,Acacia Slab,acacia_slab,FALSE,FALSE,FALSE,64,TRUE,TRUE,TRUE,TRUE,FALSE,N/A,7.5,N/A,N/A,1,0,1,4,N/A,N/A,N/A,FALSE,FALSE,FALSE,N/A,N/A,FALSE,FALSE,FALSE,FALSE,FALSE,FALSE,FALSE,FALSE,FALSE,TRUE,TRUE,FALSE,FALSE,FALSE,FALSE,FALSE,TRUE,TRUE,FALSE,FALSE,FALSE,FALSE,FALSE,191
,Acacia Stairs,acacia_stairs,FALSE,FALSE,FALSE,64,TRUE,TRUE,TRUE,TRUE,FALSE,N/A,15,N/A,N/A,1,0,1,4,N/A,N/A,N/A,FALSE,FALSE,FALSE,N/A,N/A,FALSE,FALSE,FALSE,FALSE,FALSE,FALSE,FALSE,FALSE,FALSE,FALSE,TRUE,FALSE,FALSE,FALSE,FALSE,FALSE,TRUE,TRUE,FALSE,FALSE,FALSE,FALSE,FALSE,192
,Acacia Fence,acacia_fence,FALSE,FALSE,FALSE,64,TRUE,TRUE,TRUE,TRUE,FALSE,N/A,15,N/A,N/A,1,0,1,4,N/A,N/A,N/A,FALSE,FALSE,FALSE,N/A,N/A,FALSE,FALSE,FALSE,FALSE,FALSE,FALSE,FALSE,FALSE,FALSE,FALSE,TRUE,FALSE,FALSE,FALSE,FALSE,FALSE,TRUE,TRUE,FALSE,FALSE,FALSE,FALSE,FALSE,193
,Acacia Fence Gate,acacia_fence_gate,FALSE,FALSE,FALSE,64,TRUE,TRUE,TRUE,TRUE,FALSE,N/A,15,N/A,N/A,1,0,1,4,N/A,N/A,N/A,FALSE,FALSE,FALSE,N/A,N/A,FALSE,FALSE,FALSE,FALSE,FALSE,FALSE,FALSE,FALSE,FALSE,FALSE,TRUE,FALSE,FALSE,FALSE,FALSE,FALSE,TRUE,TRUE,FALSE,FALSE,FALSE,FALSE,FALSE,194
,Acacia Door,acacia_door,FALSE,FALSE,FALSE,64,TRUE,TRUE,TRUE,TRUE,FALSE,N/A,10,N/A,N/A,1,0,1,4,N/A,N/A,N/A,FALSE,FALSE,FALSE,N/A,N/A,FALSE,FALSE,FALSE,FALSE,FALSE,FALSE,FALSE,FALSE,FALSE,FALSE,TRUE,FALSE,FALSE,FALSE,FALSE,FALSE,TRUE,TRUE,FALSE,FALSE,FALSE,TRUE,FALSE,195
,Acacia Trapdoor,acacia_trapdoor,FALSE,FALSE,FALSE,64,TRUE,TRUE,TRUE,TRUE,FALSE,N/A,15,N/A,N/A,1,0,1,4,N/A,N/A,N/A,FALSE,FALSE,FALSE,N/A,N/A,FALSE,FALSE,FALSE,FALSE,FALSE,FALSE,FALSE,FALSE,FALSE,FALSE,TRUE,FALSE,FALSE,FALSE,FALSE,FALSE,TRUE,TRUE,FALSE,FALSE,FALSE,FALSE,FALSE,196
,Acacia Sign,acacia_sign,FALSE,FALSE,FALSE,16,TRUE,TRUE,TRUE,TRUE,FALSE,N/A,10,N/A,N/A,1,0,1,4,N/A,N/A,N/A,FALSE,FALSE,FALSE,N/A,N/A,FALSE,FALSE,FALSE,FALSE,FALSE,FALSE,FALSE,FALSE,FALSE,FALSE,TRUE,FALSE,FALSE,FALSE,FALSE,FALSE,TRUE,TRUE,FALSE,FALSE,FALSE,TRUE,FALSE,197
,Acacia Hanging Sign,acacia_hanging_sign,FALSE,FALSE,FALSE,16,TRUE,TRUE,TRUE,TRUE,FALSE,N/A,10,N/A,N/A,1,0,1,4,N/A,N/A,N/A,FALSE,FALSE,FALSE,N/A,N/A,FALSE,FALSE,FALSE,FALSE,FALSE,FALSE,FALSE,FALSE,FALSE,FALSE,TRUE,FALSE,FALSE,FALSE,FALSE,FALSE,TRUE,TRUE,FALSE,FALSE,FALSE,TRUE,FALSE,198
,Acacia Pressure Plate,acacia_pressure_plate,FALSE,FALSE,FALSE,64,TRUE,TRUE,TRUE,TRUE,FALSE,N/A,15,N/A,N/A,1,0,1,4,N/A,N/A,N/A,FALSE,FALSE,FALSE,N/A,N/A,FALSE,FALSE,FALSE,FALSE,FALSE,FALSE,FALSE,FALSE,FALSE,FALSE,TRUE,FALSE,FALSE,FALSE,FALSE,FALSE,TRUE,TRUE,FALSE,FALSE,FALSE,FALSE,FALSE,199
,Acacia Button,acacia_button,FALSE,FALSE,FALSE,64,TRUE,TRUE,TRUE,TRUE,FALSE,N/A,5,N/A,N/A,1,0,1,4,N/A,N/A,N/A,FALSE,FALSE,FALSE,N/A,N/A,FALSE,FALSE,FALSE,FALSE,FALSE,FALSE,FALSE,FALSE,FALSE,FALSE,TRUE,FALSE,FALSE,FALSE,FALSE,FALSE,TRUE,TRUE,FALSE,FALSE,FALSE,FALSE,FALSE,200
,Acacia Boat,acacia_boat,FALSE,FALSE,FALSE,1,TRUE,TRUE,TRUE,FALSE,TRUE,N/A,60,N/A,N/A,1,0,1,4,N/A,N/A,N/A,FALSE,FALSE,FALSE,N/A,N/A,FALSE,FALSE,FALSE,TRUE,FALSE,FALSE,TRUE,FALSE,FALSE,TRUE,TRUE,FALSE,FALSE,FALSE,FALSE,FALSE,TRUE,TRUE,FALSE,FALSE,FALSE,FALSE,FALSE,201
,Acacia Boat With Chest,acacia_chest_boat,FALSE,FALSE,FALSE,1,TRUE,TRUE,TRUE,FALSE,TRUE,N/A,60,N/A,N/A,1,0,1,4,N/A,N/A,N/A,FALSE,FALSE,FALSE,N/A,N/A,FALSE,FALSE,FALSE,TRUE,FALSE,FALSE,FALSE,FALSE,FALSE,FALSE,TRUE,FALSE,FALSE,FALSE,FALSE,FALSE,TRUE,TRUE,FALSE,FALSE,FALSE,FALSE,FALSE,202
,Mangrove Log,mangrove_log,FALSE,FALSE,FALSE,64,TRUE,TRUE,TRUE,TRUE,FALSE,N/A,15,0.15,N/A,1,0,1,4,N/A,N/A,N/A,FALSE,FALSE,FALSE,N/A,N/A,FALSE,FALSE,FALSE,FALSE,FALSE,FALSE,FALSE,FALSE,FALSE,TRUE,FALSE,FALSE,TRUE,FALSE,FALSE,FALSE,TRUE,TRUE,FALSE,FALSE,FALSE,FALSE,FALSE,203
,Mangrove Wood,mangrove_wood,FALSE,FALSE,FALSE,64,TRUE,TRUE,TRUE,TRUE,FALSE,N/A,15,0.15,N/A,1,0,1,4,N/A,N/A,N/A,FALSE,FALSE,FALSE,N/A,N/A,FALSE,FALSE,FALSE,FALSE,FALSE,FALSE,FALSE,FALSE,FALSE,TRUE,TRUE,FALSE,TRUE,FALSE,FALSE,FALSE,TRUE,TRUE,FALSE,FALSE,FALSE,FALSE,FALSE,204
,Stripped Mangrove Log,stripped_mangrove_log,FALSE,FALSE,FALSE,64,TRUE,TRUE,TRUE,TRUE,FALSE,N/A,15,0.15,N/A,1,0,1,4,N/A,N/A,N/A,FALSE,FALSE,FALSE,N/A,N/A,FALSE,FALSE,FALSE,FALSE,FALSE,FALSE,FALSE,FALSE,FALSE,TRUE,FALSE,FALSE,TRUE,FALSE,FALSE,FALSE,TRUE,TRUE,FALSE,FALSE,FALSE,FALSE,FALSE,205
,Stripped Mangrove Wood,stripped_mangrove_wood,FALSE,FALSE,FALSE,64,TRUE,TRUE,TRUE,TRUE,FALSE,N/A,15,0.15,N/A,1,0,1,4,N/A,N/A,N/A,FALSE,FALSE,FALSE,N/A,N/A,FALSE,FALSE,FALSE,FALSE,FALSE,FALSE,FALSE,FALSE,FALSE,TRUE,TRUE,FALSE,TRUE,FALSE,FALSE,FALSE,TRUE,TRUE,FALSE,FALSE,FALSE,FALSE,FALSE,206
,Mangrove Planks,mangrove_planks,FALSE,FALSE,FALSE,64,TRUE,TRUE,TRUE,TRUE,FALSE,N/A,15,N/A,N/A,1,0,1,4,N/A,N/A,N/A,FALSE,FALSE,FALSE,N/A,N/A,FALSE,FALSE,FALSE,FALSE,FALSE,FALSE,FALSE,FALSE,FALSE,TRUE,TRUE,TRUE,FALSE,FALSE,FALSE,FALSE,TRUE,TRUE,FALSE,FALSE,FALSE,FALSE,FALSE,207
,Mangrove Slab,mangrove_slab,FALSE,FALSE,FALSE,64,TRUE,TRUE,TRUE,TRUE,FALSE,N/A,7.5,N/A,N/A,1,0,1,4,N/A,N/A,N/A,FALSE,FALSE,FALSE,N/A,N/A,FALSE,FALSE,FALSE,FALSE,FALSE,FALSE,FALSE,FALSE,FALSE,TRUE,TRUE,FALSE,FALSE,FALSE,FALSE,FALSE,TRUE,TRUE,FALSE,FALSE,FALSE,FALSE,FALSE,208
,Mangrove Stairs,mangrove_stairs,FALSE,FALSE,FALSE,64,TRUE,TRUE,TRUE,TRUE,FALSE,N/A,15,N/A,N/A,1,0,1,4,N/A,N/A,N/A,FALSE,FALSE,FALSE,N/A,N/A,FALSE,FALSE,FALSE,FALSE,FALSE,FALSE,FALSE,FALSE,FALSE,FALSE,TRUE,FALSE,FALSE,FALSE,FALSE,FALSE,TRUE,TRUE,FALSE,FALSE,FALSE,FALSE,FALSE,209
,Mangrove Fence,mangrove_fence,FALSE,FALSE,FALSE,64,TRUE,TRUE,TRUE,TRUE,FALSE,N/A,15,N/A,N/A,1,0,1,4,N/A,N/A,N/A,FALSE,FALSE,FALSE,N/A,N/A,FALSE,FALSE,FALSE,FALSE,FALSE,FALSE,FALSE,FALSE,FALSE,FALSE,TRUE,FALSE,FALSE,FALSE,FALSE,FALSE,TRUE,TRUE,FALSE,FALSE,FALSE,FALSE,FALSE,210
,Mangrove Gate,mangrove_fence_gate,FALSE,FALSE,FALSE,64,TRUE,TRUE,TRUE,TRUE,FALSE,N/A,15,N/A,N/A,1,0,1,4,N/A,N/A,N/A,FALSE,FALSE,FALSE,N/A,N/A,FALSE,FALSE,FALSE,FALSE,FALSE,FALSE,FALSE,FALSE,FALSE,FALSE,TRUE,FALSE,FALSE,FALSE,FALSE,FALSE,TRUE,TRUE,FALSE,FALSE,FALSE,FALSE,FALSE,211
,Mangrove Door,mangrove_door,FALSE,FALSE,FALSE,64,TRUE,TRUE,TRUE,TRUE,FALSE,N/A,10,N/A,N/A,1,0,1,4,N/A,N/A,N/A,FALSE,FALSE,FALSE,N/A,N/A,FALSE,FALSE,FALSE,FALSE,FALSE,FALSE,FALSE,FALSE,FALSE,FALSE,TRUE,FALSE,FALSE,FALSE,FALSE,FALSE,TRUE,TRUE,FALSE,FALSE,FALSE,TRUE,FALSE,212
,Mangrove Trapdoor,mangrove_trapdoor,FALSE,FALSE,FALSE,64,TRUE,TRUE,TRUE,TRUE,FALSE,N/A,15,N/A,N/A,1,0,1,4,N/A,N/A,N/A,FALSE,FALSE,FALSE,N/A,N/A,FALSE,FALSE,FALSE,FALSE,FALSE,FALSE,FALSE,FALSE,FALSE,FALSE,TRUE,FALSE,FALSE,FALSE,FALSE,FALSE,TRUE,TRUE,FALSE,FALSE,FALSE,FALSE,FALSE,213
,Mangrove Sign,mangrove_sign,FALSE,FALSE,FALSE,16,TRUE,TRUE,TRUE,TRUE,FALSE,N/A,10,N/A,N/A,1,0,1,4,N/A,N/A,N/A,FALSE,FALSE,FALSE,N/A,N/A,FALSE,FALSE,FALSE,FALSE,FALSE,FALSE,FALSE,FALSE,FALSE,FALSE,TRUE,FALSE,FALSE,FALSE,FALSE,FALSE,TRUE,TRUE,FALSE,FALSE,FALSE,TRUE,FALSE,214
,Mangrove Hanging Sign,mangrove_hanging_sign,FALSE,FALSE,FALSE,16,TRUE,TRUE,TRUE,TRUE,FALSE,N/A,10,N/A,N/A,1,0,1,4,N/A,N/A,N/A,FALSE,FALSE,FALSE,N/A,N/A,FALSE,FALSE,FALSE,FALSE,FALSE,FALSE,FALSE,FALSE,FALSE,FALSE,TRUE,FALSE,FALSE,FALSE,FALSE,FALSE,TRUE,TRUE,FALSE,FALSE,FALSE,TRUE,FALSE,215
,Mangrove Pressure Plate,mangrove_pressure_plate,FALSE,FALSE,FALSE,64,TRUE,TRUE,TRUE,TRUE,FALSE,N/A,15,N/A,N/A,1,0,1,4,N/A,N/A,N/A,FALSE,FALSE,FALSE,N/A,N/A,FALSE,FALSE,FALSE,FALSE,FALSE,FALSE,FALSE,FALSE,FALSE,FALSE,TRUE,FALSE,FALSE,FALSE,FALSE,FALSE,TRUE,TRUE,FALSE,FALSE,FALSE,FALSE,FALSE,216
,Mangrove Button,mangrove_button,FALSE,FALSE,FALSE,64,TRUE,TRUE,TRUE,TRUE,FALSE,N/A,5,N/A,N/A,1,0,1,4,N/A,N/A,N/A,FALSE,FALSE,FALSE,N/A,N/A,FALSE,FALSE,FALSE,FALSE,FALSE,FALSE,FALSE,FALSE,FALSE,FALSE,TRUE,FALSE,FALSE,FALSE,FALSE,FALSE,TRUE,TRUE,FALSE,FALSE,FALSE,FALSE,FALSE,217
,Mangrove Boat,mangrove_boat,FALSE,FALSE,FALSE,1,TRUE,TRUE,TRUE,FALSE,TRUE,N/A,60,N/A,N/A,1,0,1,4,N/A,N/A,N/A,FALSE,FALSE,FALSE,N/A,N/A,FALSE,FALSE,FALSE,TRUE,FALSE,FALSE,FALSE,FALSE,FALSE,TRUE,TRUE,FALSE,FALSE,FALSE,FALSE,FALSE,TRUE,TRUE,FALSE,FALSE,FALSE,FALSE,FALSE,218
,Mangrove Boat With Chest,mangrove_chest_boat,FALSE,FALSE,FALSE,1,TRUE,TRUE,TRUE,FALSE,TRUE,N/A,60,N/A,N/A,1,0,1,4,N/A,N/A,N/A,FALSE,FALSE,FALSE,N/A,N/A,FALSE,FALSE,FALSE,TRUE,FALSE,FALSE,FALSE,FALSE,FALSE,FALSE,TRUE,FALSE,FALSE,FALSE,FALSE,FALSE,TRUE,TRUE,FALSE,FALSE,FALSE,FALSE,FALSE,219
,Cherry Log,cherry_log,FALSE,FALSE,FALSE,64,TRUE,TRUE,TRUE,TRUE,FALSE,N/A,15,0.15,N/A,1,0,1,4,N/A,N/A,N/A,FALSE,FALSE,FALSE,N/A,N/A,FALSE,FALSE,FALSE,FALSE,FALSE,FALSE,FALSE,FALSE,FALSE,TRUE,FALSE,FALSE,TRUE,FALSE,FALSE,FALSE,TRUE,TRUE,FALSE,FALSE,FALSE,FALSE,FALSE,220
,Cherry Wood,cherry_wood,FALSE,FALSE,FALSE,64,TRUE,TRUE,TRUE,TRUE,FALSE,N/A,15,0.15,N/A,1,0,1,4,N/A,N/A,N/A,FALSE,FALSE,FALSE,N/A,N/A,FALSE,FALSE,FALSE,FALSE,FALSE,FALSE,FALSE,FALSE,FALSE,TRUE,TRUE,FALSE,TRUE,FALSE,FALSE,FALSE,TRUE,TRUE,FALSE,FALSE,FALSE,FALSE,FALSE,221
,Stripped Cherry Log,stripped_cherry_log,FALSE,FALSE,FALSE,64,TRUE,TRUE,TRUE,TRUE,FALSE,N/A,15,0.15,N/A,1,0,1,4,N/A,N/A,N/A,FALSE,FALSE,FALSE,N/A,N/A,FALSE,FALSE,FALSE,FALSE,FALSE,FALSE,FALSE,FALSE,FALSE,TRUE,FALSE,FALSE,TRUE,FALSE,FALSE,FALSE,TRUE,TRUE,FALSE,FALSE,FALSE,FALSE,FALSE,222
,Stripped Cherry Wood,stripped_cherry_wood,FALSE,FALSE,FALSE,64,TRUE,TRUE,TRUE,TRUE,FALSE,N/A,15,0.15,N/A,1,0,1,4,N/A,N/A,N/A,FALSE,FALSE,FALSE,N/A,N/A,FALSE,FALSE,FALSE,FALSE,FALSE,FALSE,FALSE,FALSE,FALSE,TRUE,TRUE,FALSE,TRUE,FALSE,FALSE,FALSE,TRUE,TRUE,FALSE,FALSE,FALSE,FALSE,FALSE,223
,Cherry Planks,cherry_planks,FALSE,FALSE,FALSE,64,TRUE,TRUE,TRUE,TRUE,FALSE,N/A,15,N/A,N/A,1,0,1,4,N/A,N/A,N/A,FALSE,FALSE,FALSE,N/A,N/A,FALSE,FALSE,FALSE,FALSE,FALSE,FALSE,FALSE,FALSE,FALSE,TRUE,TRUE,TRUE,FALSE,FALSE,FALSE,FALSE,TRUE,TRUE,FALSE,FALSE,FALSE,FALSE,FALSE,224
,Cherry Slab,cherry_slab,FALSE,FALSE,FALSE,64,TRUE,TRUE,TRUE,TRUE,FALSE,N/A,7.5,N/A,N/A,1,0,1,4,N/A,N/A,N/A,FALSE,FALSE,FALSE,N/A,N/A,FALSE,FALSE,FALSE,FALSE,FALSE,FALSE,FALSE,FALSE,FALSE,TRUE,TRUE,FALSE,FALSE,FALSE,FALSE,FALSE,TRUE,TRUE,FALSE,FALSE,FALSE,FALSE,FALSE,225
,Cherry Stairs,cherry_stairs,FALSE,FALSE,FALSE,64,TRUE,TRUE,TRUE,TRUE,FALSE,N/A,15,N/A,N/A,1,0,1,4,N/A,N/A,N/A,FALSE,FALSE,FALSE,N/A,N/A,FALSE,FALSE,FALSE,FALSE,FALSE,FALSE,FALSE,FALSE,FALSE,FALSE,TRUE,FALSE,FALSE,FALSE,FALSE,FALSE,TRUE,TRUE,FALSE,FALSE,FALSE,FALSE,FALSE,226
,Cherry Fence,cherry_fence,FALSE,FALSE,FALSE,64,TRUE,TRUE,TRUE,TRUE,FALSE,N/A,15,N/A,N/A,1,0,1,4,N/A,N/A,N/A,FALSE,FALSE,FALSE,N/A,N/A,FALSE,FALSE,FALSE,FALSE,FALSE,FALSE,FALSE,FALSE,FALSE,FALSE,TRUE,FALSE,FALSE,FALSE,FALSE,FALSE,TRUE,TRUE,FALSE,FALSE,FALSE,FALSE,FALSE,227
,Cherry Fence Gate,cherry_fence_gate,FALSE,FALSE,FALSE,64,TRUE,TRUE,TRUE,TRUE,FALSE,N/A,15,N/A,N/A,1,0,1,4,N/A,N/A,N/A,FALSE,FALSE,FALSE,N/A,N/A,FALSE,FALSE,FALSE,FALSE,FALSE,FALSE,FALSE,FALSE,FALSE,FALSE,TRUE,FALSE,FALSE,FALSE,FALSE,FALSE,TRUE,TRUE,FALSE,FALSE,FALSE,FALSE,FALSE,228
,Cherry Door,cherry_door,FALSE,FALSE,FALSE,64,TRUE,TRUE,TRUE,TRUE,FALSE,N/A,10,N/A,N/A,1,0,1,4,N/A,N/A,N/A,FALSE,FALSE,FALSE,N/A,N/A,FALSE,FALSE,FALSE,FALSE,FALSE,FALSE,FALSE,FALSE,FALSE,FALSE,TRUE,FALSE,FALSE,FALSE,FALSE,FALSE,TRUE,TRUE,FALSE,FALSE,FALSE,TRUE,FALSE,229
,Cherry Trapdoor,cherry_trapdoor,FALSE,FALSE,FALSE,64,TRUE,TRUE,TRUE,TRUE,FALSE,N/A,15,N/A,N/A,1,0,1,4,N/A,N/A,N/A,FALSE,FALSE,FALSE,N/A,N/A,FALSE,FALSE,FALSE,FALSE,FALSE,FALSE,FALSE,FALSE,FALSE,FALSE,TRUE,FALSE,FALSE,FALSE,FALSE,FALSE,TRUE,TRUE,FALSE,FALSE,FALSE,FALSE,FALSE,230
,Cherry Sign,cherry_sign,FALSE,FALSE,FALSE,16,TRUE,TRUE,TRUE,TRUE,FALSE,N/A,10,N/A,N/A,1,0,1,4,N/A,N/A,N/A,FALSE,FALSE,FALSE,N/A,N/A,FALSE,FALSE,FALSE,FALSE,FALSE,FALSE,FALSE,FALSE,FALSE,FALSE,TRUE,FALSE,FALSE,FALSE,FALSE,FALSE,TRUE,TRUE,FALSE,FALSE,FALSE,TRUE,FALSE,231
,Cherry Hanging Sign,cherry_hanging_sign,FALSE,FALSE,FALSE,16,TRUE,TRUE,TRUE,TRUE,FALSE,N/A,10,N/A,N/A,1,0,1,4,N/A,N/A,N/A,FALSE,FALSE,FALSE,N/A,N/A,FALSE,FALSE,FALSE,FALSE,FALSE,FALSE,FALSE,FALSE,FALSE,FALSE,TRUE,FALSE,FALSE,FALSE,FALSE,FALSE,TRUE,TRUE,FALSE,FALSE,FALSE,TRUE,FALSE,232
,Cherry Pressure Plate,cherry_pressure_plate,FALSE,FALSE,FALSE,64,TRUE,TRUE,TRUE,TRUE,FALSE,N/A,15,N/A,N/A,1,0,1,4,N/A,N/A,N/A,FALSE,FALSE,FALSE,N/A,N/A,FALSE,FALSE,FALSE,FALSE,FALSE,FALSE,FALSE,FALSE,FALSE,FALSE,TRUE,FALSE,FALSE,FALSE,FALSE,FALSE,TRUE,TRUE,FALSE,FALSE,FALSE,FALSE,FALSE,233
,Cherry Button,cherry_button,FALSE,FALSE,FALSE,64,TRUE,TRUE,TRUE,TRUE,FALSE,N/A,5,N/A,N/A,1,0,1,4,N/A,N/A,N/A,FALSE,FALSE,FALSE,N/A,N/A,FALSE,FALSE,FALSE,FALSE,FALSE,FALSE,FALSE,FALSE,FALSE,FALSE,TRUE,FALSE,FALSE,FALSE,FALSE,FALSE,TRUE,TRUE,FALSE,FALSE,FALSE,FALSE,FALSE,234
,Cherry Boat,cherry_boat,FALSE,FALSE,FALSE,1,TRUE,TRUE,TRUE,FALSE,TRUE,N/A,60,N/A,N/A,1,0,1,4,N/A,N/A,N/A,FALSE,FALSE,FALSE,N/A,N/A,FALSE,FALSE,FALSE,TRUE,FALSE,FALSE,FALSE,FALSE,FALSE,TRUE,TRUE,FALSE,FALSE,FALSE,FALSE,FALSE,TRUE,TRUE,FALSE,FALSE,FALSE,FALSE,FALSE,235
,Cherry Boat With Chest,cherry_chest_boat,FALSE,FALSE,FALSE,1,TRUE,TRUE,TRUE,FALSE,TRUE,N/A,60,N/A,N/A,1,0,1,4,N/A,N/A,N/A,FALSE,FALSE,FALSE,N/A,N/A,FALSE,FALSE,FALSE,TRUE,FALSE,FALSE,FALSE,FALSE,FALSE,FALSE,TRUE,FALSE,FALSE,FALSE,FALSE,FALSE,TRUE,TRUE,FALSE,FALSE,FALSE,FALSE,FALSE,236
,Block Of Bamboo,bamboo_block,FALSE,FALSE,FALSE,64,TRUE,TRUE,FALSE,TRUE,FALSE,N/A,15,N/A,N/A,1,0,1,4,N/A,N/A,N/A,FALSE,FALSE,FALSE,N/A,N/A,FALSE,FALSE,FALSE,FALSE,FALSE,FALSE,FALSE,FALSE,FALSE,TRUE,TRUE,FALSE,FALSE,FALSE,FALSE,FALSE,TRUE,TRUE,FALSE,FALSE,FALSE,FALSE,FALSE,237
,Block Of Stripped Bamboo,stripped_bamboo_block,FALSE,FALSE,FALSE,64,TRUE,TRUE,TRUE,TRUE,FALSE,N/A,15,N/A,N/A,1,0,1,4,N/A,N/A,N/A,FALSE,FALSE,FALSE,N/A,N/A,FALSE,FALSE,FALSE,FALSE,FALSE,FALSE,FALSE,FALSE,FALSE,TRUE,TRUE,FALSE,FALSE,FALSE,FALSE,FALSE,TRUE,TRUE,FALSE,FALSE,FALSE,FALSE,FALSE,238
,Bamboo Planks,bamboo_planks,FALSE,FALSE,FALSE,64,TRUE,TRUE,FALSE,TRUE,FALSE,N/A,15,N/A,N/A,1,0,1,4,N/A,N/A,N/A,FALSE,FALSE,FALSE,N/A,N/A,FALSE,FALSE,FALSE,FALSE,FALSE,FALSE,FALSE,FALSE,FALSE,TRUE,TRUE,TRUE,FALSE,FALSE,FALSE,FALSE,TRUE,TRUE,FALSE,FALSE,FALSE,FALSE,FALSE,239
,Bamboo Slab,bamboo_slab,FALSE,FALSE,FALSE,64,TRUE,TRUE,FALSE,TRUE,FALSE,N/A,7.5,N/A,N/A,1,0,1,4,N/A,N/A,N/A,FALSE,FALSE,FALSE,N/A,N/A,FALSE,FALSE,FALSE,FALSE,FALSE,FALSE,FALSE,FALSE,FALSE,TRUE,TRUE,FALSE,FALSE,FALSE,FALSE,FALSE,TRUE,TRUE,FALSE,FALSE,FALSE,FALSE,FALSE,240
,Bamboo Stairs,bamboo_stairs,FALSE,FALSE,FALSE,64,TRUE,TRUE,FALSE,TRUE,FALSE,N/A,15,N/A,N/A,1,0,1,4,N/A,N/A,N/A,FALSE,FALSE,FALSE,N/A,N/A,FALSE,FALSE,FALSE,FALSE,FALSE,FALSE,FALSE,FALSE,FALSE,FALSE,TRUE,FALSE,FALSE,FALSE,FALSE,FALSE,TRUE,TRUE,FALSE,FALSE,FALSE,FALSE,FALSE,241
,Bamboo Fence,bamboo_fence,FALSE,FALSE,FALSE,64,TRUE,TRUE,FALSE,TRUE,FALSE,N/A,15,N/A,N/A,1,0,1,4,N/A,N/A,N/A,FALSE,FALSE,FALSE,N/A,N/A,FALSE,FALSE,FALSE,FALSE,FALSE,FALSE,FALSE,FALSE,FALSE,FALSE,TRUE,FALSE,FALSE,FALSE,FALSE,FALSE,TRUE,TRUE,FALSE,FALSE,FALSE,FALSE,FALSE,242
,Bamboo Fence Gate,bamboo_fence_gate,FALSE,FALSE,FALSE,64,TRUE,TRUE,FALSE,TRUE,FALSE,N/A,15,N/A,N/A,1,0,1,4,N/A,N/A,N/A,FALSE,FALSE,FALSE,N/A,N/A,FALSE,FALSE,FALSE,FALSE,FALSE,FALSE,FALSE,FALSE,FALSE,FALSE,TRUE,FALSE,FALSE,FALSE,FALSE,FALSE,TRUE,TRUE,FALSE,FALSE,FALSE,FALSE,FALSE,243
,Bamboo Door,bamboo_door,FALSE,FALSE,FALSE,64,TRUE,TRUE,FALSE,TRUE,FALSE,N/A,10,N/A,N/A,1,0,1,4,N/A,N/A,N/A,FALSE,FALSE,FALSE,N/A,N/A,FALSE,FALSE,FALSE,FALSE,FALSE,FALSE,FALSE,FALSE,FALSE,FALSE,TRUE,FALSE,FALSE,FALSE,FALSE,FALSE,TRUE,TRUE,FALSE,FALSE,FALSE,TRUE,FALSE,244
,Bamboo Trapdoor,bamboo_trapdoor,FALSE,FALSE,FALSE,64,TRUE,TRUE,FALSE,TRUE,FALSE,N/A,15,N/A,N/A,1,0,1,4,N/A,N/A,N/A,FALSE,FALSE,FALSE,N/A,N/A,FALSE,FALSE,FALSE,FALSE,FALSE,FALSE,FALSE,FALSE,FALSE,FALSE,TRUE,FALSE,FALSE,FALSE,FALSE,FALSE,TRUE,TRUE,FALSE,FALSE,FALSE,FALSE,FALSE,245
,Bamboo Sign,bamboo_sign,FALSE,FALSE,FALSE,16,TRUE,TRUE,FALSE,TRUE,FALSE,N/A,10,N/A,N/A,1,0,1,4,N/A,N/A,N/A,FALSE,FALSE,FALSE,N/A,N/A,FALSE,FALSE,FALSE,FALSE,FALSE,FALSE,FALSE,FALSE,FALSE,FALSE,TRUE,FALSE,FALSE,FALSE,FALSE,FALSE,TRUE,TRUE,FALSE,FALSE,FALSE,TRUE,FALSE,246
,Bamboo  Hanging Sign,bamboo_hanging_sign,FALSE,FALSE,FALSE,16,TRUE,TRUE,FALSE,TRUE,FALSE,N/A,10,N/A,N/A,1,0,1,4,N/A,N/A,N/A,FALSE,FALSE,FALSE,N/A,N/A,FALSE,FALSE,FALSE,FALSE,FALSE,FALSE,FALSE,FALSE,FALSE,FALSE,TRUE,FALSE,FALSE,FALSE,FALSE,FALSE,TRUE,TRUE,FALSE,FALSE,FALSE,TRUE,FALSE,247
,Bamboo Pressure Plate,bamboo_pressure_plate,FALSE,FALSE,FALSE,64,TRUE,TRUE,FALSE,TRUE,FALSE,N/A,15,N/A,N/A,1,0,1,4,N/A,N/A,N/A,FALSE,FALSE,FALSE,N/A,N/A,FALSE,FALSE,FALSE,FALSE,FALSE,FALSE,FALSE,FALSE,FALSE,FALSE,TRUE,FALSE,FALSE,FALSE,FALSE,FALSE,TRUE,TRUE,FALSE,FALSE,FALSE,FALSE,FALSE,248
,Bamboo Button,bamboo_button,FALSE,FALSE,FALSE,64,TRUE,TRUE,FALSE,TRUE,FALSE,N/A,5,N/A,N/A,1,0,1,4,N/A,N/A,N/A,FALSE,FALSE,FALSE,N/A,N/A,FALSE,FALSE,FALSE,FALSE,FALSE,FALSE,FALSE,FALSE,FALSE,FALSE,TRUE,FALSE,FALSE,FALSE,FALSE,FALSE,TRUE,TRUE,FALSE,FALSE,FALSE,FALSE,FALSE,249
,Bamboo Raft,bamboo_raft,FALSE,FALSE,FALSE,1,TRUE,TRUE,FALSE,FALSE,TRUE,N/A,60,N/A,N/A,1,0,1,4,N/A,N/A,N/A,FALSE,FALSE,FALSE,N/A,N/A,FALSE,FALSE,FALSE,TRUE,FALSE,FALSE,FALSE,FALSE,FALSE,TRUE,TRUE,FALSE,FALSE,FALSE,FALSE,FALSE,TRUE,TRUE,FALSE,FALSE,FALSE,FALSE,FALSE,250
,Bamboo Raft With Chest,bamboo_chest_raft,FALSE,FALSE,FALSE,1,TRUE,TRUE,FALSE,FALSE,TRUE,N/A,60,N/A,N/A,1,0,1,4,N/A,N/A,N/A,FALSE,FALSE,FALSE,N/A,N/A,FALSE,FALSE,FALSE,TRUE,FALSE,FALSE,FALSE,FALSE,FALSE,FALSE,TRUE,FALSE,FALSE,FALSE,FALSE,FALSE,TRUE,TRUE,FALSE,FALSE,FALSE,FALSE,FALSE,251
,Bamboo Mosaic,bamboo_mosaic,FALSE,FALSE,FALSE,64,TRUE,TRUE,FALSE,TRUE,FALSE,N/A,15,N/A,N/A,1,0,1,4,N/A,N/A,N/A,FALSE,FALSE,FALSE,N/A,N/A,FALSE,FALSE,FALSE,FALSE,FALSE,FALSE,FALSE,FALSE,FALSE,TRUE,TRUE,FALSE,FALSE,FALSE,FALSE,FALSE,TRUE,TRUE,FALSE,FALSE,FALSE,FALSE,FALSE,252
,Bamboo Mosaic Slab,bamboo_mosaic_slab,FALSE,FALSE,FALSE,64,TRUE,TRUE,FALSE,TRUE,FALSE,N/A,15,N/A,N/A,1,0,1,4,N/A,N/A,N/A,FALSE,FALSE,FALSE,N/A,N/A,FALSE,FALSE,FALSE,FALSE,FALSE,FALSE,FALSE,FALSE,FALSE,FALSE,TRUE,FALSE,FALSE,FALSE,FALSE,FALSE,TRUE,TRUE,FALSE,FALSE,FALSE,FALSE,FALSE,253
,Bamboo Mosaic Stairs,bamboo_mosaic_stairs,FALSE,FALSE,FALSE,64,TRUE,TRUE,FALSE,TRUE,FALSE,N/A,15,N/A,N/A,1,0,1,4,N/A,N/A,N/A,FALSE,FALSE,FALSE,N/A,N/A,FALSE,FALSE,FALSE,FALSE,FALSE,FALSE,FALSE,FALSE,FALSE,FALSE,TRUE,FALSE,FALSE,FALSE,FALSE,FALSE,TRUE,TRUE,FALSE,FALSE,FALSE,FALSE,FALSE,254
,Warped Stem,warped_stem,FALSE,FALSE,FALSE,64,TRUE,TRUE,FALSE,TRUE,FALSE,N/A,N/A,N/A,N/A,1,0,1,4,N/A,N/A,N/A,FALSE,FALSE,FALSE,N/A,N/A,FALSE,FALSE,FALSE,FALSE,FALSE,FALSE,FALSE,FALSE,FALSE,TRUE,FALSE,FALSE,FALSE,FALSE,FALSE,FALSE,TRUE,TRUE,FALSE,FALSE,FALSE,FALSE,FALSE,255
,Warped Hyphae,warped_hyphae,FALSE,FALSE,FALSE,64,TRUE,TRUE,FALSE,TRUE,FALSE,N/A,N/A,N/A,N/A,1,0,1,4,N/A,N/A,N/A,FALSE,FALSE,FALSE,N/A,N/A,FALSE,FALSE,FALSE,FALSE,FALSE,FALSE,FALSE,FALSE,FALSE,TRUE,TRUE,FALSE,FALSE,FALSE,FALSE,FALSE,TRUE,TRUE,FALSE,FALSE,FALSE,FALSE,FALSE,256
,Stripped Warped Stem,stripped_warped_stem,FALSE,FALSE,FALSE,64,TRUE,TRUE,TRUE,TRUE,FALSE,N/A,N/A,N/A,N/A,1,0,1,4,N/A,N/A,N/A,FALSE,FALSE,FALSE,N/A,N/A,FALSE,FALSE,FALSE,FALSE,FALSE,FALSE,FALSE,FALSE,FALSE,TRUE,FALSE,FALSE,FALSE,FALSE,FALSE,FALSE,TRUE,TRUE,FALSE,FALSE,FALSE,FALSE,FALSE,257
,Stripped Warped Hyphae,stripped_warped_hyphae,FALSE,FALSE,FALSE,64,TRUE,TRUE,TRUE,TRUE,FALSE,N/A,N/A,N/A,N/A,1,0,1,4,N/A,N/A,N/A,FALSE,FALSE,FALSE,N/A,N/A,FALSE,FALSE,FALSE,FALSE,FALSE,FALSE,FALSE,FALSE,FALSE,TRUE,TRUE,FALSE,FALSE,FALSE,FALSE,FALSE,TRUE,TRUE,FALSE,FALSE,FALSE,FALSE,FALSE,258
,Warped Planks,warped_planks,FALSE,FALSE,FALSE,64,TRUE,TRUE,FALSE,TRUE,FALSE,N/A,N/A,N/A,N/A,1,0,1,4,N/A,N/A,N/A,FALSE,FALSE,FALSE,N/A,N/A,FALSE,FALSE,FALSE,FALSE,FALSE,FALSE,FALSE,FALSE,FALSE,TRUE,TRUE,TRUE,FALSE,FALSE,FALSE,FALSE,TRUE,TRUE,FALSE,FALSE,FALSE,FALSE,FALSE,259
,Warped Slab,warped_slab,FALSE,FALSE,FALSE,64,TRUE,TRUE,FALSE,TRUE,FALSE,N/A,N/A,N/A,N/A,1,0,1,4,N/A,N/A,N/A,FALSE,FALSE,FALSE,N/A,N/A,FALSE,FALSE,FALSE,FALSE,FALSE,FALSE,FALSE,FALSE,FALSE,TRUE,TRUE,FALSE,FALSE,FALSE,FALSE,FALSE,TRUE,TRUE,FALSE,FALSE,FALSE,FALSE,FALSE,260
,Warped Stairs,warped_stairs,FALSE,FALSE,FALSE,64,TRUE,TRUE,FALSE,TRUE,FALSE,N/A,N/A,N/A,N/A,1,0,1,4,N/A,N/A,N/A,FALSE,FALSE,FALSE,N/A,N/A,FALSE,FALSE,FALSE,FALSE,FALSE,FALSE,FALSE,FALSE,FALSE,FALSE,TRUE,FALSE,FALSE,FALSE,FALSE,FALSE,TRUE,TRUE,FALSE,FALSE,FALSE,FALSE,FALSE,261
,Warped Fence,warped_fence,FALSE,FALSE,FALSE,64,TRUE,TRUE,FALSE,TRUE,FALSE,N/A,N/A,N/A,N/A,1,0,1,4,N/A,N/A,N/A,FALSE,FALSE,FALSE,N/A,N/A,FALSE,FALSE,FALSE,FALSE,FALSE,FALSE,FALSE,FALSE,FALSE,FALSE,TRUE,FALSE,FALSE,FALSE,FALSE,FALSE,TRUE,TRUE,FALSE,FALSE,FALSE,FALSE,FALSE,262
,Warped Fence Gate,warped_fence_gate,FALSE,FALSE,FALSE,64,TRUE,TRUE,FALSE,TRUE,FALSE,N/A,N/A,N/A,N/A,1,0,1,4,N/A,N/A,N/A,FALSE,FALSE,FALSE,N/A,N/A,FALSE,FALSE,FALSE,FALSE,FALSE,FALSE,FALSE,FALSE,FALSE,FALSE,TRUE,FALSE,FALSE,FALSE,FALSE,FALSE,TRUE,TRUE,FALSE,FALSE,FALSE,FALSE,FALSE,263
,Warped Door,warped_door,FALSE,FALSE,FALSE,64,TRUE,TRUE,FALSE,TRUE,FALSE,N/A,N/A,N/A,N/A,1,0,1,4,N/A,N/A,N/A,FALSE,FALSE,FALSE,N/A,N/A,FALSE,FALSE,FALSE,FALSE,FALSE,FALSE,FALSE,FALSE,FALSE,FALSE,TRUE,FALSE,FALSE,FALSE,FALSE,FALSE,TRUE,TRUE,FALSE,FALSE,FALSE,TRUE,FALSE,264
,Warped Trapdoor,warped_trapdoor,FALSE,FALSE,FALSE,64,TRUE,TRUE,FALSE,TRUE,FALSE,N/A,N/A,N/A,N/A,1,0,1,4,N/A,N/A,N/A,FALSE,FALSE,FALSE,N/A,N/A,FALSE,FALSE,FALSE,FALSE,FALSE,FALSE,FALSE,FALSE,FALSE,FALSE,TRUE,FALSE,FALSE,FALSE,FALSE,FALSE,TRUE,TRUE,FALSE,FALSE,FALSE,FALSE,FALSE,265
,Warped Sign,warped_sign,FALSE,FALSE,FALSE,16,TRUE,TRUE,FALSE,TRUE,FALSE,N/A,N/A,N/A,N/A,1,0,1,4,N/A,N/A,N/A,FALSE,FALSE,FALSE,N/A,N/A,FALSE,FALSE,FALSE,FALSE,FALSE,FALSE,FALSE,FALSE,FALSE,FALSE,TRUE,FALSE,FALSE,FALSE,FALSE,FALSE,TRUE,TRUE,FALSE,FALSE,FALSE,TRUE,FALSE,266
,Warped Hanging Sign,warped_hanging_sign,FALSE,FALSE,FALSE,16,TRUE,TRUE,FALSE,TRUE,FALSE,N/A,10,N/A,N/A,1,0,1,4,N/A,N/A,N/A,FALSE,FALSE,FALSE,N/A,N/A,FALSE,FALSE,FALSE,FALSE,FALSE,FALSE,FALSE,FALSE,FALSE,FALSE,TRUE,FALSE,FALSE,FALSE,FALSE,FALSE,TRUE,TRUE,FALSE,FALSE,FALSE,TRUE,FALSE,267
,Warped Pressure Plate,warped_pressure_plate,FALSE,FALSE,FALSE,64,TRUE,TRUE,FALSE,TRUE,FALSE,N/A,N/A,N/A,N/A,1,0,1,4,N/A,N/A,N/A,FALSE,FALSE,FALSE,N/A,N/A,FALSE,FALSE,FALSE,FALSE,FALSE,FALSE,FALSE,FALSE,FALSE,FALSE,TRUE,FALSE,FALSE,FALSE,FALSE,FALSE,TRUE,TRUE,FALSE,FALSE,FALSE,FALSE,FALSE,268
,Warped Button,warped_button,FALSE,FALSE,FALSE,64,TRUE,TRUE,FALSE,TRUE,FALSE,N/A,N/A,N/A,N/A,1,0,1,4,N/A,N/A,N/A,FALSE,FALSE,FALSE,N/A,N/A,FALSE,FALSE,FALSE,FALSE,FALSE,FALSE,FALSE,FALSE,FALSE,FALSE,TRUE,FALSE,FALSE,FALSE,FALSE,FALSE,TRUE,TRUE,FALSE,FALSE,FALSE,FALSE,FALSE,269
,Crimson Stem,crimson_stem,FALSE,FALSE,FALSE,64,TRUE,TRUE,FALSE,TRUE,FALSE,N/A,N/A,N/A,N/A,1,0,1,4,N/A,N/A,N/A,FALSE,FALSE,FALSE,N/A,N/A,FALSE,FALSE,FALSE,FALSE,FALSE,FALSE,FALSE,FALSE,FALSE,TRUE,FALSE,FALSE,FALSE,FALSE,FALSE,FALSE,TRUE,TRUE,FALSE,FALSE,FALSE,FALSE,FALSE,270
,Crimson Hyphae,crimson_hyphae,FALSE,FALSE,FALSE,64,TRUE,TRUE,FALSE,TRUE,FALSE,N/A,N/A,N/A,N/A,1,0,1,4,N/A,N/A,N/A,FALSE,FALSE,FALSE,N/A,N/A,FALSE,FALSE,FALSE,FALSE,FALSE,FALSE,FALSE,FALSE,FALSE,TRUE,TRUE,FALSE,FALSE,FALSE,FALSE,FALSE,TRUE,TRUE,FALSE,FALSE,FALSE,FALSE,FALSE,271
,Stripped Crimson Stem,stripped_crimson_stem,FALSE,FALSE,FALSE,64,TRUE,TRUE,TRUE,TRUE,FALSE,N/A,N/A,N/A,N/A,1,0,1,4,N/A,N/A,N/A,FALSE,FALSE,FALSE,N/A,N/A,FALSE,FALSE,FALSE,FALSE,FALSE,FALSE,FALSE,FALSE,FALSE,TRUE,FALSE,FALSE,FALSE,FALSE,FALSE,FALSE,TRUE,TRUE,FALSE,FALSE,FALSE,FALSE,FALSE,272
,Stripped Crimson Hyphae,stripped_crimson_hyphae,FALSE,FALSE,FALSE,64,TRUE,TRUE,TRUE,TRUE,FALSE,N/A,N/A,N/A,N/A,1,0,1,4,N/A,N/A,N/A,FALSE,FALSE,FALSE,N/A,N/A,FALSE,FALSE,FALSE,FALSE,FALSE,FALSE,FALSE,FALSE,FALSE,TRUE,TRUE,FALSE,FALSE,FALSE,FALSE,FALSE,TRUE,TRUE,FALSE,FALSE,FALSE,FALSE,FALSE,273
,Crimson Planks,crimson_planks,FALSE,FALSE,FALSE,64,TRUE,TRUE,FALSE,TRUE,FALSE,N/A,N/A,N/A,N/A,1,0,1,4,N/A,N/A,N/A,FALSE,FALSE,FALSE,N/A,N/A,FALSE,FALSE,FALSE,FALSE,FALSE,FALSE,FALSE,FALSE,FALSE,TRUE,TRUE,TRUE,FALSE,FALSE,FALSE,FALSE,TRUE,TRUE,FALSE,FALSE,FALSE,FALSE,FALSE,274
,Crimson Slab,crimson_slab,FALSE,FALSE,FALSE,64,TRUE,TRUE,FALSE,TRUE,FALSE,N/A,N/A,N/A,N/A,1,0,1,4,N/A,N/A,N/A,FALSE,FALSE,FALSE,N/A,N/A,FALSE,FALSE,FALSE,FALSE,FALSE,FALSE,FALSE,FALSE,FALSE,TRUE,TRUE,FALSE,FALSE,FALSE,FALSE,FALSE,TRUE,TRUE,FALSE,FALSE,FALSE,FALSE,FALSE,275
,Crimson Stairs,crimson_stairs,FALSE,FALSE,FALSE,64,TRUE,TRUE,FALSE,TRUE,FALSE,N/A,N/A,N/A,N/A,1,0,1,4,N/A,N/A,N/A,FALSE,FALSE,FALSE,N/A,N/A,FALSE,FALSE,FALSE,FALSE,FALSE,FALSE,FALSE,FALSE,FALSE,FALSE,TRUE,FALSE,FALSE,FALSE,FALSE,FALSE,TRUE,TRUE,FALSE,FALSE,FALSE,FALSE,FALSE,276
,Crimson Fence,crimson_fence,FALSE,FALSE,FALSE,64,TRUE,TRUE,FALSE,TRUE,FALSE,N/A,N/A,N/A,N/A,1,0,1,4,N/A,N/A,N/A,FALSE,FALSE,FALSE,N/A,N/A,FALSE,FALSE,FALSE,FALSE,FALSE,FALSE,FALSE,FALSE,FALSE,FALSE,TRUE,FALSE,FALSE,FALSE,FALSE,FALSE,TRUE,TRUE,FALSE,FALSE,FALSE,FALSE,FALSE,277
,Crimson Fence Gate,crimson_fence_gate,FALSE,FALSE,FALSE,64,TRUE,TRUE,FALSE,TRUE,FALSE,N/A,N/A,N/A,N/A,1,0,1,4,N/A,N/A,N/A,FALSE,FALSE,FALSE,N/A,N/A,FALSE,FALSE,FALSE,FALSE,FALSE,FALSE,FALSE,FALSE,FALSE,FALSE,TRUE,FALSE,FALSE,FALSE,FALSE,FALSE,TRUE,TRUE,FALSE,FALSE,FALSE,FALSE,FALSE,278
,Crimson Door,crimson_door,FALSE,FALSE,FALSE,64,TRUE,TRUE,FALSE,TRUE,FALSE,N/A,N/A,N/A,N/A,1,0,1,4,N/A,N/A,N/A,FALSE,FALSE,FALSE,N/A,N/A,FALSE,FALSE,FALSE,FALSE,FALSE,FALSE,FALSE,FALSE,FALSE,FALSE,TRUE,FALSE,FALSE,FALSE,FALSE,FALSE,TRUE,TRUE,FALSE,FALSE,FALSE,TRUE,FALSE,279
,Crimson Trapdoor,crimson_trapdoor,FALSE,FALSE,FALSE,64,TRUE,TRUE,FALSE,TRUE,FALSE,N/A,N/A,N/A,N/A,1,0,1,4,N/A,N/A,N/A,FALSE,FALSE,FALSE,N/A,N/A,FALSE,FALSE,FALSE,FALSE,FALSE,FALSE,FALSE,FALSE,FALSE,FALSE,TRUE,FALSE,FALSE,FALSE,FALSE,FALSE,TRUE,TRUE,FALSE,FALSE,FALSE,FALSE,FALSE,280
,Crimson Sign,crimson_sign,FALSE,FALSE,FALSE,16,TRUE,TRUE,FALSE,TRUE,FALSE,N/A,N/A,N/A,N/A,1,0,1,4,N/A,N/A,N/A,FALSE,FALSE,FALSE,N/A,N/A,FALSE,FALSE,FALSE,FALSE,FALSE,FALSE,FALSE,FALSE,FALSE,FALSE,TRUE,FALSE,FALSE,FALSE,FALSE,FALSE,TRUE,TRUE,FALSE,FALSE,FALSE,TRUE,FALSE,281
,Crimson Hanging Sign,crimson_hanging_sign,FALSE,FALSE,FALSE,16,TRUE,TRUE,FALSE,TRUE,FALSE,N/A,10,N/A,N/A,1,0,1,4,N/A,N/A,N/A,FALSE,FALSE,FALSE,N/A,N/A,FALSE,FALSE,FALSE,FALSE,FALSE,FALSE,FALSE,FALSE,FALSE,FALSE,TRUE,FALSE,FALSE,FALSE,FALSE,FALSE,TRUE,TRUE,FALSE,FALSE,FALSE,TRUE,FALSE,282
,Crimson Pressure Plate,crimson_pressure_plate,FALSE,FALSE,FALSE,64,TRUE,TRUE,FALSE,TRUE,FALSE,N/A,N/A,N/A,N/A,1,0,1,4,N/A,N/A,N/A,FALSE,FALSE,FALSE,N/A,N/A,FALSE,FALSE,FALSE,FALSE,FALSE,FALSE,FALSE,FALSE,FALSE,FALSE,TRUE,FALSE,FALSE,FALSE,FALSE,FALSE,TRUE,TRUE,FALSE,FALSE,FALSE,FALSE,FALSE,283
,Crimson Button,crimson_button,FALSE,FALSE,FALSE,64,TRUE,TRUE,FALSE,TRUE,FALSE,N/A,N/A,N/A,N/A,1,0,1,4,N/A,N/A,N/A,FALSE,FALSE,FALSE,N/A,N/A,FALSE,FALSE,FALSE,FALSE,FALSE,FALSE,FALSE,FALSE,FALSE,FALSE,TRUE,FALSE,FALSE,FALSE,FALSE,FALSE,TRUE,TRUE,FALSE,FALSE,FALSE,FALSE,FALSE,284
,Petrified Oak Slab,petrified_oak_slab,TRUE,TRUE,TRUE,64,FALSE,FALSE,FALSE,TRUE,FALSE,N/A,N/A,N/A,N/A,1,0,1,4,N/A,N/A,N/A,FALSE,FALSE,FALSE,N/A,N/A,FALSE,FALSE,FALSE,FALSE,FALSE,FALSE,FALSE,FALSE,FALSE,FALSE,FALSE,FALSE,FALSE,FALSE,FALSE,FALSE,TRUE,TRUE,FALSE,FALSE,FALSE,FALSE,FALSE,285
,Gravel,gravel,FALSE,FALSE,FALSE,64,TRUE,TRUE,FALSE,TRUE,FALSE,N/A,N/A,N/A,N/A,1,0,1,4,N/A,N/A,N/A,FALSE,FALSE,FALSE,N/A,N/A,FALSE,FALSE,FALSE,FALSE,FALSE,FALSE,TRUE,FALSE,FALSE,TRUE,FALSE,FALSE,FALSE,FALSE,FALSE,FALSE,TRUE,TRUE,FALSE,FALSE,FALSE,FALSE,FALSE,286
,Suspicious Gravel,suspicious_gravel,FALSE,FALSE,FALSE,64,FALSE,FALSE,FALSE,TRUE,FALSE,N/A,N/A,N/A,N/A,1,0,1,4,N/A,N/A,N/A,FALSE,FALSE,FALSE,N/A,N/A,FALSE,FALSE,FALSE,FALSE,FALSE,FALSE,FALSE,FALSE,FALSE,FALSE,FALSE,FALSE,FALSE,FALSE,FALSE,FALSE,TRUE,TRUE,FALSE,FALSE,FALSE,FALSE,FALSE,287
,Flint,flint,FALSE,FALSE,FALSE,64,TRUE,TRUE,TRUE,FALSE,FALSE,N/A,N/A,N/A,N/A,1,0,1,4,N/A,N/A,N/A,FALSE,FALSE,FALSE,N/A,N/A,FALSE,FALSE,FALSE,FALSE,FALSE,TRUE,TRUE,FALSE,FALSE,TRUE,FALSE,FALSE,FALSE,FALSE,FALSE,FALSE,FALSE,TRUE,FALSE,FALSE,FALSE,FALSE,FALSE,288
,Sand,sand,FALSE,FALSE,FALSE,64,TRUE,FALSE,FALSE,TRUE,FALSE,N/A,N/A,0.1,N/A,1,0,1,4,N/A,N/A,N/A,FALSE,FALSE,FALSE,N/A,N/A,FALSE,FALSE,FALSE,FALSE,FALSE,FALSE,FALSE,TRUE,FALSE,TRUE,FALSE,FALSE,TRUE,FALSE,FALSE,FALSE,TRUE,TRUE,FALSE,FALSE,FALSE,FALSE,FALSE,289
,Suspicious Sand,suspicious_sand,FALSE,FALSE,FALSE,64,FALSE,FALSE,FALSE,TRUE,FALSE,N/A,N/A,N/A,N/A,1,0,1,4,N/A,N/A,N/A,FALSE,FALSE,FALSE,N/A,N/A,FALSE,FALSE,FALSE,FALSE,FALSE,FALSE,FALSE,FALSE,FALSE,FALSE,FALSE,FALSE,FALSE,FALSE,FALSE,FALSE,TRUE,TRUE,FALSE,FALSE,FALSE,FALSE,FALSE,290
,Sandstone,sandstone,FALSE,FALSE,FALSE,64,TRUE,FALSE,FALSE,TRUE,FALSE,N/A,N/A,0.1,N/A,1,0,1,4,N/A,N/A,N/A,FALSE,FALSE,FALSE,N/A,N/A,FALSE,FALSE,FALSE,FALSE,FALSE,FALSE,FALSE,FALSE,FALSE,TRUE,TRUE,FALSE,TRUE,FALSE,FALSE,FALSE,TRUE,TRUE,FALSE,FALSE,FALSE,FALSE,FALSE,291
,Sandstone Slab,sandstone_slab,FALSE,FALSE,FALSE,64,TRUE,FALSE,FALSE,TRUE,FALSE,N/A,N/A,N/A,N/A,1,0,1,4,N/A,N/A,N/A,FALSE,FALSE,FALSE,N/A,N/A,FALSE,FALSE,FALSE,FALSE,FALSE,FALSE,FALSE,FALSE,FALSE,TRUE,TRUE,FALSE,FALSE,FALSE,FALSE,FALSE,TRUE,TRUE,FALSE,FALSE,FALSE,FALSE,FALSE,292
,Sandstone Stairs,sandstone_stairs,FALSE,FALSE,FALSE,64,TRUE,FALSE,FALSE,TRUE,FALSE,N/A,N/A,N/A,N/A,1,0,1,4,N/A,N/A,N/A,FALSE,FALSE,FALSE,N/A,N/A,FALSE,FALSE,FALSE,FALSE,FALSE,FALSE,FALSE,FALSE,FALSE,FALSE,TRUE,FALSE,FALSE,FALSE,FALSE,FALSE,TRUE,TRUE,FALSE,FALSE,FALSE,FALSE,FALSE,293
,Sandstone Wall,sandstone_wall,FALSE,FALSE,FALSE,64,TRUE,FALSE,FALSE,TRUE,FALSE,N/A,N/A,N/A,N/A,1,0,1,4,N/A,N/A,N/A,FALSE,FALSE,FALSE,N/A,N/A,FALSE,FALSE,FALSE,FALSE,FALSE,FALSE,FALSE,FALSE,FALSE,FALSE,TRUE,FALSE,FALSE,FALSE,FALSE,FALSE,TRUE,TRUE,FALSE,FALSE,FALSE,FALSE,FALSE,294
,Smooth Sandstone,smooth_sandstone,FALSE,FALSE,FALSE,64,TRUE,FALSE,FALSE,TRUE,FALSE,N/A,N/A,N/A,N/A,1,0,1,4,N/A,N/A,N/A,FALSE,FALSE,FALSE,N/A,N/A,FALSE,FALSE,FALSE,FALSE,FALSE,FALSE,FALSE,FALSE,FALSE,TRUE,FALSE,FALSE,FALSE,FALSE,FALSE,TRUE,TRUE,TRUE,FALSE,FALSE,FALSE,FALSE,FALSE,295
,Smooth Sandstone Slab,smooth_sandstone_slab,FALSE,FALSE,FALSE,64,TRUE,FALSE,FALSE,TRUE,FALSE,N/A,N/A,N/A,N/A,1,0,1,4,N/A,N/A,N/A,FALSE,FALSE,FALSE,N/A,N/A,FALSE,FALSE,FALSE,FALSE,FALSE,FALSE,FALSE,FALSE,FALSE,FALSE,TRUE,FALSE,FALSE,FALSE,FALSE,FALSE,TRUE,TRUE,FALSE,FALSE,FALSE,FALSE,FALSE,296
,Smooth Sandstone Stairs,smooth_sandstone_stairs,FALSE,FALSE,FALSE,64,TRUE,FALSE,FALSE,TRUE,FALSE,N/A,N/A,N/A,N/A,1,0,1,4,N/A,N/A,N/A,FALSE,FALSE,FALSE,N/A,N/A,FALSE,FALSE,FALSE,FALSE,FALSE,FALSE,FALSE,FALSE,FALSE,FALSE,TRUE,FALSE,FALSE,FALSE,FALSE,FALSE,TRUE,TRUE,FALSE,FALSE,FALSE,FALSE,FALSE,297
,Cut Sandstone,cut_sandstone,FALSE,FALSE,FALSE,64,TRUE,FALSE,FALSE,TRUE,FALSE,N/A,N/A,N/A,N/A,1,0,1,4,N/A,N/A,N/A,FALSE,FALSE,FALSE,N/A,N/A,FALSE,FALSE,FALSE,FALSE,FALSE,FALSE,FALSE,FALSE,FALSE,TRUE,TRUE,FALSE,FALSE,FALSE,FALSE,FALSE,TRUE,TRUE,FALSE,FALSE,FALSE,FALSE,FALSE,298
,Cut Sandstone Slab,cut_sandstone_slab,FALSE,FALSE,FALSE,64,TRUE,FALSE,FALSE,TRUE,FALSE,N/A,N/A,N/A,N/A,1,0,1,4,N/A,N/A,N/A,FALSE,FALSE,FALSE,N/A,N/A,FALSE,FALSE,FALSE,FALSE,FALSE,FALSE,FALSE,FALSE,FALSE,FALSE,TRUE,FALSE,FALSE,FALSE,FALSE,FALSE,TRUE,TRUE,FALSE,FALSE,FALSE,FALSE,FALSE,299
,Chiseled Sandstone,chiseled_sandstone,FALSE,FALSE,FALSE,64,TRUE,FALSE,FALSE,TRUE,FALSE,N/A,N/A,N/A,N/A,1,0,1,4,N/A,N/A,N/A,FALSE,FALSE,FALSE,N/A,N/A,FALSE,FALSE,FALSE,FALSE,FALSE,FALSE,FALSE,FALSE,FALSE,TRUE,TRUE,FALSE,FALSE,FALSE,FALSE,FALSE,TRUE,TRUE,FALSE,FALSE,FALSE,FALSE,FALSE,300
,Red Sand,red_sand,FALSE,FALSE,FALSE,64,TRUE,FALSE,FALSE,TRUE,FALSE,N/A,N/A,0.1,N/A,1,0,1,4,N/A,N/A,N/A,FALSE,FALSE,FALSE,N/A,N/A,FALSE,FALSE,FALSE,FALSE,FALSE,FALSE,FALSE,TRUE,FALSE,TRUE,FALSE,FALSE,TRUE,FALSE,FALSE,FALSE,TRUE,TRUE,FALSE,FALSE,FALSE,FALSE,FALSE,301
,Red Sandstone,red_sandstone,FALSE,FALSE,FALSE,64,TRUE,FALSE,FALSE,TRUE,FALSE,N/A,N/A,0.1,N/A,1,0,1,4,N/A,N/A,N/A,FALSE,FALSE,FALSE,N/A,N/A,FALSE,FALSE,FALSE,FALSE,FALSE,FALSE,FALSE,FALSE,FALSE,TRUE,TRUE,FALSE,TRUE,FALSE,FALSE,FALSE,TRUE,TRUE,FALSE,FALSE,FALSE,FALSE,FALSE,302
,Red Sandstone Slab,red_sandstone_slab,FALSE,FALSE,FALSE,64,TRUE,FALSE,FALSE,TRUE,FALSE,N/A,N/A,N/A,N/A,1,0,1,4,N/A,N/A,N/A,FALSE,FALSE,FALSE,N/A,N/A,FALSE,FALSE,FALSE,FALSE,FALSE,FALSE,FALSE,FALSE,FALSE,FALSE,TRUE,FALSE,FALSE,FALSE,FALSE,FALSE,TRUE,TRUE,FALSE,FALSE,FALSE,FALSE,FALSE,303
,Red Sandstone Stairs,red_sandstone_stairs,FALSE,FALSE,FALSE,64,TRUE,FALSE,FALSE,TRUE,FALSE,N/A,N/A,N/A,N/A,1,0,1,4,N/A,N/A,N/A,FALSE,FALSE,FALSE,N/A,N/A,FALSE,FALSE,FALSE,FALSE,FALSE,FALSE,FALSE,FALSE,FALSE,FALSE,TRUE,FALSE,FALSE,FALSE,FALSE,FALSE,TRUE,TRUE,FALSE,FALSE,FALSE,FALSE,FALSE,304
,Red Sandstone Wall,red_sandstone_wall,FALSE,FALSE,FALSE,64,TRUE,FALSE,FALSE,TRUE,FALSE,N/A,N/A,N/A,N/A,1,0,1,4,N/A,N/A,N/A,FALSE,FALSE,FALSE,N/A,N/A,FALSE,FALSE,FALSE,FALSE,FALSE,FALSE,FALSE,FALSE,FALSE,FALSE,TRUE,FALSE,FALSE,FALSE,FALSE,FALSE,TRUE,TRUE,FALSE,FALSE,FALSE,FALSE,FALSE,305
,Smooth Red Sandstone,smooth_red_sandstone,FALSE,FALSE,FALSE,64,TRUE,FALSE,FALSE,TRUE,FALSE,N/A,N/A,N/A,N/A,1,0,1,4,N/A,N/A,N/A,FALSE,FALSE,FALSE,N/A,N/A,FALSE,FALSE,FALSE,FALSE,FALSE,FALSE,FALSE,FALSE,FALSE,TRUE,FALSE,FALSE,FALSE,FALSE,FALSE,TRUE,TRUE,TRUE,FALSE,FALSE,FALSE,FALSE,FALSE,306
,Smooth Red Sandstone Slab,smooth_red_sandstone_slab,FALSE,FALSE,FALSE,64,TRUE,FALSE,FALSE,TRUE,FALSE,N/A,N/A,N/A,N/A,1,0,1,4,N/A,N/A,N/A,FALSE,FALSE,FALSE,N/A,N/A,FALSE,FALSE,FALSE,FALSE,FALSE,FALSE,FALSE,FALSE,FALSE,FALSE,TRUE,FALSE,FALSE,FALSE,FALSE,FALSE,TRUE,TRUE,FALSE,FALSE,FALSE,FALSE,FALSE,307
,Smooth Red Sandstone Stairs,smooth_red_sandstone_stairs,FALSE,FALSE,FALSE,64,TRUE,FALSE,FALSE,TRUE,FALSE,N/A,N/A,N/A,N/A,1,0,1,4,N/A,N/A,N/A,FALSE,FALSE,FALSE,N/A,N/A,FALSE,FALSE,FALSE,FALSE,FALSE,FALSE,FALSE,FALSE,FALSE,FALSE,TRUE,FALSE,FALSE,FALSE,FALSE,FALSE,TRUE,TRUE,FALSE,FALSE,FALSE,FALSE,FALSE,308
,Cut Red Sandstone,cut_red_sandstone,FALSE,FALSE,FALSE,64,TRUE,FALSE,FALSE,TRUE,FALSE,N/A,N/A,N/A,N/A,1,0,1,4,N/A,N/A,N/A,FALSE,FALSE,FALSE,N/A,N/A,FALSE,FALSE,FALSE,FALSE,FALSE,FALSE,FALSE,FALSE,FALSE,TRUE,TRUE,FALSE,FALSE,FALSE,FALSE,FALSE,TRUE,TRUE,FALSE,FALSE,FALSE,FALSE,FALSE,309
,Cut Red Sandstone Slab,cut_red_sandstone_slab,FALSE,FALSE,FALSE,64,TRUE,FALSE,FALSE,TRUE,FALSE,N/A,N/A,N/A,N/A,1,0,1,4,N/A,N/A,N/A,FALSE,FALSE,FALSE,N/A,N/A,FALSE,FALSE,FALSE,FALSE,FALSE,FALSE,FALSE,FALSE,FALSE,FALSE,TRUE,FALSE,FALSE,FALSE,FALSE,FALSE,TRUE,TRUE,FALSE,FALSE,FALSE,FALSE,FALSE,310
,Chiseled Red Sandstone,chiseled_red_sandstone,FALSE,FALSE,FALSE,64,TRUE,FALSE,FALSE,TRUE,FALSE,N/A,N/A,N/A,N/A,1,0,1,4,N/A,N/A,N/A,FALSE,FALSE,FALSE,N/A,N/A,FALSE,FALSE,FALSE,FALSE,FALSE,FALSE,FALSE,FALSE,FALSE,TRUE,TRUE,FALSE,FALSE,FALSE,FALSE,FALSE,TRUE,TRUE,FALSE,FALSE,FALSE,FALSE,FALSE,311
,Emerald Ore,emerald_ore,FALSE,FALSE,FALSE,64,FALSE,FALSE,FALSE,TRUE,FALSE,N/A,N/A,1,N/A,1,0,1,4,N/A,N/A,N/A,FALSE,FALSE,FALSE,N/A,N/A,FALSE,FALSE,FALSE,FALSE,FALSE,FALSE,FALSE,FALSE,FALSE,FALSE,FALSE,FALSE,TRUE,FALSE,TRUE,FALSE,TRUE,TRUE,FALSE,FALSE,FALSE,FALSE,FALSE,312
,Deepslate Emerald Ore,deepslate_emerald_ore,FALSE,FALSE,FALSE,64,FALSE,FALSE,FALSE,TRUE,FALSE,N/A,N/A,1,N/A,1,0,1,4,N/A,N/A,N/A,FALSE,FALSE,FALSE,N/A,N/A,FALSE,FALSE,FALSE,FALSE,FALSE,FALSE,FALSE,FALSE,FALSE,FALSE,FALSE,FALSE,TRUE,FALSE,TRUE,FALSE,TRUE,TRUE,FALSE,FALSE,FALSE,FALSE,FALSE,313
,Coal Ore,coal_ore,FALSE,FALSE,FALSE,64,FALSE,FALSE,FALSE,TRUE,FALSE,N/A,N/A,0.1,N/A,1,0,1,4,N/A,N/A,N/A,FALSE,FALSE,FALSE,N/A,N/A,FALSE,FALSE,FALSE,FALSE,FALSE,FALSE,FALSE,FALSE,FALSE,FALSE,FALSE,FALSE,TRUE,FALSE,TRUE,FALSE,TRUE,TRUE,FALSE,FALSE,FALSE,FALSE,FALSE,314
,Deepslate Coal Ore,deepslate_coal_ore,FALSE,FALSE,FALSE,64,FALSE,FALSE,FALSE,TRUE,FALSE,N/A,N/A,0.1,N/A,1,0,1,4,N/A,N/A,N/A,FALSE,FALSE,FALSE,N/A,N/A,FALSE,FALSE,FALSE,FALSE,FALSE,FALSE,FALSE,FALSE,FALSE,FALSE,FALSE,FALSE,TRUE,FALSE,TRUE,FALSE,TRUE,TRUE,FALSE,FALSE,FALSE,FALSE,FALSE,315
,Copper Ore,copper_ore,FALSE,FALSE,FALSE,64,FALSE,FALSE,FALSE,TRUE,FALSE,N/A,N/A,0.7,N/A,1,0,1,4,N/A,N/A,N/A,FALSE,FALSE,FALSE,N/A,N/A,FALSE,FALSE,FALSE,FALSE,FALSE,FALSE,FALSE,FALSE,FALSE,FALSE,FALSE,FALSE,TRUE,FALSE,TRUE,FALSE,TRUE,TRUE,FALSE,FALSE,FALSE,FALSE,FALSE,316
,Deepslate Copper Ore,deepslate_copper_ore,FALSE,FALSE,FALSE,64,FALSE,FALSE,FALSE,TRUE,FALSE,N/A,N/A,0.7,N/A,1,0,1,4,N/A,N/A,N/A,FALSE,FALSE,FALSE,N/A,N/A,FALSE,FALSE,FALSE,FALSE,FALSE,FALSE,FALSE,FALSE,FALSE,FALSE,FALSE,FALSE,TRUE,FALSE,TRUE,FALSE,TRUE,TRUE,FALSE,FALSE,FALSE,FALSE,FALSE,317
,Iron Ore,iron_ore,FALSE,FALSE,FALSE,64,FALSE,FALSE,FALSE,TRUE,FALSE,N/A,N/A,0.7,N/A,1,0,1,4,N/A,N/A,N/A,FALSE,FALSE,FALSE,N/A,N/A,FALSE,FALSE,FALSE,FALSE,FALSE,FALSE,FALSE,FALSE,FALSE,FALSE,FALSE,FALSE,TRUE,FALSE,TRUE,FALSE,TRUE,TRUE,FALSE,FALSE,FALSE,FALSE,FALSE,318
,Deepslate Iron Ore,deepslate_iron_ore,FALSE,FALSE,FALSE,64,FALSE,FALSE,FALSE,TRUE,FALSE,N/A,N/A,0.7,N/A,1,0,1,4,N/A,N/A,N/A,FALSE,FALSE,FALSE,N/A,N/A,FALSE,FALSE,FALSE,FALSE,FALSE,FALSE,FALSE,FALSE,FALSE,FALSE,FALSE,FALSE,TRUE,FALSE,TRUE,FALSE,TRUE,TRUE,FALSE,FALSE,FALSE,FALSE,FALSE,319
,Lapis Lazuli Ore,lapis_ore,FALSE,FALSE,FALSE,64,FALSE,FALSE,FALSE,TRUE,FALSE,N/A,N/A,0.2,N/A,1,0,1,4,N/A,N/A,N/A,FALSE,FALSE,FALSE,N/A,N/A,FALSE,FALSE,FALSE,FALSE,FALSE,FALSE,FALSE,FALSE,FALSE,FALSE,FALSE,FALSE,TRUE,FALSE,TRUE,FALSE,TRUE,TRUE,FALSE,FALSE,FALSE,FALSE,FALSE,320
,Deepslate Lapis Lazuli Ore,deepslate_lapis_ore,FALSE,FALSE,FALSE,64,FALSE,FALSE,FALSE,TRUE,FALSE,N/A,N/A,0.2,N/A,1,0,1,4,N/A,N/A,N/A,FALSE,FALSE,FALSE,N/A,N/A,FALSE,FALSE,FALSE,FALSE,FALSE,FALSE,FALSE,FALSE,FALSE,FALSE,FALSE,FALSE,TRUE,FALSE,TRUE,FALSE,TRUE,TRUE,FALSE,FALSE,FALSE,FALSE,FALSE,321
,Gold Ore,gold_ore,FALSE,FALSE,FALSE,64,FALSE,FALSE,FALSE,TRUE,FALSE,N/A,N/A,1,N/A,1,0,1,4,N/A,N/A,N/A,FALSE,FALSE,FALSE,N/A,N/A,FALSE,FALSE,FALSE,FALSE,FALSE,FALSE,FALSE,FALSE,FALSE,FALSE,FALSE,FALSE,TRUE,FALSE,TRUE,FALSE,TRUE,TRUE,FALSE,FALSE,FALSE,FALSE,FALSE,322
,Deepslate Gold Ore,deepslate_gold_ore,FALSE,FALSE,FALSE,64,FALSE,FALSE,FALSE,TRUE,FALSE,N/A,N/A,1,N/A,1,0,1,4,N/A,N/A,N/A,FALSE,FALSE,FALSE,N/A,N/A,FALSE,FALSE,FALSE,FALSE,FALSE,FALSE,FALSE,FALSE,FALSE,FALSE,FALSE,FALSE,TRUE,FALSE,TRUE,FALSE,TRUE,TRUE,FALSE,FALSE,FALSE,FALSE,FALSE,323
,Redstone Ore,redstone_ore,FALSE,FALSE,FALSE,64,FALSE,FALSE,FALSE,TRUE,FALSE,N/A,N/A,0.3,N/A,1,0,1,4,N/A,N/A,N/A,FALSE,FALSE,FALSE,N/A,N/A,FALSE,FALSE,FALSE,FALSE,FALSE,FALSE,FALSE,FALSE,FALSE,FALSE,FALSE,FALSE,TRUE,FALSE,TRUE,FALSE,TRUE,TRUE,FALSE,FALSE,FALSE,FALSE,FALSE,324
,Deepslate Redstone Ore,deepslate_redstone_ore,FALSE,FALSE,FALSE,64,FALSE,FALSE,FALSE,TRUE,FALSE,N/A,N/A,0.3,N/A,1,0,1,4,N/A,N/A,N/A,FALSE,FALSE,FALSE,N/A,N/A,FALSE,FALSE,FALSE,FALSE,FALSE,FALSE,FALSE,FALSE,FALSE,FALSE,FALSE,FALSE,TRUE,FALSE,TRUE,FALSE,TRUE,TRUE,FALSE,FALSE,FALSE,FALSE,FALSE,325
,Diamond Ore,diamond_ore,FALSE,FALSE,FALSE,64,FALSE,FALSE,FALSE,TRUE,FALSE,N/A,N/A,1,N/A,1,0,1,4,N/A,N/A,N/A,FALSE,FALSE,FALSE,N/A,N/A,FALSE,FALSE,FALSE,FALSE,FALSE,FALSE,FALSE,FALSE,FALSE,FALSE,FALSE,FALSE,TRUE,FALSE,TRUE,FALSE,TRUE,TRUE,FALSE,FALSE,FALSE,FALSE,FALSE,326
,Deepslate Diamond Ore,deepslate_diamond_ore,FALSE,FALSE,FALSE,64,FALSE,FALSE,FALSE,TRUE,FALSE,N/A,N/A,1,N/A,1,0,1,4,N/A,N/A,N/A,FALSE,FALSE,FALSE,N/A,N/A,FALSE,FALSE,FALSE,FALSE,FALSE,FALSE,FALSE,FALSE,FALSE,FALSE,FALSE,FALSE,TRUE,FALSE,TRUE,FALSE,TRUE,TRUE,FALSE,FALSE,FALSE,FALSE,FALSE,327
,Nether Quartz Ore,nether_quartz_ore,FALSE,FALSE,FALSE,64,FALSE,FALSE,FALSE,TRUE,FALSE,N/A,N/A,0.2,N/A,1,0,1,4,N/A,N/A,N/A,FALSE,FALSE,FALSE,N/A,N/A,FALSE,FALSE,FALSE,FALSE,FALSE,FALSE,FALSE,FALSE,FALSE,FALSE,FALSE,FALSE,TRUE,FALSE,TRUE,FALSE,TRUE,TRUE,FALSE,FALSE,FALSE,FALSE,FALSE,328
,Nether Gold Ore,nether_gold_ore,FALSE,FALSE,FALSE,64,FALSE,FALSE,FALSE,TRUE,FALSE,N/A,N/A,1,N/A,1,0,1,4,N/A,N/A,N/A,FALSE,FALSE,FALSE,N/A,N/A,FALSE,FALSE,FALSE,FALSE,FALSE,FALSE,FALSE,FALSE,FALSE,FALSE,FALSE,FALSE,TRUE,FALSE,TRUE,FALSE,TRUE,TRUE,FALSE,FALSE,FALSE,FALSE,FALSE,329
,Ancient Debris,ancient_debris,FALSE,FALSE,FALSE,64,FALSE,FALSE,FALSE,TRUE,FALSE,N/A,N/A,2,N/A,1,0,1,4,N/A,N/A,N/A,FALSE,FALSE,FALSE,N/A,N/A,TRUE,FALSE,FALSE,FALSE,FALSE,FALSE,FALSE,FALSE,FALSE,FALSE,FALSE,FALSE,TRUE,FALSE,TRUE,FALSE,TRUE,TRUE,FALSE,FALSE,FALSE,FALSE,FALSE,330
,Emerald,emerald,FALSE,FALSE,FALSE,64,TRUE,TRUE,FALSE,FALSE,FALSE,N/A,N/A,N/A,N/A,1,0,1,4,N/A,N/A,N/A,FALSE,FALSE,FALSE,N/A,N/A,FALSE,FALSE,FALSE,FALSE,FALSE,TRUE,TRUE,FALSE,FALSE,TRUE,TRUE,FALSE,FALSE,FALSE,FALSE,TRUE,FALSE,TRUE,FALSE,FALSE,FALSE,FALSE,FALSE,331
,Block Of Emerald,emerald_block,FALSE,FALSE,FALSE,64,TRUE,TRUE,FALSE,TRUE,FALSE,N/A,N/A,N/A,N/A,1,0,1,4,N/A,N/A,N/A,FALSE,FALSE,FALSE,N/A,N/A,FALSE,FALSE,FALSE,FALSE,FALSE,FALSE,FALSE,FALSE,FALSE,TRUE,TRUE,FALSE,FALSE,FALSE,FALSE,FALSE,TRUE,TRUE,FALSE,FALSE,FALSE,FALSE,FALSE,332
,Coal,coal,FALSE,FALSE,FALSE,64,TRUE,TRUE,FALSE,FALSE,FALSE,N/A,80,N/A,N/A,1,0,1,4,N/A,N/A,N/A,FALSE,FALSE,FALSE,N/A,N/A,FALSE,FALSE,FALSE,FALSE,FALSE,FALSE,TRUE,FALSE,FALSE,TRUE,TRUE,FALSE,FALSE,FALSE,FALSE,TRUE,TRUE,TRUE,FALSE,FALSE,FALSE,FALSE,FALSE,333
,Block Of Coal,coal_block,FALSE,FALSE,FALSE,64,TRUE,TRUE,FALSE,TRUE,FALSE,N/A,800,N/A,N/A,1,0,1,4,N/A,N/A,N/A,FALSE,FALSE,FALSE,N/A,N/A,FALSE,FALSE,FALSE,FALSE,FALSE,FALSE,FALSE,FALSE,FALSE,TRUE,TRUE,FALSE,FALSE,FALSE,FALSE,FALSE,TRUE,TRUE,FALSE,FALSE,FALSE,FALSE,FALSE,334
,Raw Copper,raw_copper,FALSE,FALSE,FALSE,64,FALSE,FALSE,FALSE,FALSE,FALSE,N/A,N/A,0.7,N/A,1,0,1,4,N/A,N/A,N/A,FALSE,FALSE,FALSE,N/A,N/A,FALSE,FALSE,FALSE,FALSE,FALSE,FALSE,FALSE,FALSE,FALSE,TRUE,TRUE,FALSE,TRUE,FALSE,TRUE,FALSE,FALSE,TRUE,FALSE,FALSE,FALSE,FALSE,FALSE,335
,Block Of Raw Copper,raw_copper_block,FALSE,FALSE,FALSE,64,FALSE,FALSE,FALSE,TRUE,FALSE,N/A,N/A,N/A,N/A,1,0,1,4,N/A,N/A,N/A,FALSE,FALSE,FALSE,N/A,N/A,FALSE,FALSE,FALSE,FALSE,FALSE,FALSE,FALSE,FALSE,FALSE,TRUE,TRUE,FALSE,FALSE,FALSE,FALSE,FALSE,TRUE,TRUE,FALSE,FALSE,FALSE,FALSE,FALSE,336
,Copper ingot,copper_ingot,FALSE,FALSE,FALSE,64,TRUE,TRUE,FALSE,FALSE,FALSE,N/A,N/A,N/A,N/A,1,0,1,4,N/A,N/A,N/A,FALSE,FALSE,FALSE,N/A,N/A,FALSE,FALSE,FALSE,FALSE,FALSE,FALSE,FALSE,FALSE,FALSE,TRUE,TRUE,FALSE,FALSE,FALSE,FALSE,TRUE,TRUE,TRUE,FALSE,FALSE,FALSE,FALSE,FALSE,337
,Block Of Copper,copper_block,FALSE,FALSE,FALSE,64,TRUE,TRUE,FALSE,TRUE,FALSE,N/A,N/A,N/A,N/A,1,0,1,4,N/A,N/A,N/A,FALSE,FALSE,FALSE,N/A,N/A,FALSE,FALSE,FALSE,FALSE,FALSE,FALSE,FALSE,FALSE,FALSE,TRUE,TRUE,FALSE,FALSE,FALSE,FALSE,FALSE,TRUE,TRUE,FALSE,FALSE,FALSE,FALSE,FALSE,338
,Exposed Block Of Copper,exposed_copper,FALSE,FALSE,FALSE,64,TRUE,TRUE,FALSE,TRUE,FALSE,N/A,N/A,N/A,N/A,1,0,1,4,N/A,N/A,N/A,FALSE,FALSE,FALSE,N/A,N/A,FALSE,FALSE,FALSE,FALSE,FALSE,FALSE,FALSE,FALSE,FALSE,TRUE,FALSE,FALSE,FALSE,FALSE,FALSE,FALSE,TRUE,TRUE,FALSE,FALSE,FALSE,FALSE,FALSE,339
,Weathered Block Of Copper,weathered_copper,FALSE,FALSE,FALSE,64,TRUE,TRUE,FALSE,TRUE,FALSE,N/A,N/A,N/A,N/A,1,0,1,4,N/A,N/A,N/A,FALSE,FALSE,FALSE,N/A,N/A,FALSE,FALSE,FALSE,FALSE,FALSE,FALSE,FALSE,FALSE,FALSE,TRUE,FALSE,FALSE,FALSE,FALSE,FALSE,FALSE,TRUE,TRUE,FALSE,FALSE,FALSE,FALSE,FALSE,340
,Oxidized Block Of Copper,oxidized_copper,FALSE,FALSE,FALSE,64,TRUE,TRUE,FALSE,TRUE,FALSE,N/A,N/A,N/A,N/A,1,0,1,4,N/A,N/A,N/A,FALSE,FALSE,FALSE,N/A,N/A,FALSE,FALSE,FALSE,FALSE,FALSE,FALSE,FALSE,FALSE,FALSE,TRUE,FALSE,FALSE,FALSE,FALSE,FALSE,FALSE,TRUE,TRUE,FALSE,FALSE,FALSE,FALSE,FALSE,341
,Cut Copper,cut_copper,FALSE,FALSE,FALSE,64,TRUE,TRUE,FALSE,TRUE,FALSE,N/A,N/A,N/A,N/A,1,0,1,4,N/A,N/A,N/A,FALSE,FALSE,FALSE,N/A,N/A,FALSE,FALSE,FALSE,FALSE,FALSE,FALSE,FALSE,FALSE,FALSE,TRUE,TRUE,FALSE,FALSE,FALSE,FALSE,FALSE,TRUE,TRUE,FALSE,FALSE,FALSE,FALSE,FALSE,342
,Exposed Cut Copper,exposed_cut_copper,FALSE,FALSE,FALSE,64,TRUE,TRUE,FALSE,TRUE,FALSE,N/A,N/A,N/A,N/A,1,0,1,4,N/A,N/A,N/A,FALSE,FALSE,FALSE,N/A,N/A,FALSE,FALSE,FALSE,FALSE,FALSE,FALSE,FALSE,FALSE,FALSE,TRUE,TRUE,FALSE,FALSE,FALSE,FALSE,FALSE,TRUE,TRUE,FALSE,FALSE,FALSE,FALSE,FALSE,343
,Weathered Cut Copper,weathered_cut_copper,FALSE,FALSE,FALSE,64,TRUE,TRUE,FALSE,TRUE,FALSE,N/A,N/A,N/A,N/A,1,0,1,4,N/A,N/A,N/A,FALSE,FALSE,FALSE,N/A,N/A,FALSE,FALSE,FALSE,FALSE,FALSE,FALSE,FALSE,FALSE,FALSE,TRUE,TRUE,FALSE,FALSE,FALSE,FALSE,FALSE,TRUE,TRUE,FALSE,FALSE,FALSE,FALSE,FALSE,344
,Oxidized Cut Copper,oxidized_cut_copper,FALSE,FALSE,FALSE,64,TRUE,TRUE,FALSE,TRUE,FALSE,N/A,N/A,N/A,N/A,1,0,1,4,N/A,N/A,N/A,FALSE,FALSE,FALSE,N/A,N/A,FALSE,FALSE,FALSE,FALSE,FALSE,FALSE,FALSE,FALSE,FALSE,TRUE,TRUE,FALSE,FALSE,FALSE,FALSE,FALSE,TRUE,TRUE,FALSE,FALSE,FALSE,FALSE,FALSE,345
,Cut Copper Slab,cut_copper_slab,FALSE,FALSE,FALSE,64,TRUE,TRUE,FALSE,TRUE,FALSE,N/A,N/A,N/A,N/A,1,0,1,4,N/A,N/A,N/A,FALSE,FALSE,FALSE,N/A,N/A,FALSE,FALSE,FALSE,FALSE,FALSE,FALSE,FALSE,FALSE,FALSE,TRUE,TRUE,FALSE,FALSE,FALSE,FALSE,FALSE,TRUE,TRUE,FALSE,FALSE,FALSE,FALSE,FALSE,346
,Exposed Cut Copper Slab,exposed_cut_copper_slab,FALSE,FALSE,FALSE,64,TRUE,TRUE,FALSE,TRUE,FALSE,N/A,N/A,N/A,N/A,1,0,1,4,N/A,N/A,N/A,FALSE,FALSE,FALSE,N/A,N/A,FALSE,FALSE,FALSE,FALSE,FALSE,FALSE,FALSE,FALSE,FALSE,TRUE,TRUE,FALSE,FALSE,FALSE,FALSE,FALSE,TRUE,TRUE,FALSE,FALSE,FALSE,FALSE,FALSE,347
,Weathered Cut Copper Slab,weathered_cut_copper_slab,FALSE,FALSE,FALSE,64,TRUE,TRUE,FALSE,TRUE,FALSE,N/A,N/A,N/A,N/A,1,0,1,4,N/A,N/A,N/A,FALSE,FALSE,FALSE,N/A,N/A,FALSE,FALSE,FALSE,FALSE,FALSE,FALSE,FALSE,FALSE,FALSE,TRUE,TRUE,FALSE,FALSE,FALSE,FALSE,FALSE,TRUE,TRUE,FALSE,FALSE,FALSE,FALSE,FALSE,348
,Oxidized Cut Copper Slab,oxidized_cut_copper_slab,FALSE,FALSE,FALSE,64,TRUE,TRUE,FALSE,TRUE,FALSE,N/A,N/A,N/A,N/A,1,0,1,4,N/A,N/A,N/A,FALSE,FALSE,FALSE,N/A,N/A,FALSE,FALSE,FALSE,FALSE,FALSE,FALSE,FALSE,FALSE,FALSE,TRUE,TRUE,FALSE,FALSE,FALSE,FALSE,FALSE,TRUE,TRUE,FALSE,FALSE,FALSE,FALSE,FALSE,349
,Cut Copper Stairs,cut_copper_stairs,FALSE,FALSE,FALSE,64,TRUE,TRUE,FALSE,TRUE,FALSE,N/A,N/A,N/A,N/A,1,0,1,4,N/A,N/A,N/A,FALSE,FALSE,FALSE,N/A,N/A,FALSE,FALSE,FALSE,FALSE,FALSE,FALSE,FALSE,FALSE,FALSE,TRUE,TRUE,FALSE,FALSE,FALSE,FALSE,FALSE,TRUE,TRUE,FALSE,FALSE,FALSE,FALSE,FALSE,350
,Exposed Cut Copper Stairs,exposed_cut_copper_stairs,FALSE,FALSE,FALSE,64,TRUE,TRUE,FALSE,TRUE,FALSE,N/A,N/A,N/A,N/A,1,0,1,4,N/A,N/A,N/A,FALSE,FALSE,FALSE,N/A,N/A,FALSE,FALSE,FALSE,FALSE,FALSE,FALSE,FALSE,FALSE,FALSE,TRUE,TRUE,FALSE,FALSE,FALSE,FALSE,FALSE,TRUE,TRUE,FALSE,FALSE,FALSE,FALSE,FALSE,351
,Weathered Cut Copper Stairs,weathered_cut_copper_stairs,FALSE,FALSE,FALSE,64,TRUE,TRUE,FALSE,TRUE,FALSE,N/A,N/A,N/A,N/A,1,0,1,4,N/A,N/A,N/A,FALSE,FALSE,FALSE,N/A,N/A,FALSE,FALSE,FALSE,FALSE,FALSE,FALSE,FALSE,FALSE,FALSE,TRUE,TRUE,FALSE,FALSE,FALSE,FALSE,FALSE,TRUE,TRUE,FALSE,FALSE,FALSE,FALSE,FALSE,352
,Oxidized Cut Copper Stairs,oxidized_cut_copper_stairs,FALSE,FALSE,FALSE,64,TRUE,TRUE,FALSE,TRUE,FALSE,N/A,N/A,N/A,N/A,1,0,1,4,N/A,N/A,N/A,FALSE,FALSE,FALSE,N/A,N/A,FALSE,FALSE,FALSE,FALSE,FALSE,FALSE,FALSE,FALSE,FALSE,TRUE,TRUE,FALSE,FALSE,FALSE,FALSE,FALSE,TRUE,TRUE,FALSE,FALSE,FALSE,FALSE,FALSE,353
,Chiseled Copper,chiseled_copper,FALSE,FALSE,FALSE,64,TRUE,TRUE,FALSE,TRUE,FALSE,N/A,N/A,N/A,N/A,1,0,1,4,N/A,N/A,N/A,FALSE,FALSE,FALSE,N/A,N/A,FALSE,FALSE,FALSE,FALSE,FALSE,FALSE,FALSE,FALSE,FALSE,TRUE,TRUE,FALSE,FALSE,FALSE,FALSE,FALSE,TRUE,TRUE,FALSE,FALSE,FALSE,FALSE,FALSE,354
,Exposed Chiseled Copper,exposed_chiseled_copper,FALSE,FALSE,FALSE,64,TRUE,TRUE,FALSE,TRUE,FALSE,N/A,N/A,N/A,N/A,1,0,1,4,N/A,N/A,N/A,FALSE,FALSE,FALSE,N/A,N/A,FALSE,FALSE,FALSE,FALSE,FALSE,FALSE,FALSE,FALSE,FALSE,TRUE,TRUE,FALSE,FALSE,FALSE,FALSE,FALSE,TRUE,TRUE,FALSE,FALSE,FALSE,FALSE,FALSE,355
,Weathered Chiseled Copper,weathered_chiseled_copper,FALSE,FALSE,FALSE,64,TRUE,TRUE,FALSE,TRUE,FALSE,N/A,N/A,N/A,N/A,1,0,1,4,N/A,N/A,N/A,FALSE,FALSE,FALSE,N/A,N/A,FALSE,FALSE,FALSE,FALSE,FALSE,FALSE,FALSE,FALSE,FALSE,TRUE,TRUE,FALSE,FALSE,FALSE,FALSE,FALSE,TRUE,TRUE,FALSE,FALSE,FALSE,FALSE,FALSE,356
,Oxidized Chiseled Copper,oxidized_chiseled_copper,FALSE,FALSE,FALSE,64,TRUE,TRUE,FALSE,TRUE,FALSE,N/A,N/A,N/A,N/A,1,0,1,4,N/A,N/A,N/A,FALSE,FALSE,FALSE,N/A,N/A,FALSE,FALSE,FALSE,FALSE,FALSE,FALSE,FALSE,FALSE,FALSE,TRUE,TRUE,FALSE,FALSE,FALSE,FALSE,FALSE,TRUE,TRUE,FALSE,FALSE,FALSE,FALSE,FALSE,357
,Copper Grate,copper_grate,FALSE,FALSE,FALSE,64,TRUE,TRUE,FALSE,TRUE,FALSE,N/A,N/A,N/A,N/A,1,0,1,4,N/A,N/A,N/A,FALSE,FALSE,FALSE,N/A,N/A,FALSE,FALSE,FALSE,FALSE,FALSE,FALSE,FALSE,FALSE,FALSE,TRUE,TRUE,FALSE,FALSE,FALSE,FALSE,FALSE,TRUE,TRUE,FALSE,FALSE,FALSE,FALSE,FALSE,358
,Exposed Copper Grate,exposed_copper_grate,FALSE,FALSE,FALSE,64,TRUE,TRUE,FALSE,TRUE,FALSE,N/A,N/A,N/A,N/A,1,0,1,4,N/A,N/A,N/A,FALSE,FALSE,FALSE,N/A,N/A,FALSE,FALSE,FALSE,FALSE,FALSE,FALSE,FALSE,FALSE,FALSE,TRUE,TRUE,FALSE,FALSE,FALSE,FALSE,FALSE,TRUE,TRUE,FALSE,FALSE,FALSE,FALSE,FALSE,359
,Weathered Copper Grate,weathered_copper_grate,FALSE,FALSE,FALSE,64,TRUE,TRUE,FALSE,TRUE,FALSE,N/A,N/A,N/A,N/A,1,0,1,4,N/A,N/A,N/A,FALSE,FALSE,FALSE,N/A,N/A,FALSE,FALSE,FALSE,FALSE,FALSE,FALSE,FALSE,FALSE,FALSE,TRUE,TRUE,FALSE,FALSE,FALSE,FALSE,FALSE,TRUE,TRUE,FALSE,FALSE,FALSE,FALSE,FALSE,360
,Oxidized Copper Grate,oxidized_copper_grate,FALSE,FALSE,FALSE,64,TRUE,TRUE,FALSE,TRUE,FALSE,N/A,N/A,N/A,N/A,1,0,1,4,N/A,N/A,N/A,FALSE,FALSE,FALSE,N/A,N/A,FALSE,FALSE,FALSE,FALSE,FALSE,FALSE,FALSE,FALSE,FALSE,TRUE,TRUE,FALSE,FALSE,FALSE,FALSE,FALSE,TRUE,TRUE,FALSE,FALSE,FALSE,FALSE,FALSE,361
,Copper Bulb,copper_bulb,FALSE,FALSE,FALSE,64,TRUE,TRUE,FALSE,TRUE,FALSE,N/A,N/A,N/A,N/A,1,0,1,4,N/A,N/A,N/A,FALSE,FALSE,FALSE,N/A,N/A,FALSE,FALSE,FALSE,FALSE,FALSE,FALSE,FALSE,FALSE,FALSE,TRUE,TRUE,FALSE,FALSE,FALSE,FALSE,FALSE,TRUE,TRUE,FALSE,FALSE,FALSE,FALSE,FALSE,362
,Exposed Copper Bulb,exposed_copper_bulb,FALSE,FALSE,FALSE,64,TRUE,TRUE,FALSE,TRUE,FALSE,N/A,N/A,N/A,N/A,1,0,1,4,N/A,N/A,N/A,FALSE,FALSE,FALSE,N/A,N/A,FALSE,FALSE,FALSE,FALSE,FALSE,FALSE,FALSE,FALSE,FALSE,TRUE,TRUE,FALSE,FALSE,FALSE,FALSE,FALSE,TRUE,TRUE,FALSE,FALSE,FALSE,FALSE,FALSE,363
,Weathered Copper Bulb,weathered_copper_bulb,FALSE,FALSE,FALSE,64,TRUE,TRUE,FALSE,TRUE,FALSE,N/A,N/A,N/A,N/A,1,0,1,4,N/A,N/A,N/A,FALSE,FALSE,FALSE,N/A,N/A,FALSE,FALSE,FALSE,FALSE,FALSE,FALSE,FALSE,FALSE,FALSE,TRUE,TRUE,FALSE,FALSE,FALSE,FALSE,FALSE,TRUE,TRUE,FALSE,FALSE,FALSE,FALSE,FALSE,364
,Oxidized Copper Bulb,oxidized_copper_bulb,FALSE,FALSE,FALSE,64,TRUE,TRUE,FALSE,TRUE,FALSE,N/A,N/A,N/A,N/A,1,0,1,4,N/A,N/A,N/A,FALSE,FALSE,FALSE,N/A,N/A,FALSE,FALSE,FALSE,FALSE,FALSE,FALSE,FALSE,FALSE,FALSE,TRUE,TRUE,FALSE,FALSE,FALSE,FALSE,FALSE,TRUE,TRUE,FALSE,FALSE,FALSE,FALSE,FALSE,365
,Copper Door,copper_door,FALSE,FALSE,FALSE,64,TRUE,TRUE,FALSE,TRUE,FALSE,N/A,N/A,N/A,N/A,1,0,1,4,N/A,N/A,N/A,FALSE,FALSE,FALSE,N/A,N/A,FALSE,FALSE,FALSE,FALSE,FALSE,FALSE,FALSE,FALSE,FALSE,TRUE,TRUE,FALSE,FALSE,FALSE,FALSE,FALSE,TRUE,TRUE,FALSE,FALSE,FALSE,TRUE,FALSE,366
,Exposed Copper Door,exposed_copper_door,FALSE,FALSE,FALSE,64,TRUE,TRUE,FALSE,TRUE,FALSE,N/A,N/A,N/A,N/A,1,0,1,4,N/A,N/A,N/A,FALSE,FALSE,FALSE,N/A,N/A,FALSE,FALSE,FALSE,FALSE,FALSE,FALSE,FALSE,FALSE,FALSE,TRUE,TRUE,FALSE,FALSE,FALSE,FALSE,FALSE,TRUE,TRUE,FALSE,FALSE,FALSE,TRUE,FALSE,367
,Weathered Copper Door,weathered_copper_door,FALSE,FALSE,FALSE,64,TRUE,TRUE,FALSE,TRUE,FALSE,N/A,N/A,N/A,N/A,1,0,1,4,N/A,N/A,N/A,FALSE,FALSE,FALSE,N/A,N/A,FALSE,FALSE,FALSE,FALSE,FALSE,FALSE,FALSE,FALSE,FALSE,TRUE,TRUE,FALSE,FALSE,FALSE,FALSE,FALSE,TRUE,TRUE,FALSE,FALSE,FALSE,TRUE,FALSE,368
,Oxidized Copper Door,oxidized_copper_door,FALSE,FALSE,FALSE,64,TRUE,TRUE,FALSE,TRUE,FALSE,N/A,N/A,N/A,N/A,1,0,1,4,N/A,N/A,N/A,FALSE,FALSE,FALSE,N/A,N/A,FALSE,FALSE,FALSE,FALSE,FALSE,FALSE,FALSE,FALSE,FALSE,TRUE,TRUE,FALSE,FALSE,FALSE,FALSE,FALSE,TRUE,TRUE,FALSE,FALSE,FALSE,TRUE,FALSE,369
,Copper Trapdoor,copper_trapdoor,FALSE,FALSE,FALSE,64,TRUE,TRUE,FALSE,TRUE,FALSE,N/A,N/A,N/A,N/A,1,0,1,4,N/A,N/A,N/A,FALSE,FALSE,FALSE,N/A,N/A,FALSE,FALSE,FALSE,FALSE,FALSE,FALSE,FALSE,FALSE,FALSE,TRUE,TRUE,FALSE,FALSE,FALSE,FALSE,FALSE,TRUE,TRUE,FALSE,FALSE,FALSE,FALSE,FALSE,370
,Exposed Copper Trapdoor,exposed_copper_trapdoor,FALSE,FALSE,FALSE,64,TRUE,TRUE,FALSE,TRUE,FALSE,N/A,N/A,N/A,N/A,1,0,1,4,N/A,N/A,N/A,FALSE,FALSE,FALSE,N/A,N/A,FALSE,FALSE,FALSE,FALSE,FALSE,FALSE,FALSE,FALSE,FALSE,TRUE,TRUE,FALSE,FALSE,FALSE,FALSE,FALSE,TRUE,TRUE,FALSE,FALSE,FALSE,FALSE,FALSE,371
,Weathered Copper Trapdoor,weathered_copper_trapdoor,FALSE,FALSE,FALSE,64,TRUE,TRUE,FALSE,TRUE,FALSE,N/A,N/A,N/A,N/A,1,0,1,4,N/A,N/A,N/A,FALSE,FALSE,FALSE,N/A,N/A,FALSE,FALSE,FALSE,FALSE,FALSE,FALSE,FALSE,FALSE,FALSE,TRUE,TRUE,FALSE,FALSE,FALSE,FALSE,FALSE,TRUE,TRUE,FALSE,FALSE,FALSE,FALSE,FALSE,372
,Oxidized Copper Trapdoor,oxidized_copper_trapdoor,FALSE,FALSE,FALSE,64,TRUE,TRUE,FALSE,TRUE,FALSE,N/A,N/A,N/A,N/A,1,0,1,4,N/A,N/A,N/A,FALSE,FALSE,FALSE,N/A,N/A,FALSE,FALSE,FALSE,FALSE,FALSE,FALSE,FALSE,FALSE,FALSE,TRUE,TRUE,FALSE,FALSE,FALSE,FALSE,FALSE,TRUE,TRUE,FALSE,FALSE,FALSE,FALSE,FALSE,373
,Waxed Block Of Copper,waxed_copper_block,FALSE,FALSE,FALSE,64,TRUE,TRUE,FALSE,TRUE,FALSE,N/A,N/A,N/A,N/A,1,0,1,4,N/A,N/A,N/A,FALSE,FALSE,FALSE,N/A,N/A,FALSE,FALSE,FALSE,FALSE,FALSE,FALSE,FALSE,FALSE,FALSE,TRUE,TRUE,FALSE,FALSE,FALSE,FALSE,FALSE,TRUE,TRUE,FALSE,FALSE,FALSE,FALSE,FALSE,374
,Waxed Exposed Block Of Copper,waxed_exposed_copper,FALSE,FALSE,FALSE,64,TRUE,TRUE,FALSE,TRUE,FALSE,N/A,N/A,N/A,N/A,1,0,1,4,N/A,N/A,N/A,FALSE,FALSE,FALSE,N/A,N/A,FALSE,FALSE,FALSE,FALSE,FALSE,FALSE,FALSE,FALSE,FALSE,TRUE,TRUE,FALSE,FALSE,FALSE,FALSE,FALSE,TRUE,TRUE,FALSE,FALSE,FALSE,FALSE,FALSE,375
,Waxed Weathered Block Of Copper,waxed_weathered_copper,FALSE,FALSE,FALSE,64,TRUE,TRUE,FALSE,TRUE,FALSE,N/A,N/A,N/A,N/A,1,0,1,4,N/A,N/A,N/A,FALSE,FALSE,FALSE,N/A,N/A,FALSE,FALSE,FALSE,FALSE,FALSE,FALSE,FALSE,FALSE,FALSE,TRUE,TRUE,FALSE,FALSE,FALSE,FALSE,FALSE,TRUE,TRUE,FALSE,FALSE,FALSE,FALSE,FALSE,376
,Waxed Oxidized Block Of Copper,waxed_oxidized_copper,FALSE,FALSE,FALSE,64,TRUE,TRUE,FALSE,TRUE,FALSE,N/A,N/A,N/A,N/A,1,0,1,4,N/A,N/A,N/A,FALSE,FALSE,FALSE,N/A,N/A,FALSE,FALSE,FALSE,FALSE,FALSE,FALSE,FALSE,FALSE,FALSE,TRUE,TRUE,FALSE,FALSE,FALSE,FALSE,FALSE,TRUE,TRUE,FALSE,FALSE,FALSE,FALSE,FALSE,377
,Waxed Cut Copper,waxed_cut_copper,FALSE,FALSE,FALSE,64,TRUE,TRUE,FALSE,TRUE,FALSE,N/A,N/A,N/A,N/A,1,0,1,4,N/A,N/A,N/A,FALSE,FALSE,FALSE,N/A,N/A,FALSE,FALSE,FALSE,FALSE,FALSE,FALSE,FALSE,FALSE,FALSE,TRUE,TRUE,FALSE,FALSE,FALSE,FALSE,FALSE,TRUE,TRUE,FALSE,FALSE,FALSE,FALSE,FALSE,378
,Waxed Exposed Cut Copper,waxed_exposed_cut_copper,FALSE,FALSE,FALSE,64,TRUE,TRUE,FALSE,TRUE,FALSE,N/A,N/A,N/A,N/A,1,0,1,4,N/A,N/A,N/A,FALSE,FALSE,FALSE,N/A,N/A,FALSE,FALSE,FALSE,FALSE,FALSE,FALSE,FALSE,FALSE,FALSE,TRUE,TRUE,FALSE,FALSE,FALSE,FALSE,FALSE,TRUE,TRUE,FALSE,FALSE,FALSE,FALSE,FALSE,379
,Waxed Weathered Cut Copper,waxed_weathered_cut_copper,FALSE,FALSE,FALSE,64,TRUE,TRUE,FALSE,TRUE,FALSE,N/A,N/A,N/A,N/A,1,0,1,4,N/A,N/A,N/A,FALSE,FALSE,FALSE,N/A,N/A,FALSE,FALSE,FALSE,FALSE,FALSE,FALSE,FALSE,FALSE,FALSE,TRUE,TRUE,FALSE,FALSE,FALSE,FALSE,FALSE,TRUE,TRUE,FALSE,FALSE,FALSE,FALSE,FALSE,380
,Waxed Oxidized Cut Copper,waxed_oxidized_cut_copper,FALSE,FALSE,FALSE,64,TRUE,TRUE,FALSE,TRUE,FALSE,N/A,N/A,N/A,N/A,1,0,1,4,N/A,N/A,N/A,FALSE,FALSE,FALSE,N/A,N/A,FALSE,FALSE,FALSE,FALSE,FALSE,FALSE,FALSE,FALSE,FALSE,TRUE,TRUE,FALSE,FALSE,FALSE,FALSE,FALSE,TRUE,TRUE,FALSE,FALSE,FALSE,FALSE,FALSE,381
,Waxed Cut Copper Slab,waxed_cut_copper_slab,FALSE,FALSE,FALSE,64,TRUE,TRUE,FALSE,TRUE,FALSE,N/A,N/A,N/A,N/A,1,0,1,4,N/A,N/A,N/A,FALSE,FALSE,FALSE,N/A,N/A,FALSE,FALSE,FALSE,FALSE,FALSE,FALSE,FALSE,FALSE,FALSE,TRUE,TRUE,FALSE,FALSE,FALSE,FALSE,FALSE,TRUE,TRUE,FALSE,FALSE,FALSE,FALSE,FALSE,382
,Waxed Exposed Cut Copper Slab,waxed_exposed_cut_copper_slab,FALSE,FALSE,FALSE,64,TRUE,TRUE,FALSE,TRUE,FALSE,N/A,N/A,N/A,N/A,1,0,1,4,N/A,N/A,N/A,FALSE,FALSE,FALSE,N/A,N/A,FALSE,FALSE,FALSE,FALSE,FALSE,FALSE,FALSE,FALSE,FALSE,TRUE,TRUE,FALSE,FALSE,FALSE,FALSE,FALSE,TRUE,TRUE,FALSE,FALSE,FALSE,FALSE,FALSE,383
,Waxed Weathered Cut Copper Slab,waxed_weathered_cut_copper_slab,FALSE,FALSE,FALSE,64,TRUE,TRUE,FALSE,TRUE,FALSE,N/A,N/A,N/A,N/A,1,0,1,4,N/A,N/A,N/A,FALSE,FALSE,FALSE,N/A,N/A,FALSE,FALSE,FALSE,FALSE,FALSE,FALSE,FALSE,FALSE,FALSE,TRUE,TRUE,FALSE,FALSE,FALSE,FALSE,FALSE,TRUE,TRUE,FALSE,FALSE,FALSE,FALSE,FALSE,384
,Waxed Oxidized Cut Copper Slab,waxed_oxidized_cut_copper_slab,FALSE,FALSE,FALSE,64,TRUE,TRUE,FALSE,TRUE,FALSE,N/A,N/A,N/A,N/A,1,0,1,4,N/A,N/A,N/A,FALSE,FALSE,FALSE,N/A,N/A,FALSE,FALSE,FALSE,FALSE,FALSE,FALSE,FALSE,FALSE,FALSE,TRUE,TRUE,FALSE,FALSE,FALSE,FALSE,FALSE,TRUE,TRUE,FALSE,FALSE,FALSE,FALSE,FALSE,385
,Waxed Cut Copper Stairs,waxed_cut_copper_stairs,FALSE,FALSE,FALSE,64,TRUE,TRUE,FALSE,TRUE,FALSE,N/A,N/A,N/A,N/A,1,0,1,4,N/A,N/A,N/A,FALSE,FALSE,FALSE,N/A,N/A,FALSE,FALSE,FALSE,FALSE,FALSE,FALSE,FALSE,FALSE,FALSE,FALSE,TRUE,FALSE,FALSE,FALSE,FALSE,FALSE,TRUE,TRUE,FALSE,FALSE,FALSE,FALSE,FALSE,386
,Waxed Exposed Cut Copper Stairs,waxed_exposed_cut_copper_stairs,FALSE,FALSE,FALSE,64,TRUE,TRUE,FALSE,TRUE,FALSE,N/A,N/A,N/A,N/A,1,0,1,4,N/A,N/A,N/A,FALSE,FALSE,FALSE,N/A,N/A,FALSE,FALSE,FALSE,FALSE,FALSE,FALSE,FALSE,FALSE,FALSE,FALSE,TRUE,FALSE,FALSE,FALSE,FALSE,FALSE,TRUE,TRUE,FALSE,FALSE,FALSE,FALSE,FALSE,387
,Waxed Weathered Cut Copper Stairs,waxed_weathered_cut_copper_stairs,FALSE,FALSE,FALSE,64,TRUE,TRUE,FALSE,TRUE,FALSE,N/A,N/A,N/A,N/A,1,0,1,4,N/A,N/A,N/A,FALSE,FALSE,FALSE,N/A,N/A,FALSE,FALSE,FALSE,FALSE,FALSE,FALSE,FALSE,FALSE,FALSE,FALSE,TRUE,FALSE,FALSE,FALSE,FALSE,FALSE,TRUE,TRUE,FALSE,FALSE,FALSE,FALSE,FALSE,388
,Waxed Oxidized Cut Copper Stairs,waxed_oxidized_cut_copper_stairs,FALSE,FALSE,FALSE,64,TRUE,TRUE,FALSE,TRUE,FALSE,N/A,N/A,N/A,N/A,1,0,1,4,N/A,N/A,N/A,FALSE,FALSE,FALSE,N/A,N/A,FALSE,FALSE,FALSE,FALSE,FALSE,FALSE,FALSE,FALSE,FALSE,FALSE,TRUE,FALSE,FALSE,FALSE,FALSE,FALSE,TRUE,TRUE,FALSE,FALSE,FALSE,FALSE,FALSE,389
,Waxed Chiseled Copper,waxed_chiseled_copper,FALSE,FALSE,FALSE,64,TRUE,TRUE,FALSE,TRUE,FALSE,N/A,N/A,N/A,N/A,1,0,1,4,N/A,N/A,N/A,FALSE,FALSE,FALSE,N/A,N/A,FALSE,FALSE,FALSE,FALSE,FALSE,FALSE,FALSE,FALSE,FALSE,FALSE,TRUE,FALSE,FALSE,FALSE,FALSE,FALSE,TRUE,TRUE,FALSE,FALSE,FALSE,FALSE,FALSE,390
,Waxed Exposed Chiseled Copper,waxed_exposed_chiseled_copper,FALSE,FALSE,FALSE,64,TRUE,TRUE,FALSE,TRUE,FALSE,N/A,N/A,N/A,N/A,1,0,1,4,N/A,N/A,N/A,FALSE,FALSE,FALSE,N/A,N/A,FALSE,FALSE,FALSE,FALSE,FALSE,FALSE,FALSE,FALSE,FALSE,FALSE,TRUE,FALSE,FALSE,FALSE,FALSE,FALSE,TRUE,TRUE,FALSE,FALSE,FALSE,FALSE,FALSE,391
,Waxed Weathered Chiseled Copper,waxed_weathered_chiseled_copper,FALSE,FALSE,FALSE,64,TRUE,TRUE,FALSE,TRUE,FALSE,N/A,N/A,N/A,N/A,1,0,1,4,N/A,N/A,N/A,FALSE,FALSE,FALSE,N/A,N/A,FALSE,FALSE,FALSE,FALSE,FALSE,FALSE,FALSE,FALSE,FALSE,FALSE,TRUE,FALSE,FALSE,FALSE,FALSE,FALSE,TRUE,TRUE,FALSE,FALSE,FALSE,FALSE,FALSE,392
,Waxed Oxidized Chiseled Copper,waxed_oxidized_chiseled_copper,FALSE,FALSE,FALSE,64,TRUE,TRUE,FALSE,TRUE,FALSE,N/A,N/A,N/A,N/A,1,0,1,4,N/A,N/A,N/A,FALSE,FALSE,FALSE,N/A,N/A,FALSE,FALSE,FALSE,FALSE,FALSE,FALSE,FALSE,FALSE,FALSE,FALSE,TRUE,FALSE,FALSE,FALSE,FALSE,FALSE,TRUE,TRUE,FALSE,FALSE,FALSE,FALSE,FALSE,393
,Waxed Copper Grate,waxed_copper_grate,FALSE,FALSE,FALSE,64,TRUE,TRUE,FALSE,TRUE,FALSE,N/A,N/A,N/A,N/A,1,0,1,4,N/A,N/A,N/A,FALSE,FALSE,FALSE,N/A,N/A,FALSE,FALSE,FALSE,FALSE,FALSE,FALSE,FALSE,FALSE,FALSE,FALSE,TRUE,FALSE,FALSE,FALSE,FALSE,FALSE,TRUE,TRUE,FALSE,FALSE,FALSE,FALSE,FALSE,394
,Waxed Exposed Copper Grate,waxed_exposed_copper_grate,FALSE,FALSE,FALSE,64,TRUE,TRUE,FALSE,TRUE,FALSE,N/A,N/A,N/A,N/A,1,0,1,4,N/A,N/A,N/A,FALSE,FALSE,FALSE,N/A,N/A,FALSE,FALSE,FALSE,FALSE,FALSE,FALSE,FALSE,FALSE,FALSE,FALSE,TRUE,FALSE,FALSE,FALSE,FALSE,FALSE,TRUE,TRUE,FALSE,FALSE,FALSE,FALSE,FALSE,395
,Waxed Weathered Copper Grate,waxed_weathered_copper_grate,FALSE,FALSE,FALSE,64,TRUE,TRUE,FALSE,TRUE,FALSE,N/A,N/A,N/A,N/A,1,0,1,4,N/A,N/A,N/A,FALSE,FALSE,FALSE,N/A,N/A,FALSE,FALSE,FALSE,FALSE,FALSE,FALSE,FALSE,FALSE,FALSE,FALSE,TRUE,FALSE,FALSE,FALSE,FALSE,FALSE,TRUE,TRUE,FALSE,FALSE,FALSE,FALSE,FALSE,396
,Waxed Oxidized Copper Grate,waxed_oxidized_copper_grate,FALSE,FALSE,FALSE,64,TRUE,TRUE,FALSE,TRUE,FALSE,N/A,N/A,N/A,N/A,1,0,1,4,N/A,N/A,N/A,FALSE,FALSE,FALSE,N/A,N/A,FALSE,FALSE,FALSE,FALSE,FALSE,FALSE,FALSE,FALSE,FALSE,FALSE,TRUE,FALSE,FALSE,FALSE,FALSE,FALSE,TRUE,TRUE,FALSE,FALSE,FALSE,FALSE,FALSE,397
,Waxed Copper Bulb,waxed_copper_bulb,FALSE,FALSE,FALSE,64,TRUE,TRUE,FALSE,TRUE,FALSE,N/A,N/A,N/A,N/A,1,0,1,4,N/A,N/A,N/A,FALSE,FALSE,FALSE,N/A,N/A,FALSE,FALSE,FALSE,FALSE,FALSE,FALSE,FALSE,FALSE,FALSE,FALSE,TRUE,FALSE,FALSE,FALSE,FALSE,FALSE,TRUE,TRUE,FALSE,FALSE,FALSE,FALSE,FALSE,398
,Waxed Exposed Copper Bulb,waxed_exposed_copper_bulb,FALSE,FALSE,FALSE,64,TRUE,TRUE,FALSE,TRUE,FALSE,N/A,N/A,N/A,N/A,1,0,1,4,N/A,N/A,N/A,FALSE,FALSE,FALSE,N/A,N/A,FALSE,FALSE,FALSE,FALSE,FALSE,FALSE,FALSE,FALSE,FALSE,FALSE,TRUE,FALSE,FALSE,FALSE,FALSE,FALSE,TRUE,TRUE,FALSE,FALSE,FALSE,FALSE,FALSE,399
,Waxed Weathered Copper Bulb,waxed_weathered_copper_bulb,FALSE,FALSE,FALSE,64,TRUE,TRUE,FALSE,TRUE,FALSE,N/A,N/A,N/A,N/A,1,0,1,4,N/A,N/A,N/A,FALSE,FALSE,FALSE,N/A,N/A,FALSE,FALSE,FALSE,FALSE,FALSE,FALSE,FALSE,FALSE,FALSE,FALSE,TRUE,FALSE,FALSE,FALSE,FALSE,FALSE,TRUE,TRUE,FALSE,FALSE,FALSE,FALSE,FALSE,400
,Waxed Oxidized Copper Bulb,waxed_oxidized_copper_bulb,FALSE,FALSE,FALSE,64,TRUE,TRUE,FALSE,TRUE,FALSE,N/A,N/A,N/A,N/A,1,0,1,4,N/A,N/A,N/A,FALSE,FALSE,FALSE,N/A,N/A,FALSE,FALSE,FALSE,FALSE,FALSE,FALSE,FALSE,FALSE,FALSE,FALSE,TRUE,FALSE,FALSE,FALSE,FALSE,FALSE,TRUE,TRUE,FALSE,FALSE,FALSE,FALSE,FALSE,401
,Waxed Copper Door,waxed_copper_door,FALSE,FALSE,FALSE,64,TRUE,TRUE,FALSE,TRUE,FALSE,N/A,N/A,N/A,N/A,1,0,1,4,N/A,N/A,N/A,FALSE,FALSE,FALSE,N/A,N/A,FALSE,FALSE,FALSE,FALSE,FALSE,FALSE,FALSE,FALSE,FALSE,FALSE,TRUE,FALSE,FALSE,FALSE,FALSE,FALSE,TRUE,TRUE,FALSE,FALSE,FALSE,TRUE,FALSE,402
,Waxed Exposed Copper Door,waxed_exposed_copper_door,FALSE,FALSE,FALSE,64,TRUE,TRUE,FALSE,TRUE,FALSE,N/A,N/A,N/A,N/A,1,0,1,4,N/A,N/A,N/A,FALSE,FALSE,FALSE,N/A,N/A,FALSE,FALSE,FALSE,FALSE,FALSE,FALSE,FALSE,FALSE,FALSE,FALSE,TRUE,FALSE,FALSE,FALSE,FALSE,FALSE,TRUE,TRUE,FALSE,FALSE,FALSE,TRUE,FALSE,403
,Waxed Weathered Copper Door,waxed_weathered_copper_door,FALSE,FALSE,FALSE,64,TRUE,TRUE,FALSE,TRUE,FALSE,N/A,N/A,N/A,N/A,1,0,1,4,N/A,N/A,N/A,FALSE,FALSE,FALSE,N/A,N/A,FALSE,FALSE,FALSE,FALSE,FALSE,FALSE,FALSE,FALSE,FALSE,FALSE,TRUE,FALSE,FALSE,FALSE,FALSE,FALSE,TRUE,TRUE,FALSE,FALSE,FALSE,TRUE,FALSE,404
,Waxed Oxidized Copper Door,waxed_oxidized_copper_door,FALSE,FALSE,FALSE,64,TRUE,TRUE,FALSE,TRUE,FALSE,N/A,N/A,N/A,N/A,1,0,1,4,N/A,N/A,N/A,FALSE,FALSE,FALSE,N/A,N/A,FALSE,FALSE,FALSE,FALSE,FALSE,FALSE,FALSE,FALSE,FALSE,FALSE,TRUE,FALSE,FALSE,FALSE,FALSE,FALSE,TRUE,TRUE,FALSE,FALSE,FALSE,TRUE,FALSE,405
,Waxed Copper Trapdoor,waxed_copper_trapdoor,FALSE,FALSE,FALSE,64,TRUE,TRUE,FALSE,TRUE,FALSE,N/A,N/A,N/A,N/A,1,0,1,4,N/A,N/A,N/A,FALSE,FALSE,FALSE,N/A,N/A,FALSE,FALSE,FALSE,FALSE,FALSE,FALSE,FALSE,FALSE,FALSE,FALSE,TRUE,FALSE,FALSE,FALSE,FALSE,FALSE,TRUE,TRUE,FALSE,FALSE,FALSE,FALSE,FALSE,406
,Waxed Exposed Copper Trapdoor,waxed_exposed_copper_trapdoor,FALSE,FALSE,FALSE,64,TRUE,TRUE,FALSE,TRUE,FALSE,N/A,N/A,N/A,N/A,1,0,1,4,N/A,N/A,N/A,FALSE,FALSE,FALSE,N/A,N/A,FALSE,FALSE,FALSE,FALSE,FALSE,FALSE,FALSE,FALSE,FALSE,FALSE,TRUE,FALSE,FALSE,FALSE,FALSE,FALSE,TRUE,TRUE,FALSE,FALSE,FALSE,FALSE,FALSE,407
,Waxed Weathered Copper Trapdoor,waxed_weathered_copper_trapdoor,FALSE,FALSE,FALSE,64,TRUE,TRUE,FALSE,TRUE,FALSE,N/A,N/A,N/A,N/A,1,0,1,4,N/A,N/A,N/A,FALSE,FALSE,FALSE,N/A,N/A,FALSE,FALSE,FALSE,FALSE,FALSE,FALSE,FALSE,FALSE,FALSE,FALSE,TRUE,FALSE,FALSE,FALSE,FALSE,FALSE,TRUE,TRUE,FALSE,FALSE,FALSE,FALSE,FALSE,408
,Waxed Oxidized Copper Trapdoor,waxed_oxidized_copper_trapdoor,FALSE,FALSE,FALSE,64,TRUE,TRUE,FALSE,TRUE,FALSE,N/A,N/A,N/A,N/A,1,0,1,4,N/A,N/A,N/A,FALSE,FALSE,FALSE,N/A,N/A,FALSE,FALSE,FALSE,FALSE,FALSE,FALSE,FALSE,FALSE,FALSE,FALSE,TRUE,FALSE,FALSE,FALSE,FALSE,FALSE,TRUE,TRUE,FALSE,FALSE,FALSE,FALSE,FALSE,409
,Raw Iron,raw_iron,FALSE,FALSE,FALSE,64,FALSE,FALSE,FALSE,FALSE,FALSE,N/A,N/A,0.7,N/A,1,0,1,4,N/A,N/A,N/A,FALSE,FALSE,FALSE,N/A,N/A,FALSE,FALSE,FALSE,FALSE,FALSE,FALSE,FALSE,FALSE,FALSE,TRUE,TRUE,FALSE,TRUE,FALSE,TRUE,FALSE,FALSE,TRUE,FALSE,FALSE,FALSE,FALSE,FALSE,410
,Block Of Raw Iron,raw_iron_block,FALSE,FALSE,FALSE,64,FALSE,FALSE,FALSE,TRUE,FALSE,N/A,N/A,N/A,N/A,1,0,1,4,N/A,N/A,N/A,FALSE,FALSE,FALSE,N/A,N/A,FALSE,FALSE,FALSE,FALSE,FALSE,FALSE,FALSE,FALSE,FALSE,TRUE,TRUE,FALSE,FALSE,FALSE,FALSE,FALSE,TRUE,TRUE,FALSE,FALSE,FALSE,FALSE,FALSE,411
,Iron Ingot,iron_ingot,FALSE,FALSE,FALSE,64,TRUE,TRUE,FALSE,FALSE,FALSE,N/A,N/A,N/A,N/A,1,0,1,4,N/A,N/A,N/A,FALSE,FALSE,FALSE,N/A,N/A,FALSE,FALSE,FALSE,FALSE,FALSE,FALSE,TRUE,FALSE,FALSE,TRUE,TRUE,TRUE,FALSE,FALSE,FALSE,TRUE,TRUE,TRUE,FALSE,FALSE,FALSE,FALSE,FALSE,412
,Block Of Iron,iron_block,FALSE,FALSE,FALSE,64,TRUE,TRUE,FALSE,TRUE,FALSE,N/A,N/A,N/A,N/A,1,0,1,4,N/A,N/A,N/A,FALSE,FALSE,FALSE,N/A,N/A,FALSE,FALSE,FALSE,FALSE,FALSE,FALSE,FALSE,FALSE,FALSE,TRUE,TRUE,FALSE,FALSE,FALSE,FALSE,FALSE,TRUE,TRUE,FALSE,FALSE,FALSE,FALSE,FALSE,413
,Iron Door,iron_door,FALSE,FALSE,FALSE,64,TRUE,TRUE,FALSE,TRUE,FALSE,N/A,N/A,N/A,N/A,1,0,1,4,N/A,N/A,N/A,FALSE,FALSE,FALSE,N/A,N/A,FALSE,FALSE,FALSE,FALSE,FALSE,FALSE,FALSE,FALSE,FALSE,FALSE,TRUE,FALSE,FALSE,FALSE,FALSE,FALSE,TRUE,TRUE,FALSE,FALSE,FALSE,TRUE,FALSE,414
,Iron Trapdoor,iron_trapdoor,FALSE,FALSE,FALSE,64,TRUE,TRUE,FALSE,TRUE,FALSE,N/A,N/A,N/A,N/A,1,0,1,4,N/A,N/A,N/A,FALSE,FALSE,FALSE,N/A,N/A,FALSE,FALSE,FALSE,FALSE,FALSE,FALSE,FALSE,FALSE,FALSE,FALSE,TRUE,FALSE,FALSE,FALSE,FALSE,FALSE,TRUE,TRUE,FALSE,FALSE,FALSE,FALSE,FALSE,415
,Heavy Weighted Pressure Plate,heavy_weighted_pressure_plate,FALSE,FALSE,FALSE,64,TRUE,TRUE,FALSE,TRUE,FALSE,N/A,N/A,N/A,N/A,1,0,1,4,N/A,N/A,N/A,FALSE,FALSE,FALSE,N/A,N/A,FALSE,FALSE,FALSE,FALSE,FALSE,FALSE,FALSE,FALSE,FALSE,FALSE,TRUE,FALSE,FALSE,FALSE,FALSE,FALSE,TRUE,TRUE,FALSE,FALSE,FALSE,FALSE,FALSE,416
,Iron Nugget,iron_nugget,FALSE,FALSE,FALSE,64,TRUE,TRUE,FALSE,FALSE,FALSE,N/A,N/A,N/A,N/A,1,0,1,4,N/A,N/A,N/A,FALSE,FALSE,FALSE,N/A,N/A,FALSE,FALSE,FALSE,FALSE,FALSE,FALSE,FALSE,FALSE,FALSE,TRUE,TRUE,FALSE,FALSE,FALSE,FALSE,TRUE,FALSE,TRUE,FALSE,FALSE,FALSE,FALSE,FALSE,417
,Lapis Lazuli,lapis_lazuli,FALSE,FALSE,FALSE,64,TRUE,TRUE,TRUE,FALSE,FALSE,N/A,N/A,N/A,N/A,1,0,1,4,N/A,N/A,N/A,FALSE,FALSE,FALSE,N/A,N/A,FALSE,FALSE,FALSE,FALSE,FALSE,TRUE,FALSE,FALSE,FALSE,TRUE,TRUE,FALSE,FALSE,FALSE,FALSE,TRUE,FALSE,TRUE,FALSE,FALSE,FALSE,FALSE,FALSE,418
,Block Of Lapis Lazuli,lapis_block,FALSE,FALSE,FALSE,64,TRUE,TRUE,TRUE,TRUE,FALSE,N/A,N/A,N/A,N/A,1,0,1,4,N/A,N/A,N/A,FALSE,FALSE,FALSE,N/A,N/A,FALSE,FALSE,FALSE,FALSE,FALSE,FALSE,FALSE,FALSE,FALSE,TRUE,TRUE,FALSE,FALSE,FALSE,FALSE,FALSE,TRUE,TRUE,FALSE,FALSE,FALSE,FALSE,FALSE,419
,Raw Gold,raw_gold,FALSE,FALSE,FALSE,64,FALSE,FALSE,FALSE,FALSE,FALSE,N/A,N/A,1,N/A,1,0,1,4,N/A,N/A,N/A,FALSE,FALSE,FALSE,N/A,N/A,FALSE,FALSE,FALSE,FALSE,FALSE,FALSE,FALSE,FALSE,FALSE,TRUE,TRUE,FALSE,TRUE,FALSE,TRUE,FALSE,FALSE,TRUE,FALSE,FALSE,FALSE,FALSE,FALSE,420
,Block Of Raw Gold,raw_gold_block,FALSE,FALSE,FALSE,64,FALSE,FALSE,FALSE,TRUE,FALSE,N/A,N/A,N/A,N/A,1,0,1,4,N/A,N/A,N/A,FALSE,FALSE,FALSE,N/A,N/A,FALSE,FALSE,FALSE,FALSE,FALSE,FALSE,FALSE,FALSE,FALSE,TRUE,TRUE,FALSE,FALSE,FALSE,FALSE,FALSE,TRUE,TRUE,FALSE,FALSE,FALSE,FALSE,FALSE,421
,Gold Ingot,gold_ingot,FALSE,FALSE,FALSE,64,TRUE,TRUE,FALSE,FALSE,FALSE,N/A,N/A,N/A,N/A,1,0,1,4,N/A,N/A,N/A,FALSE,FALSE,FALSE,N/A,N/A,FALSE,FALSE,FALSE,FALSE,FALSE,FALSE,TRUE,FALSE,FALSE,TRUE,TRUE,TRUE,FALSE,FALSE,FALSE,TRUE,TRUE,TRUE,FALSE,FALSE,FALSE,FALSE,FALSE,422
,Block Of Gold,gold_block,FALSE,FALSE,FALSE,64,TRUE,TRUE,FALSE,TRUE,FALSE,N/A,N/A,N/A,N/A,1,0,1,4,N/A,N/A,N/A,FALSE,FALSE,FALSE,N/A,N/A,FALSE,FALSE,FALSE,FALSE,FALSE,FALSE,FALSE,FALSE,FALSE,TRUE,TRUE,FALSE,FALSE,FALSE,FALSE,FALSE,TRUE,TRUE,FALSE,FALSE,FALSE,FALSE,FALSE,423
,Light Weighted Pressure Plate,light_weighted_pressure_plate,FALSE,FALSE,FALSE,64,TRUE,TRUE,FALSE,TRUE,FALSE,N/A,N/A,N/A,N/A,1,0,1,4,N/A,N/A,N/A,FALSE,FALSE,FALSE,N/A,N/A,FALSE,FALSE,FALSE,FALSE,FALSE,FALSE,FALSE,FALSE,FALSE,FALSE,TRUE,FALSE,FALSE,FALSE,FALSE,FALSE,TRUE,TRUE,FALSE,FALSE,FALSE,FALSE,FALSE,424
,Gold Nugget,gold_nugget,FALSE,FALSE,FALSE,64,TRUE,TRUE,FALSE,FALSE,FALSE,N/A,N/A,N/A,N/A,1,0,1,4,N/A,N/A,N/A,FALSE,FALSE,FALSE,N/A,N/A,FALSE,FALSE,FALSE,FALSE,FALSE,FALSE,FALSE,FALSE,FALSE,TRUE,TRUE,FALSE,FALSE,FALSE,FALSE,TRUE,FALSE,TRUE,FALSE,FALSE,FALSE,FALSE,FALSE,425
,Redstone Dust,redstone,FALSE,FALSE,FALSE,64,TRUE,TRUE,FALSE,TRUE,FALSE,N/A,N/A,N/A,N/A,1,0,1,4,N/A,N/A,N/A,FALSE,FALSE,FALSE,N/A,N/A,FALSE,FALSE,FALSE,FALSE,FALSE,TRUE,FALSE,FALSE,FALSE,TRUE,TRUE,FALSE,FALSE,FALSE,FALSE,TRUE,TRUE,TRUE,FALSE,FALSE,FALSE,TRUE,FALSE,426
,Block Of Redstone,redstone_block,FALSE,FALSE,FALSE,64,TRUE,TRUE,FALSE,TRUE,FALSE,N/A,N/A,N/A,N/A,1,0,1,4,N/A,N/A,N/A,FALSE,FALSE,FALSE,N/A,N/A,FALSE,FALSE,FALSE,FALSE,FALSE,FALSE,FALSE,FALSE,FALSE,TRUE,TRUE,FALSE,FALSE,FALSE,FALSE,FALSE,TRUE,TRUE,FALSE,FALSE,FALSE,FALSE,FALSE,427
,Diamond,diamond,FALSE,FALSE,FALSE,64,FALSE,FALSE,FALSE,FALSE,FALSE,N/A,N/A,N/A,N/A,1,0,1,4,N/A,N/A,N/A,FALSE,FALSE,FALSE,N/A,N/A,FALSE,FALSE,FALSE,FALSE,FALSE,FALSE,TRUE,FALSE,FALSE,TRUE,TRUE,TRUE,FALSE,FALSE,FALSE,TRUE,FALSE,TRUE,FALSE,FALSE,FALSE,FALSE,FALSE,428
,Block Of Diamond,diamond_block,FALSE,FALSE,FALSE,64,FALSE,FALSE,FALSE,TRUE,FALSE,N/A,N/A,N/A,N/A,1,0,1,4,N/A,N/A,N/A,FALSE,FALSE,FALSE,N/A,N/A,FALSE,FALSE,FALSE,FALSE,FALSE,FALSE,FALSE,FALSE,FALSE,TRUE,TRUE,FALSE,FALSE,FALSE,FALSE,FALSE,TRUE,TRUE,FALSE,FALSE,FALSE,FALSE,FALSE,429
,Nether Quartz,quartz,FALSE,FALSE,FALSE,64,TRUE,TRUE,FALSE,FALSE,FALSE,N/A,N/A,N/A,N/A,1,0,1,4,N/A,N/A,N/A,FALSE,FALSE,FALSE,N/A,N/A,FALSE,FALSE,FALSE,FALSE,FALSE,FALSE,TRUE,FALSE,FALSE,TRUE,FALSE,FALSE,FALSE,FALSE,FALSE,TRUE,FALSE,TRUE,FALSE,FALSE,FALSE,FALSE,FALSE,430
,Block Of Quartz,quartz_block,FALSE,FALSE,FALSE,64,TRUE,TRUE,FALSE,TRUE,FALSE,N/A,N/A,0.1,N/A,1,0,1,4,N/A,N/A,N/A,FALSE,FALSE,FALSE,N/A,N/A,FALSE,FALSE,FALSE,FALSE,FALSE,TRUE,FALSE,FALSE,FALSE,TRUE,TRUE,FALSE,TRUE,FALSE,FALSE,FALSE,TRUE,TRUE,FALSE,FALSE,FALSE,FALSE,FALSE,431
,Quartz Slab,quartz_slab,FALSE,FALSE,FALSE,64,TRUE,TRUE,FALSE,TRUE,FALSE,N/A,N/A,N/A,N/A,1,0,1,4,N/A,N/A,N/A,FALSE,FALSE,FALSE,N/A,N/A,FALSE,FALSE,FALSE,FALSE,FALSE,FALSE,FALSE,FALSE,FALSE,TRUE,TRUE,FALSE,FALSE,FALSE,FALSE,FALSE,TRUE,TRUE,FALSE,FALSE,FALSE,FALSE,FALSE,432
,Quartz Stairs,quartz_stairs,FALSE,FALSE,FALSE,64,TRUE,TRUE,FALSE,TRUE,FALSE,N/A,N/A,N/A,N/A,1,0,1,4,N/A,N/A,N/A,FALSE,FALSE,FALSE,N/A,N/A,FALSE,FALSE,FALSE,FALSE,FALSE,FALSE,FALSE,FALSE,FALSE,FALSE,TRUE,FALSE,FALSE,FALSE,FALSE,FALSE,TRUE,TRUE,FALSE,FALSE,FALSE,FALSE,FALSE,433
,Smooth Quartz Block,smooth_quartz,FALSE,FALSE,FALSE,64,TRUE,TRUE,FALSE,TRUE,FALSE,N/A,N/A,N/A,N/A,1,0,1,4,N/A,N/A,N/A,FALSE,FALSE,FALSE,N/A,N/A,FALSE,FALSE,FALSE,FALSE,FALSE,FALSE,FALSE,FALSE,FALSE,TRUE,TRUE,FALSE,FALSE,FALSE,FALSE,TRUE,TRUE,TRUE,FALSE,FALSE,FALSE,FALSE,FALSE,434
,Smooth Quartz Slab,smooth_quartz_slab,FALSE,FALSE,FALSE,64,TRUE,TRUE,FALSE,TRUE,FALSE,N/A,N/A,N/A,N/A,1,0,1,4,N/A,N/A,N/A,FALSE,FALSE,FALSE,N/A,N/A,FALSE,FALSE,FALSE,FALSE,FALSE,FALSE,FALSE,FALSE,FALSE,FALSE,TRUE,FALSE,FALSE,FALSE,FALSE,FALSE,TRUE,TRUE,FALSE,FALSE,FALSE,FALSE,FALSE,435
,Smooth Quartz Stairs,smooth_quartz_stairs,FALSE,FALSE,FALSE,64,TRUE,TRUE,FALSE,TRUE,FALSE,N/A,N/A,N/A,N/A,1,0,1,4,N/A,N/A,N/A,FALSE,FALSE,FALSE,N/A,N/A,FALSE,FALSE,FALSE,FALSE,FALSE,FALSE,FALSE,FALSE,FALSE,FALSE,TRUE,FALSE,FALSE,FALSE,FALSE,FALSE,TRUE,TRUE,FALSE,FALSE,FALSE,FALSE,FALSE,436
,Chiseled Quartz Block,chiseled_quartz_block,FALSE,FALSE,FALSE,64,TRUE,TRUE,FALSE,TRUE,FALSE,N/A,N/A,N/A,N/A,1,0,1,4,N/A,N/A,N/A,FALSE,FALSE,FALSE,N/A,N/A,FALSE,FALSE,FALSE,FALSE,FALSE,FALSE,FALSE,FALSE,FALSE,TRUE,TRUE,FALSE,FALSE,FALSE,FALSE,FALSE,TRUE,TRUE,FALSE,FALSE,FALSE,FALSE,FALSE,437
,Quartz Pillar,quartz_pillar,FALSE,FALSE,FALSE,64,TRUE,TRUE,FALSE,TRUE,FALSE,N/A,N/A,N/A,N/A,1,0,1,4,N/A,N/A,N/A,FALSE,FALSE,FALSE,N/A,N/A,FALSE,FALSE,FALSE,FALSE,FALSE,TRUE,FALSE,FALSE,FALSE,TRUE,TRUE,FALSE,FALSE,FALSE,FALSE,FALSE,TRUE,TRUE,FALSE,FALSE,FALSE,FALSE,FALSE,438
,Quartz Bricks,quartz_bricks,FALSE,FALSE,FALSE,64,TRUE,TRUE,FALSE,TRUE,FALSE,N/A,N/A,N/A,N/A,1,0,1,4,N/A,N/A,N/A,FALSE,FALSE,FALSE,N/A,N/A,FALSE,FALSE,FALSE,FALSE,FALSE,FALSE,FALSE,FALSE,FALSE,FALSE,TRUE,FALSE,FALSE,FALSE,FALSE,FALSE,TRUE,TRUE,FALSE,FALSE,FALSE,FALSE,FALSE,439
,Netherite Scrap,netherite_scrap,FALSE,FALSE,FALSE,64,FALSE,FALSE,FALSE,FALSE,FALSE,N/A,N/A,N/A,N/A,1,0,1,4,N/A,N/A,N/A,FALSE,FALSE,FALSE,N/A,N/A,TRUE,FALSE,FALSE,FALSE,FALSE,FALSE,FALSE,FALSE,FALSE,TRUE,FALSE,FALSE,FALSE,FALSE,FALSE,TRUE,FALSE,TRUE,FALSE,FALSE,FALSE,FALSE,FALSE,440
,Netherite Ingot,netherite_ingot,FALSE,FALSE,FALSE,64,FALSE,FALSE,FALSE,FALSE,FALSE,N/A,N/A,N/A,N/A,1,0,1,4,N/A,N/A,N/A,FALSE,FALSE,FALSE,N/A,N/A,TRUE,FALSE,FALSE,FALSE,FALSE,FALSE,FALSE,FALSE,FALSE,TRUE,TRUE,TRUE,FALSE,FALSE,FALSE,FALSE,FALSE,TRUE,FALSE,FALSE,FALSE,FALSE,FALSE,441
,Block Of Netherite,netherite_block,FALSE,FALSE,FALSE,64,FALSE,FALSE,FALSE,TRUE,FALSE,N/A,N/A,N/A,N/A,1,0,1,4,N/A,N/A,N/A,FALSE,FALSE,FALSE,N/A,N/A,TRUE,FALSE,FALSE,FALSE,FALSE,FALSE,FALSE,FALSE,FALSE,TRUE,TRUE,FALSE,FALSE,FALSE,FALSE,FALSE,TRUE,TRUE,FALSE,FALSE,FALSE,FALSE,FALSE,442
,Small Amethyst Bud,small_amethyst_bud,FALSE,FALSE,FALSE,64,TRUE,TRUE,TRUE,TRUE,FALSE,N/A,N/A,N/A,N/A,1,0,1,4,N/A,N/A,N/A,FALSE,FALSE,FALSE,N/A,N/A,FALSE,FALSE,FALSE,FALSE,FALSE,FALSE,FALSE,FALSE,FALSE,FALSE,FALSE,FALSE,FALSE,FALSE,FALSE,FALSE,TRUE,TRUE,FALSE,FALSE,FALSE,TRUE,FALSE,443
,Medium Amethyst Bud,medium_amethyst_bud,FALSE,FALSE,FALSE,64,TRUE,TRUE,TRUE,TRUE,FALSE,N/A,N/A,N/A,N/A,1,0,1,4,N/A,N/A,N/A,FALSE,FALSE,FALSE,N/A,N/A,FALSE,FALSE,FALSE,FALSE,FALSE,FALSE,FALSE,FALSE,FALSE,FALSE,FALSE,FALSE,FALSE,FALSE,FALSE,FALSE,TRUE,TRUE,FALSE,FALSE,FALSE,TRUE,FALSE,444
,Large Amethyst Bud,large_amethyst_bud,FALSE,FALSE,FALSE,64,TRUE,TRUE,TRUE,TRUE,FALSE,N/A,N/A,N/A,N/A,1,0,1,4,N/A,N/A,N/A,FALSE,FALSE,FALSE,N/A,N/A,FALSE,FALSE,FALSE,FALSE,FALSE,FALSE,FALSE,FALSE,FALSE,FALSE,FALSE,FALSE,FALSE,FALSE,FALSE,FALSE,TRUE,TRUE,FALSE,FALSE,FALSE,TRUE,FALSE,445
,Amethyst Cluster,amethyst_cluster,FALSE,FALSE,FALSE,64,TRUE,TRUE,TRUE,TRUE,FALSE,N/A,N/A,N/A,N/A,1,0,1,4,N/A,N/A,N/A,FALSE,FALSE,FALSE,N/A,N/A,FALSE,FALSE,FALSE,FALSE,FALSE,FALSE,FALSE,FALSE,FALSE,FALSE,FALSE,FALSE,FALSE,FALSE,FALSE,FALSE,TRUE,TRUE,FALSE,FALSE,FALSE,TRUE,FALSE,446
,Amethyst Shard,amethyst_shard,FALSE,FALSE,FALSE,64,TRUE,TRUE,FALSE,FALSE,FALSE,N/A,N/A,N/A,N/A,1,0,1,4,N/A,N/A,N/A,FALSE,FALSE,FALSE,N/A,N/A,FALSE,FALSE,FALSE,FALSE,FALSE,FALSE,FALSE,FALSE,FALSE,TRUE,FALSE,FALSE,FALSE,FALSE,FALSE,FALSE,TRUE,TRUE,FALSE,FALSE,FALSE,FALSE,FALSE,447
,Block Of Amethyst,amethyst_block,FALSE,FALSE,FALSE,64,TRUE,TRUE,FALSE,TRUE,FALSE,N/A,N/A,N/A,N/A,1,0,1,4,N/A,N/A,N/A,FALSE,FALSE,FALSE,N/A,N/A,FALSE,FALSE,FALSE,FALSE,FALSE,FALSE,FALSE,FALSE,FALSE,FALSE,TRUE,FALSE,FALSE,FALSE,FALSE,FALSE,TRUE,TRUE,FALSE,FALSE,FALSE,FALSE,FALSE,448
,Budding Amethyst,budding_amethyst,TRUE,FALSE,FALSE,64,FALSE,FALSE,FALSE,TRUE,FALSE,N/A,N/A,N/A,N/A,1,0,1,4,N/A,N/A,N/A,FALSE,FALSE,FALSE,N/A,N/A,FALSE,FALSE,FALSE,FALSE,FALSE,FALSE,FALSE,FALSE,FALSE,FALSE,FALSE,FALSE,FALSE,FALSE,FALSE,FALSE,TRUE,TRUE,FALSE,FALSE,FALSE,FALSE,FALSE,449
,Clay Ball,clay_ball,FALSE,FALSE,FALSE,64,TRUE,TRUE,FALSE,FALSE,FALSE,N/A,N/A,0.3,N/A,1,0,1,4,N/A,N/A,N/A,FALSE,FALSE,FALSE,N/A,N/A,FALSE,FALSE,FALSE,FALSE,FALSE,FALSE,TRUE,FALSE,FALSE,TRUE,FALSE,FALSE,TRUE,FALSE,FALSE,FALSE,FALSE,TRUE,FALSE,FALSE,FALSE,FALSE,FALSE,450
,Clay,clay,FALSE,FALSE,FALSE,64,TRUE,TRUE,FALSE,TRUE,FALSE,N/A,N/A,0.35,N/A,1,0,1,4,N/A,N/A,N/A,FALSE,FALSE,FALSE,N/A,N/A,FALSE,FALSE,FALSE,FALSE,FALSE,FALSE,FALSE,FALSE,FALSE,FALSE,TRUE,FALSE,TRUE,FALSE,FALSE,FALSE,TRUE,TRUE,FALSE,FALSE,FALSE,FALSE,FALSE,451
,Brick,brick,FALSE,FALSE,FALSE,64,TRUE,TRUE,FALSE,FALSE,FALSE,N/A,N/A,N/A,N/A,1,0,1,4,N/A,N/A,N/A,FALSE,FALSE,FALSE,N/A,N/A,FALSE,FALSE,FALSE,FALSE,FALSE,TRUE,FALSE,FALSE,FALSE,TRUE,FALSE,FALSE,FALSE,FALSE,FALSE,TRUE,FALSE,TRUE,FALSE,FALSE,FALSE,FALSE,FALSE,452
,Bricks,bricks,FALSE,FALSE,FALSE,64,TRUE,TRUE,FALSE,TRUE,FALSE,N/A,N/A,N/A,N/A,1,0,1,4,N/A,N/A,N/A,FALSE,FALSE,FALSE,N/A,N/A,FALSE,FALSE,FALSE,FALSE,FALSE,FALSE,FALSE,FALSE,FALSE,TRUE,TRUE,FALSE,FALSE,FALSE,FALSE,FALSE,TRUE,TRUE,FALSE,FALSE,FALSE,FALSE,FALSE,453
,Brick Slab,brick_slab,FALSE,FALSE,FALSE,64,TRUE,TRUE,FALSE,TRUE,FALSE,N/A,N/A,N/A,N/A,1,0,1,4,N/A,N/A,N/A,FALSE,FALSE,FALSE,N/A,N/A,FALSE,FALSE,FALSE,FALSE,FALSE,FALSE,FALSE,FALSE,FALSE,FALSE,TRUE,FALSE,FALSE,FALSE,FALSE,FALSE,TRUE,TRUE,FALSE,FALSE,FALSE,FALSE,FALSE,454
,Brick Stairs,brick_stairs,FALSE,FALSE,FALSE,64,TRUE,TRUE,FALSE,TRUE,FALSE,N/A,N/A,N/A,N/A,1,0,1,4,N/A,N/A,N/A,FALSE,FALSE,FALSE,N/A,N/A,FALSE,FALSE,FALSE,FALSE,FALSE,FALSE,FALSE,FALSE,FALSE,FALSE,TRUE,FALSE,FALSE,FALSE,FALSE,FALSE,TRUE,TRUE,FALSE,FALSE,FALSE,FALSE,FALSE,455
,Brick Wall,brick_wall,FALSE,FALSE,FALSE,64,TRUE,TRUE,FALSE,TRUE,FALSE,N/A,N/A,N/A,N/A,1,0,1,4,N/A,N/A,N/A,FALSE,FALSE,FALSE,N/A,N/A,FALSE,FALSE,FALSE,FALSE,FALSE,FALSE,FALSE,FALSE,FALSE,FALSE,TRUE,FALSE,FALSE,FALSE,FALSE,FALSE,TRUE,TRUE,FALSE,FALSE,FALSE,FALSE,FALSE,456
,Mud,mud,FALSE,FALSE,FALSE,64,TRUE,TRUE,FALSE,TRUE,FALSE,N/A,N/A,N/A,N/A,1,0,1,4,N/A,N/A,N/A,FALSE,FALSE,FALSE,N/A,N/A,FALSE,FALSE,FALSE,FALSE,FALSE,FALSE,FALSE,FALSE,FALSE,TRUE,FALSE,FALSE,FALSE,FALSE,FALSE,FALSE,TRUE,TRUE,FALSE,FALSE,FALSE,FALSE,FALSE,457
,Packed Mud,packed_mud,FALSE,FALSE,FALSE,64,TRUE,TRUE,FALSE,TRUE,FALSE,N/A,N/A,N/A,N/A,1,0,1,4,N/A,N/A,N/A,FALSE,FALSE,FALSE,N/A,N/A,FALSE,FALSE,FALSE,FALSE,FALSE,FALSE,FALSE,FALSE,FALSE,TRUE,TRUE,FALSE,FALSE,FALSE,FALSE,FALSE,TRUE,TRUE,FALSE,FALSE,FALSE,FALSE,FALSE,458
,Mud Bricks,mud_bricks,FALSE,FALSE,FALSE,64,TRUE,TRUE,FALSE,TRUE,FALSE,N/A,N/A,N/A,N/A,1,0,1,4,N/A,N/A,N/A,FALSE,FALSE,FALSE,N/A,N/A,FALSE,FALSE,FALSE,FALSE,FALSE,FALSE,FALSE,FALSE,FALSE,TRUE,TRUE,FALSE,FALSE,FALSE,FALSE,FALSE,TRUE,TRUE,FALSE,FALSE,FALSE,FALSE,FALSE,459
,Mud Brick Slab,mud_brick_slab,FALSE,FALSE,FALSE,64,TRUE,TRUE,FALSE,TRUE,FALSE,N/A,N/A,N/A,N/A,1,0,1,4,N/A,N/A,N/A,FALSE,FALSE,FALSE,N/A,N/A,FALSE,FALSE,FALSE,FALSE,FALSE,FALSE,FALSE,FALSE,FALSE,FALSE,TRUE,FALSE,FALSE,FALSE,FALSE,FALSE,TRUE,TRUE,FALSE,FALSE,FALSE,FALSE,FALSE,460
,Mud Brick Stairs,mud_brick_stairs,FALSE,FALSE,FALSE,64,TRUE,TRUE,FALSE,TRUE,FALSE,N/A,N/A,N/A,N/A,1,0,1,4,N/A,N/A,N/A,FALSE,FALSE,FALSE,N/A,N/A,FALSE,FALSE,FALSE,FALSE,FALSE,FALSE,FALSE,FALSE,FALSE,FALSE,TRUE,FALSE,FALSE,FALSE,FALSE,FALSE,TRUE,TRUE,FALSE,FALSE,FALSE,FALSE,FALSE,461
,Mud Brick Wall,mud_brick_wall,FALSE,FALSE,FALSE,64,TRUE,TRUE,FALSE,TRUE,FALSE,N/A,N/A,N/A,N/A,1,0,1,4,N/A,N/A,N/A,FALSE,FALSE,FALSE,N/A,N/A,FALSE,FALSE,FALSE,FALSE,FALSE,FALSE,FALSE,FALSE,FALSE,FALSE,TRUE,FALSE,FALSE,FALSE,FALSE,FALSE,TRUE,TRUE,FALSE,FALSE,FALSE,FALSE,FALSE,462
,Prismarine Shard,prismarine_shard,FALSE,FALSE,FALSE,64,TRUE,TRUE,FALSE,FALSE,FALSE,N/A,N/A,N/A,N/A,1,0,1,4,N/A,N/A,N/A,FALSE,FALSE,FALSE,N/A,N/A,FALSE,FALSE,FALSE,FALSE,FALSE,FALSE,FALSE,FALSE,FALSE,TRUE,FALSE,FALSE,FALSE,FALSE,FALSE,FALSE,FALSE,TRUE,FALSE,FALSE,FALSE,FALSE,FALSE,463
,Prismarine Crystals,prismarine_crystals,FALSE,FALSE,FALSE,64,TRUE,TRUE,FALSE,FALSE,FALSE,N/A,N/A,N/A,N/A,1,0,1,4,N/A,N/A,N/A,FALSE,FALSE,FALSE,N/A,N/A,FALSE,FALSE,FALSE,FALSE,FALSE,FALSE,FALSE,FALSE,FALSE,TRUE,FALSE,FALSE,FALSE,FALSE,FALSE,FALSE,FALSE,TRUE,FALSE,FALSE,FALSE,FALSE,FALSE,464
,Prismarine,prismarine,FALSE,FALSE,FALSE,64,TRUE,TRUE,FALSE,TRUE,FALSE,N/A,N/A,N/A,N/A,1,0,1,4,N/A,N/A,N/A,FALSE,FALSE,FALSE,N/A,N/A,FALSE,FALSE,FALSE,FALSE,FALSE,FALSE,FALSE,FALSE,FALSE,TRUE,TRUE,FALSE,FALSE,FALSE,FALSE,FALSE,TRUE,TRUE,FALSE,FALSE,FALSE,FALSE,FALSE,465
,Prismarine Slab,prismarine_slab,FALSE,FALSE,FALSE,64,TRUE,TRUE,FALSE,TRUE,FALSE,N/A,N/A,N/A,N/A,1,0,1,4,N/A,N/A,N/A,FALSE,FALSE,FALSE,N/A,N/A,FALSE,FALSE,FALSE,FALSE,FALSE,FALSE,FALSE,FALSE,FALSE,FALSE,TRUE,FALSE,FALSE,FALSE,FALSE,FALSE,TRUE,TRUE,FALSE,FALSE,FALSE,FALSE,FALSE,466
,Prismarine Stairs,prismarine_stairs,FALSE,FALSE,FALSE,64,TRUE,TRUE,FALSE,TRUE,FALSE,N/A,N/A,N/A,N/A,1,0,1,4,N/A,N/A,N/A,FALSE,FALSE,FALSE,N/A,N/A,FALSE,FALSE,FALSE,FALSE,FALSE,FALSE,FALSE,FALSE,FALSE,FALSE,TRUE,FALSE,FALSE,FALSE,FALSE,FALSE,TRUE,TRUE,FALSE,FALSE,FALSE,FALSE,FALSE,467
,Prismarine Wall,prismarine_wall,FALSE,FALSE,FALSE,64,TRUE,TRUE,FALSE,TRUE,FALSE,N/A,N/A,N/A,N/A,1,0,1,4,N/A,N/A,N/A,FALSE,FALSE,FALSE,N/A,N/A,FALSE,FALSE,FALSE,FALSE,FALSE,FALSE,FALSE,FALSE,FALSE,FALSE,TRUE,FALSE,FALSE,FALSE,FALSE,FALSE,TRUE,TRUE,FALSE,FALSE,FALSE,FALSE,FALSE,468
,Prismarine Bricks,prismarine_bricks,FALSE,FALSE,FALSE,64,TRUE,TRUE,FALSE,TRUE,FALSE,N/A,N/A,N/A,N/A,1,0,1,4,N/A,N/A,N/A,FALSE,FALSE,FALSE,N/A,N/A,FALSE,FALSE,FALSE,FALSE,FALSE,FALSE,FALSE,FALSE,FALSE,TRUE,TRUE,FALSE,FALSE,FALSE,FALSE,FALSE,TRUE,TRUE,FALSE,FALSE,FALSE,FALSE,FALSE,469
,Prismarine Brick Slab,prismarine_brick_slab,FALSE,FALSE,FALSE,64,TRUE,TRUE,FALSE,TRUE,FALSE,N/A,N/A,N/A,N/A,1,0,1,4,N/A,N/A,N/A,FALSE,FALSE,FALSE,N/A,N/A,FALSE,FALSE,FALSE,FALSE,FALSE,FALSE,FALSE,FALSE,FALSE,FALSE,TRUE,FALSE,FALSE,FALSE,FALSE,FALSE,TRUE,TRUE,FALSE,FALSE,FALSE,FALSE,FALSE,470
,Prismarine Brick Stairs,prismarine_brick_stairs,FALSE,FALSE,FALSE,64,TRUE,TRUE,FALSE,TRUE,FALSE,N/A,N/A,N/A,N/A,1,0,1,4,N/A,N/A,N/A,FALSE,FALSE,FALSE,N/A,N/A,FALSE,FALSE,FALSE,FALSE,FALSE,FALSE,FALSE,FALSE,FALSE,FALSE,TRUE,FALSE,FALSE,FALSE,FALSE,FALSE,TRUE,TRUE,FALSE,FALSE,FALSE,FALSE,FALSE,471
,Dark Prismarine,dark_prismarine,FALSE,FALSE,FALSE,64,TRUE,TRUE,FALSE,TRUE,FALSE,N/A,N/A,N/A,N/A,1,0,1,4,N/A,N/A,N/A,FALSE,FALSE,FALSE,N/A,N/A,FALSE,FALSE,FALSE,FALSE,FALSE,FALSE,FALSE,FALSE,FALSE,TRUE,TRUE,FALSE,FALSE,FALSE,FALSE,FALSE,TRUE,TRUE,FALSE,FALSE,FALSE,FALSE,FALSE,472
,Dark Prismarine Slab,dark_prismarine_slab,FALSE,FALSE,FALSE,64,TRUE,TRUE,FALSE,TRUE,FALSE,N/A,N/A,N/A,N/A,1,0,1,4,N/A,N/A,N/A,FALSE,FALSE,FALSE,N/A,N/A,FALSE,FALSE,FALSE,FALSE,FALSE,FALSE,FALSE,FALSE,FALSE,FALSE,TRUE,FALSE,FALSE,FALSE,FALSE,FALSE,TRUE,TRUE,FALSE,FALSE,FALSE,FALSE,FALSE,473
,Dark Prismarine Stairs,dark_prismarine_stairs,FALSE,FALSE,FALSE,64,TRUE,TRUE,FALSE,TRUE,FALSE,N/A,N/A,N/A,N/A,1,0,1,4,N/A,N/A,N/A,FALSE,FALSE,FALSE,N/A,N/A,FALSE,FALSE,FALSE,FALSE,FALSE,FALSE,FALSE,FALSE,FALSE,FALSE,TRUE,FALSE,FALSE,FALSE,FALSE,FALSE,TRUE,TRUE,FALSE,FALSE,FALSE,FALSE,FALSE,474
,Sea Lantern,sea_lantern,FALSE,FALSE,FALSE,64,TRUE,TRUE,FALSE,TRUE,FALSE,N/A,N/A,N/A,N/A,1,0,1,4,N/A,N/A,N/A,FALSE,FALSE,FALSE,N/A,N/A,FALSE,FALSE,FALSE,FALSE,FALSE,FALSE,FALSE,FALSE,FALSE,FALSE,TRUE,FALSE,FALSE,FALSE,FALSE,FALSE,TRUE,TRUE,FALSE,FALSE,FALSE,FALSE,FALSE,475
,Sponge,sponge,FALSE,FALSE,FALSE,64,FALSE,FALSE,FALSE,TRUE,FALSE,N/A,N/A,N/A,N/A,1,0,1,4,N/A,N/A,N/A,FALSE,FALSE,FALSE,N/A,N/A,FALSE,FALSE,FALSE,FALSE,FALSE,FALSE,FALSE,FALSE,FALSE,FALSE,FALSE,FALSE,FALSE,FALSE,FALSE,TRUE,TRUE,TRUE,FALSE,FALSE,FALSE,FALSE,FALSE,476
,Wet Sponge,wet_sponge,FALSE,FALSE,FALSE,64,FALSE,FALSE,FALSE,TRUE,FALSE,N/A,N/A,0.15,N/A,1,0,1,4,N/A,N/A,N/A,FALSE,FALSE,FALSE,N/A,N/A,FALSE,FALSE,FALSE,FALSE,FALSE,FALSE,FALSE,FALSE,FALSE,FALSE,FALSE,FALSE,TRUE,FALSE,FALSE,FALSE,TRUE,TRUE,FALSE,FALSE,FALSE,FALSE,FALSE,477
,Snowball,snowball,FALSE,FALSE,FALSE,16,TRUE,TRUE,FALSE,FALSE,TRUE,N/A,N/A,N/A,N/A,1,0,1,4,N/A,N/A,N/A,FALSE,FALSE,FALSE,N/A,N/A,FALSE,FALSE,FALSE,TRUE,FALSE,FALSE,FALSE,FALSE,FALSE,TRUE,FALSE,FALSE,FALSE,FALSE,FALSE,FALSE,TRUE,TRUE,FALSE,FALSE,FALSE,FALSE,FALSE,478
,Snow Block,snow_block,FALSE,FALSE,FALSE,64,TRUE,TRUE,FALSE,TRUE,FALSE,N/A,N/A,N/A,N/A,1,0,1,4,N/A,N/A,N/A,FALSE,FALSE,FALSE,N/A,N/A,FALSE,FALSE,FALSE,FALSE,FALSE,FALSE,FALSE,FALSE,FALSE,TRUE,TRUE,FALSE,FALSE,FALSE,FALSE,FALSE,TRUE,TRUE,FALSE,FALSE,FALSE,FALSE,FALSE,479
,Snow,snow,FALSE,FALSE,FALSE,64,TRUE,TRUE,FALSE,TRUE,FALSE,N/A,N/A,N/A,N/A,1,0,1,4,N/A,N/A,N/A,FALSE,FALSE,FALSE,N/A,N/A,FALSE,FALSE,FALSE,FALSE,FALSE,FALSE,FALSE,FALSE,FALSE,FALSE,TRUE,FALSE,FALSE,FALSE,FALSE,FALSE,TRUE,TRUE,FALSE,FALSE,FALSE,FALSE,FALSE,480
,Ice,ice,FALSE,FALSE,FALSE,64,TRUE,TRUE,TRUE,TRUE,FALSE,N/A,N/A,N/A,N/A,1,0,1,4,N/A,N/A,N/A,FALSE,FALSE,FALSE,N/A,N/A,FALSE,FALSE,FALSE,FALSE,FALSE,FALSE,FALSE,FALSE,FALSE,TRUE,FALSE,FALSE,FALSE,FALSE,FALSE,FALSE,TRUE,TRUE,FALSE,FALSE,FALSE,FALSE,FALSE,481
,Packed Ice,packed_ice,FALSE,FALSE,FALSE,64,TRUE,TRUE,TRUE,TRUE,FALSE,N/A,N/A,N/A,N/A,1,0,1,4,N/A,N/A,N/A,FALSE,FALSE,FALSE,N/A,N/A,FALSE,FALSE,FALSE,FALSE,FALSE,FALSE,FALSE,TRUE,FALSE,TRUE,TRUE,FALSE,FALSE,FALSE,FALSE,FALSE,TRUE,TRUE,FALSE,FALSE,FALSE,FALSE,FALSE,482
,Blue Ice,blue_ice,FALSE,FALSE,FALSE,64,TRUE,TRUE,TRUE,TRUE,FALSE,N/A,N/A,N/A,N/A,1,0,1,4,N/A,N/A,N/A,FALSE,FALSE,FALSE,N/A,N/A,FALSE,FALSE,FALSE,FALSE,FALSE,FALSE,FALSE,TRUE,FALSE,FALSE,TRUE,FALSE,FALSE,FALSE,FALSE,FALSE,TRUE,TRUE,FALSE,FALSE,FALSE,FALSE,FALSE,483
,Netherrack,netherrack,FALSE,FALSE,FALSE,64,FALSE,FALSE,FALSE,TRUE,FALSE,N/A,N/A,0.1,N/A,1,0,1,4,N/A,N/A,N/A,FALSE,FALSE,FALSE,N/A,N/A,FALSE,FALSE,FALSE,FALSE,FALSE,FALSE,FALSE,FALSE,FALSE,TRUE,FALSE,FALSE,TRUE,FALSE,FALSE,FALSE,TRUE,TRUE,FALSE,FALSE,FALSE,FALSE,FALSE,484
,Glowstone Dust,glowstone_dust,FALSE,FALSE,FALSE,64,TRUE,TRUE,FALSE,FALSE,FALSE,N/A,N/A,N/A,N/A,1,0,1,4,N/A,N/A,N/A,FALSE,FALSE,FALSE,N/A,N/A,FALSE,FALSE,FALSE,FALSE,FALSE,FALSE,FALSE,FALSE,FALSE,TRUE,FALSE,FALSE,FALSE,FALSE,FALSE,FALSE,FALSE,TRUE,FALSE,FALSE,FALSE,FALSE,FALSE,485
,Glowstone,glowstone,FALSE,FALSE,FALSE,64,TRUE,TRUE,FALSE,TRUE,FALSE,N/A,N/A,N/A,N/A,1,0,1,4,N/A,N/A,N/A,FALSE,FALSE,FALSE,N/A,N/A,FALSE,FALSE,FALSE,TRUE,FALSE,TRUE,FALSE,TRUE,FALSE,TRUE,TRUE,FALSE,FALSE,FALSE,FALSE,FALSE,TRUE,TRUE,FALSE,FALSE,FALSE,FALSE,FALSE,486
,Shroomlight,shroomlight,FALSE,FALSE,FALSE,64,TRUE,TRUE,FALSE,TRUE,FALSE,N/A,N/A,N/A,N/A,1,0,1,4,N/A,N/A,N/A,FALSE,FALSE,FALSE,N/A,N/A,FALSE,FALSE,FALSE,FALSE,FALSE,FALSE,FALSE,FALSE,FALSE,FALSE,FALSE,FALSE,FALSE,FALSE,FALSE,FALSE,TRUE,TRUE,FALSE,FALSE,FALSE,FALSE,FALSE,487
,Magma Block,magma_block,FALSE,FALSE,FALSE,64,TRUE,TRUE,FALSE,TRUE,FALSE,N/A,N/A,N/A,N/A,1,0,1,4,N/A,N/A,N/A,FALSE,FALSE,FALSE,N/A,N/A,FALSE,FALSE,FALSE,FALSE,FALSE,FALSE,FALSE,FALSE,FALSE,FALSE,TRUE,FALSE,FALSE,FALSE,FALSE,FALSE,TRUE,TRUE,FALSE,FALSE,FALSE,FALSE,FALSE,488
,Nether Wart,nether_wart,FALSE,FALSE,FALSE,64,TRUE,TRUE,TRUE,TRUE,FALSE,N/A,N/A,N/A,N/A,1,0,1,4,N/A,N/A,N/A,FALSE,FALSE,FALSE,N/A,N/A,FALSE,FALSE,FALSE,FALSE,FALSE,FALSE,TRUE,FALSE,FALSE,TRUE,FALSE,FALSE,FALSE,FALSE,FALSE,FALSE,TRUE,TRUE,FALSE,FALSE,FALSE,TRUE,FALSE,489
,Nether Brick,nether_brick,FALSE,FALSE,FALSE,64,TRUE,TRUE,FALSE,FALSE,FALSE,N/A,N/A,N/A,N/A,1,0,1,4,N/A,N/A,N/A,FALSE,FALSE,FALSE,N/A,N/A,FALSE,FALSE,FALSE,FALSE,FALSE,FALSE,FALSE,FALSE,FALSE,TRUE,FALSE,FALSE,FALSE,FALSE,FALSE,TRUE,FALSE,TRUE,FALSE,FALSE,FALSE,FALSE,FALSE,490
,Nether Bricks,nether_bricks,FALSE,FALSE,FALSE,64,TRUE,TRUE,FALSE,TRUE,FALSE,N/A,N/A,0.1,N/A,1,0,1,4,N/A,N/A,N/A,FALSE,FALSE,FALSE,N/A,N/A,FALSE,FALSE,FALSE,FALSE,FALSE,FALSE,FALSE,FALSE,FALSE,TRUE,TRUE,FALSE,TRUE,FALSE,FALSE,FALSE,TRUE,TRUE,FALSE,FALSE,FALSE,FALSE,FALSE,491
,Nether Brick Slab,nether_brick_slab,FALSE,FALSE,FALSE,64,TRUE,TRUE,FALSE,TRUE,FALSE,N/A,N/A,N/A,N/A,1,0,1,4,N/A,N/A,N/A,FALSE,FALSE,FALSE,N/A,N/A,FALSE,FALSE,FALSE,FALSE,FALSE,FALSE,FALSE,FALSE,FALSE,TRUE,TRUE,FALSE,FALSE,FALSE,FALSE,FALSE,TRUE,TRUE,FALSE,FALSE,FALSE,FALSE,FALSE,492
,Nether Brick Stairs,nether_brick_stairs,FALSE,FALSE,FALSE,64,TRUE,TRUE,FALSE,TRUE,FALSE,N/A,N/A,N/A,N/A,1,0,1,4,N/A,N/A,N/A,FALSE,FALSE,FALSE,N/A,N/A,FALSE,FALSE,FALSE,FALSE,FALSE,FALSE,FALSE,FALSE,FALSE,FALSE,TRUE,FALSE,FALSE,FALSE,FALSE,FALSE,TRUE,TRUE,FALSE,FALSE,FALSE,FALSE,FALSE,493
,Nether Brick Wall,nether_brick_wall,FALSE,FALSE,FALSE,64,TRUE,TRUE,FALSE,TRUE,FALSE,N/A,N/A,N/A,N/A,1,0,1,4,N/A,N/A,N/A,FALSE,FALSE,FALSE,N/A,N/A,FALSE,FALSE,FALSE,FALSE,FALSE,FALSE,FALSE,FALSE,FALSE,FALSE,TRUE,FALSE,FALSE,FALSE,FALSE,FALSE,TRUE,TRUE,FALSE,FALSE,FALSE,FALSE,FALSE,494
,Nether Brick Fence,nether_brick_fence,FALSE,FALSE,FALSE,64,TRUE,TRUE,FALSE,TRUE,FALSE,N/A,N/A,N/A,N/A,1,0,1,4,N/A,N/A,N/A,FALSE,FALSE,FALSE,N/A,N/A,FALSE,FALSE,FALSE,FALSE,FALSE,FALSE,FALSE,FALSE,FALSE,FALSE,TRUE,FALSE,FALSE,FALSE,FALSE,FALSE,TRUE,TRUE,FALSE,FALSE,FALSE,FALSE,FALSE,495
,Chiseled Nether Brick,chiseled_nether_bricks,FALSE,FALSE,FALSE,64,TRUE,TRUE,FALSE,TRUE,FALSE,N/A,N/A,N/A,N/A,1,0,1,4,N/A,N/A,N/A,FALSE,FALSE,FALSE,N/A,N/A,FALSE,FALSE,FALSE,FALSE,FALSE,FALSE,FALSE,FALSE,FALSE,FALSE,TRUE,FALSE,FALSE,FALSE,FALSE,FALSE,TRUE,TRUE,FALSE,FALSE,FALSE,FALSE,FALSE,496
,Cracked Nether Brick,cracked_nether_bricks,FALSE,FALSE,FALSE,64,TRUE,TRUE,FALSE,TRUE,FALSE,N/A,N/A,N/A,N/A,1,0,1,4,N/A,N/A,N/A,FALSE,FALSE,FALSE,N/A,N/A,FALSE,FALSE,FALSE,FALSE,FALSE,FALSE,FALSE,FALSE,FALSE,FALSE,TRUE,FALSE,FALSE,FALSE,FALSE,TRUE,TRUE,TRUE,FALSE,FALSE,FALSE,FALSE,FALSE,497
,Red Nether Bricks,red_nether_bricks,FALSE,FALSE,FALSE,64,TRUE,TRUE,TRUE,TRUE,FALSE,N/A,N/A,N/A,N/A,1,0,1,4,N/A,N/A,N/A,FALSE,FALSE,FALSE,N/A,N/A,FALSE,FALSE,FALSE,FALSE,FALSE,FALSE,FALSE,FALSE,FALSE,TRUE,TRUE,FALSE,FALSE,FALSE,FALSE,FALSE,TRUE,TRUE,FALSE,FALSE,FALSE,FALSE,FALSE,498
,Red Nether Brick Slab,red_nether_brick_slab,FALSE,FALSE,FALSE,64,TRUE,TRUE,TRUE,TRUE,FALSE,N/A,N/A,N/A,N/A,1,0,1,4,N/A,N/A,N/A,FALSE,FALSE,FALSE,N/A,N/A,FALSE,FALSE,FALSE,FALSE,FALSE,FALSE,FALSE,FALSE,FALSE,FALSE,TRUE,FALSE,FALSE,FALSE,FALSE,FALSE,TRUE,TRUE,FALSE,FALSE,FALSE,FALSE,FALSE,499
,Red Nether Brick Stairs,red_nether_brick_stairs,FALSE,FALSE,FALSE,64,TRUE,TRUE,TRUE,TRUE,FALSE,N/A,N/A,N/A,N/A,1,0,1,4,N/A,N/A,N/A,FALSE,FALSE,FALSE,N/A,N/A,FALSE,FALSE,FALSE,FALSE,FALSE,FALSE,FALSE,FALSE,FALSE,FALSE,TRUE,FALSE,FALSE,FALSE,FALSE,FALSE,TRUE,TRUE,FALSE,FALSE,FALSE,FALSE,FALSE,500
,Red Nether Brick Wall,red_nether_brick_wall,FALSE,FALSE,FALSE,64,TRUE,TRUE,TRUE,TRUE,FALSE,N/A,N/A,N/A,N/A,1,0,1,4,N/A,N/A,N/A,FALSE,FALSE,FALSE,N/A,N/A,FALSE,FALSE,FALSE,FALSE,FALSE,FALSE,FALSE,FALSE,FALSE,FALSE,TRUE,FALSE,FALSE,FALSE,FALSE,FALSE,TRUE,TRUE,FALSE,FALSE,FALSE,FALSE,FALSE,501
,Warped Nylium,warped_nylium,FALSE,FALSE,FALSE,64,FALSE,FALSE,FALSE,TRUE,FALSE,N/A,N/A,N/A,N/A,1,0,1,4,N/A,N/A,N/A,FALSE,FALSE,FALSE,N/A,N/A,FALSE,FALSE,FALSE,FALSE,FALSE,FALSE,FALSE,FALSE,FALSE,FALSE,FALSE,FALSE,FALSE,FALSE,FALSE,FALSE,TRUE,TRUE,FALSE,FALSE,FALSE,FALSE,FALSE,502
,Warped Wart Block,warped_wart_block,FALSE,FALSE,FALSE,64,TRUE,TRUE,FALSE,TRUE,FALSE,N/A,N/A,N/A,N/A,1,0,1,4,N/A,N/A,N/A,FALSE,FALSE,FALSE,N/A,N/A,FALSE,FALSE,FALSE,FALSE,FALSE,FALSE,FALSE,FALSE,FALSE,FALSE,FALSE,FALSE,FALSE,FALSE,FALSE,FALSE,TRUE,TRUE,FALSE,FALSE,FALSE,FALSE,FALSE,503
,Warped Fungus,warped_fungus,FALSE,FALSE,FALSE,64,TRUE,TRUE,FALSE,TRUE,FALSE,N/A,N/A,N/A,N/A,1,0,1,4,N/A,N/A,N/A,FALSE,FALSE,FALSE,N/A,N/A,FALSE,FALSE,TRUE,FALSE,FALSE,FALSE,FALSE,FALSE,FALSE,TRUE,FALSE,FALSE,FALSE,FALSE,FALSE,FALSE,TRUE,TRUE,FALSE,FALSE,FALSE,TRUE,FALSE,504
,Warped Roots,warped_roots,FALSE,FALSE,FALSE,64,TRUE,TRUE,FALSE,TRUE,FALSE,N/A,N/A,N/A,N/A,1,0,1,4,N/A,N/A,N/A,FALSE,FALSE,FALSE,N/A,N/A,FALSE,FALSE,FALSE,FALSE,FALSE,FALSE,FALSE,FALSE,FALSE,FALSE,FALSE,FALSE,FALSE,FALSE,FALSE,FALSE,TRUE,TRUE,FALSE,FALSE,FALSE,TRUE,FALSE,505
,Nether Sprouts,nether_sprouts,FALSE,FALSE,FALSE,64,TRUE,TRUE,TRUE,TRUE,FALSE,N/A,N/A,N/A,N/A,1,0,1,4,N/A,N/A,N/A,FALSE,FALSE,FALSE,N/A,N/A,FALSE,FALSE,FALSE,FALSE,FALSE,FALSE,FALSE,FALSE,FALSE,FALSE,FALSE,FALSE,FALSE,FALSE,FALSE,FALSE,TRUE,TRUE,FALSE,FALSE,FALSE,TRUE,FALSE,506
,Twisting Vines,twisting_vines,FALSE,FALSE,FALSE,64,TRUE,TRUE,FALSE,TRUE,FALSE,N/A,N/A,N/A,N/A,1,0,1,4,N/A,N/A,N/A,FALSE,FALSE,FALSE,N/A,N/A,FALSE,FALSE,FALSE,FALSE,FALSE,FALSE,FALSE,FALSE,FALSE,FALSE,FALSE,FALSE,FALSE,FALSE,FALSE,FALSE,TRUE,TRUE,FALSE,FALSE,FALSE,TRUE,FALSE,507
,Crimson Nylium,crimson_nylium,FALSE,FALSE,FALSE,64,FALSE,FALSE,FALSE,TRUE,FALSE,N/A,N/A,N/A,N/A,1,0,1,4,N/A,N/A,N/A,FALSE,FALSE,FALSE,N/A,N/A,FALSE,FALSE,FALSE,FALSE,FALSE,FALSE,FALSE,FALSE,FALSE,FALSE,FALSE,FALSE,FALSE,FALSE,FALSE,FALSE,TRUE,TRUE,FALSE,FALSE,FALSE,FALSE,FALSE,508
,Nether Wart Block,nether_wart_block,FALSE,FALSE,FALSE,64,TRUE,TRUE,FALSE,TRUE,FALSE,N/A,N/A,N/A,N/A,1,0,1,4,N/A,N/A,N/A,FALSE,FALSE,FALSE,N/A,N/A,FALSE,FALSE,FALSE,FALSE,FALSE,FALSE,FALSE,FALSE,FALSE,FALSE,TRUE,FALSE,FALSE,FALSE,FALSE,FALSE,TRUE,TRUE,FALSE,FALSE,FALSE,FALSE,FALSE,509
,Crimson Fungus,crimson_fungus,FALSE,FALSE,FALSE,64,TRUE,TRUE,FALSE,TRUE,FALSE,N/A,N/A,N/A,N/A,1,0,1,4,N/A,N/A,N/A,FALSE,FALSE,FALSE,N/A,N/A,FALSE,FALSE,FALSE,FALSE,FALSE,FALSE,FALSE,FALSE,FALSE,FALSE,FALSE,FALSE,FALSE,FALSE,FALSE,FALSE,TRUE,TRUE,FALSE,FALSE,FALSE,TRUE,FALSE,510
,Crimson Roots,crimson_roots,FALSE,FALSE,FALSE,64,TRUE,TRUE,FALSE,TRUE,FALSE,N/A,N/A,N/A,N/A,1,0,1,4,N/A,N/A,N/A,FALSE,FALSE,FALSE,N/A,N/A,FALSE,FALSE,FALSE,FALSE,FALSE,FALSE,FALSE,FALSE,FALSE,FALSE,FALSE,FALSE,FALSE,FALSE,FALSE,FALSE,TRUE,TRUE,FALSE,FALSE,FALSE,TRUE,FALSE,511
,Weeping Vines,weeping_vines,FALSE,FALSE,FALSE,64,TRUE,TRUE,FALSE,TRUE,FALSE,N/A,N/A,N/A,N/A,1,0,1,4,N/A,N/A,N/A,FALSE,FALSE,FALSE,N/A,N/A,FALSE,FALSE,FALSE,FALSE,FALSE,FALSE,FALSE,FALSE,FALSE,FALSE,FALSE,FALSE,FALSE,FALSE,FALSE,FALSE,TRUE,TRUE,FALSE,FALSE,FALSE,TRUE,FALSE,512
,Basalt,basalt,FALSE,FALSE,FALSE,64,TRUE,TRUE,FALSE,TRUE,FALSE,N/A,N/A,0.1,N/A,1,0,1,4,N/A,N/A,N/A,FALSE,FALSE,FALSE,N/A,N/A,FALSE,FALSE,FALSE,FALSE,FALSE,FALSE,FALSE,FALSE,FALSE,TRUE,FALSE,FALSE,TRUE,FALSE,FALSE,FALSE,TRUE,TRUE,FALSE,FALSE,FALSE,FALSE,FALSE,513
,Polished Basalt,polished_basalt,FALSE,FALSE,FALSE,64,TRUE,TRUE,FALSE,TRUE,FALSE,N/A,N/A,N/A,N/A,1,0,1,4,N/A,N/A,N/A,FALSE,FALSE,FALSE,N/A,N/A,FALSE,FALSE,FALSE,FALSE,FALSE,FALSE,FALSE,FALSE,FALSE,FALSE,TRUE,FALSE,FALSE,FALSE,FALSE,FALSE,TRUE,TRUE,FALSE,FALSE,FALSE,FALSE,FALSE,514
,Smooth Basalt,smooth_basalt,FALSE,FALSE,FALSE,64,TRUE,TRUE,FALSE,TRUE,FALSE,N/A,N/A,N/A,N/A,1,0,1,4,N/A,N/A,N/A,FALSE,FALSE,FALSE,N/A,N/A,FALSE,FALSE,FALSE,FALSE,FALSE,FALSE,FALSE,FALSE,FALSE,FALSE,FALSE,FALSE,FALSE,FALSE,FALSE,TRUE,TRUE,TRUE,FALSE,FALSE,FALSE,FALSE,FALSE,515
,Soul Sand,soul_sand,FALSE,FALSE,FALSE,64,TRUE,TRUE,FALSE,TRUE,FALSE,N/A,N/A,N/A,N/A,1,0,1,4,N/A,N/A,N/A,FALSE,FALSE,FALSE,N/A,N/A,FALSE,FALSE,FALSE,FALSE,FALSE,FALSE,FALSE,FALSE,FALSE,TRUE,FALSE,FALSE,FALSE,FALSE,FALSE,FALSE,TRUE,TRUE,FALSE,FALSE,FALSE,FALSE,FALSE,516
,Soul Soil,soul_soil,FALSE,FALSE,FALSE,64,TRUE,TRUE,TRUE,TRUE,FALSE,N/A,N/A,N/A,N/A,1,0,1,4,N/A,N/A,N/A,FALSE,FALSE,FALSE,N/A,N/A,FALSE,FALSE,FALSE,FALSE,FALSE,FALSE,FALSE,FALSE,FALSE,TRUE,FALSE,FALSE,FALSE,FALSE,FALSE,FALSE,TRUE,TRUE,FALSE,FALSE,FALSE,FALSE,FALSE,517
,Blackstone,blackstone,FALSE,FALSE,FALSE,64,TRUE,TRUE,FALSE,TRUE,FALSE,N/A,N/A,N/A,N/A,1,0,1,4,N/A,N/A,N/A,FALSE,FALSE,FALSE,N/A,N/A,FALSE,FALSE,FALSE,FALSE,FALSE,FALSE,FALSE,FALSE,FALSE,TRUE,FALSE,TRUE,FALSE,FALSE,FALSE,FALSE,TRUE,TRUE,FALSE,FALSE,FALSE,FALSE,FALSE,518
,Blackstone Slab,blackstone_slab,FALSE,FALSE,FALSE,64,TRUE,TRUE,FALSE,TRUE,FALSE,N/A,N/A,N/A,N/A,1,0,1,4,N/A,N/A,N/A,FALSE,FALSE,FALSE,N/A,N/A,FALSE,FALSE,FALSE,FALSE,FALSE,FALSE,FALSE,FALSE,FALSE,FALSE,TRUE,FALSE,FALSE,FALSE,FALSE,FALSE,TRUE,TRUE,FALSE,FALSE,FALSE,FALSE,FALSE,519
,Blackstone Stairs,blackstone_stairs,FALSE,FALSE,FALSE,64,TRUE,TRUE,FALSE,TRUE,FALSE,N/A,N/A,N/A,N/A,1,0,1,4,N/A,N/A,N/A,FALSE,FALSE,FALSE,N/A,N/A,FALSE,FALSE,FALSE,FALSE,FALSE,FALSE,FALSE,FALSE,FALSE,FALSE,TRUE,FALSE,FALSE,FALSE,FALSE,FALSE,TRUE,TRUE,FALSE,FALSE,FALSE,FALSE,FALSE,520
,Blackstone Wall,blackstone_wall,FALSE,FALSE,FALSE,64,TRUE,TRUE,FALSE,TRUE,FALSE,N/A,N/A,N/A,N/A,1,0,1,4,N/A,N/A,N/A,FALSE,FALSE,FALSE,N/A,N/A,FALSE,FALSE,FALSE,FALSE,FALSE,FALSE,FALSE,FALSE,FALSE,FALSE,TRUE,FALSE,FALSE,FALSE,FALSE,FALSE,TRUE,TRUE,FALSE,FALSE,FALSE,FALSE,FALSE,521
,Polished Blackstone,polished_blackstone,FALSE,FALSE,FALSE,64,TRUE,TRUE,FALSE,TRUE,FALSE,N/A,N/A,N/A,N/A,1,0,1,4,N/A,N/A,N/A,FALSE,FALSE,FALSE,N/A,N/A,FALSE,FALSE,FALSE,FALSE,FALSE,FALSE,FALSE,FALSE,FALSE,TRUE,TRUE,FALSE,FALSE,FALSE,FALSE,FALSE,TRUE,TRUE,FALSE,FALSE,FALSE,FALSE,FALSE,522
,Polished Blackstone Slab,polished_blackstone_slab,FALSE,FALSE,FALSE,64,TRUE,TRUE,FALSE,TRUE,FALSE,N/A,N/A,N/A,N/A,1,0,1,4,N/A,N/A,N/A,FALSE,FALSE,FALSE,N/A,N/A,FALSE,FALSE,FALSE,FALSE,FALSE,FALSE,FALSE,FALSE,FALSE,TRUE,TRUE,FALSE,FALSE,FALSE,FALSE,FALSE,TRUE,TRUE,FALSE,FALSE,FALSE,FALSE,FALSE,523
,Polished Blackstone Stairs,polished_blackstone_stairs,FALSE,FALSE,FALSE,64,TRUE,TRUE,FALSE,TRUE,FALSE,N/A,N/A,N/A,N/A,1,0,1,4,N/A,N/A,N/A,FALSE,FALSE,FALSE,N/A,N/A,FALSE,FALSE,FALSE,FALSE,FALSE,FALSE,FALSE,FALSE,FALSE,FALSE,TRUE,FALSE,FALSE,FALSE,FALSE,FALSE,TRUE,TRUE,FALSE,FALSE,FALSE,FALSE,FALSE,524
,Polished Blackstone Wall,polished_blackstone_wall,FALSE,FALSE,FALSE,64,TRUE,TRUE,FALSE,TRUE,FALSE,N/A,N/A,N/A,N/A,1,0,1,4,N/A,N/A,N/A,FALSE,FALSE,FALSE,N/A,N/A,FALSE,FALSE,FALSE,FALSE,FALSE,FALSE,FALSE,FALSE,FALSE,FALSE,TRUE,FALSE,FALSE,FALSE,FALSE,FALSE,TRUE,TRUE,FALSE,FALSE,FALSE,FALSE,FALSE,525
,Polished Blackstone Bricks,polished_blackstone_bricks,FALSE,FALSE,FALSE,64,TRUE,TRUE,FALSE,TRUE,FALSE,N/A,N/A,0.1,N/A,1,0,1,4,N/A,N/A,N/A,FALSE,FALSE,FALSE,N/A,N/A,FALSE,FALSE,FALSE,FALSE,FALSE,FALSE,FALSE,FALSE,FALSE,TRUE,TRUE,FALSE,TRUE,FALSE,FALSE,FALSE,TRUE,TRUE,FALSE,FALSE,FALSE,FALSE,FALSE,526
,Polished Blackstone Brick Slab,polished_blackstone_brick_slab,FALSE,FALSE,FALSE,64,TRUE,TRUE,FALSE,TRUE,FALSE,N/A,N/A,N/A,N/A,1,0,1,4,N/A,N/A,N/A,FALSE,FALSE,FALSE,N/A,N/A,FALSE,FALSE,FALSE,FALSE,FALSE,FALSE,FALSE,FALSE,FALSE,FALSE,TRUE,FALSE,FALSE,FALSE,FALSE,FALSE,TRUE,TRUE,FALSE,FALSE,FALSE,FALSE,FALSE,527
,Polished Blackstone Brick Stairs,polished_blackstone_brick_stairs,FALSE,FALSE,FALSE,64,TRUE,TRUE,FALSE,TRUE,FALSE,N/A,N/A,N/A,N/A,1,0,1,4,N/A,N/A,N/A,FALSE,FALSE,FALSE,N/A,N/A,FALSE,FALSE,FALSE,FALSE,FALSE,FALSE,FALSE,FALSE,FALSE,FALSE,TRUE,FALSE,FALSE,FALSE,FALSE,FALSE,TRUE,TRUE,FALSE,FALSE,FALSE,FALSE,FALSE,528
,Polished Blackstone Brick Wall,polished_blackstone_brick_wall,FALSE,FALSE,FALSE,64,TRUE,TRUE,FALSE,TRUE,FALSE,N/A,N/A,N/A,N/A,1,0,1,4,N/A,N/A,N/A,FALSE,FALSE,FALSE,N/A,N/A,FALSE,FALSE,FALSE,FALSE,FALSE,FALSE,FALSE,FALSE,FALSE,FALSE,TRUE,FALSE,FALSE,FALSE,FALSE,FALSE,TRUE,TRUE,FALSE,FALSE,FALSE,FALSE,FALSE,529
,Cracked Polished Blackstone Bricks,cracked_polished_blackstone_bricks,FALSE,FALSE,FALSE,64,TRUE,TRUE,FALSE,TRUE,FALSE,N/A,N/A,N/A,N/A,1,0,1,4,N/A,N/A,N/A,FALSE,FALSE,FALSE,N/A,N/A,FALSE,FALSE,FALSE,FALSE,FALSE,FALSE,FALSE,FALSE,FALSE,FALSE,TRUE,FALSE,FALSE,FALSE,FALSE,TRUE,TRUE,TRUE,FALSE,FALSE,FALSE,FALSE,FALSE,530
,Chiseled Polished Blackstone,chiseled_polished_blackstone,FALSE,FALSE,FALSE,64,TRUE,TRUE,FALSE,TRUE,FALSE,N/A,N/A,N/A,N/A,1,0,1,4,N/A,N/A,N/A,FALSE,FALSE,FALSE,N/A,N/A,FALSE,FALSE,FALSE,FALSE,FALSE,FALSE,FALSE,FALSE,FALSE,FALSE,TRUE,FALSE,FALSE,FALSE,FALSE,FALSE,TRUE,TRUE,FALSE,FALSE,FALSE,FALSE,FALSE,531
,Polished Blackstone Pressure Plate,polished_blackstone_pressure_plate,FALSE,FALSE,FALSE,64,TRUE,TRUE,FALSE,TRUE,FALSE,N/A,N/A,N/A,N/A,1,0,1,4,N/A,N/A,N/A,FALSE,FALSE,FALSE,N/A,N/A,FALSE,FALSE,FALSE,FALSE,FALSE,FALSE,FALSE,FALSE,FALSE,FALSE,TRUE,FALSE,FALSE,FALSE,FALSE,FALSE,TRUE,TRUE,FALSE,FALSE,FALSE,FALSE,FALSE,532
,Polished Blackstone Button,polished_blackstone_button,FALSE,FALSE,FALSE,64,TRUE,TRUE,FALSE,TRUE,FALSE,N/A,N/A,N/A,N/A,1,0,1,4,N/A,N/A,N/A,FALSE,FALSE,FALSE,N/A,N/A,FALSE,FALSE,FALSE,FALSE,FALSE,FALSE,FALSE,FALSE,FALSE,FALSE,TRUE,FALSE,FALSE,FALSE,FALSE,FALSE,TRUE,TRUE,FALSE,FALSE,FALSE,FALSE,FALSE,533
,Gilded Blackstone,gilded_blackstone,FALSE,FALSE,FALSE,64,FALSE,FALSE,FALSE,TRUE,FALSE,N/A,N/A,N/A,N/A,1,0,1,4,N/A,N/A,N/A,FALSE,FALSE,FALSE,N/A,N/A,FALSE,FALSE,FALSE,FALSE,FALSE,FALSE,FALSE,FALSE,FALSE,FALSE,FALSE,FALSE,FALSE,FALSE,FALSE,FALSE,TRUE,TRUE,FALSE,FALSE,FALSE,FALSE,FALSE,534
,Obsidian,obsidian,FALSE,FALSE,FALSE,64,TRUE,TRUE,FALSE,TRUE,FALSE,N/A,N/A,N/A,N/A,1,0,1,4,N/A,N/A,N/A,FALSE,FALSE,FALSE,N/A,N/A,FALSE,FALSE,FALSE,FALSE,FALSE,FALSE,FALSE,FALSE,FALSE,TRUE,FALSE,FALSE,FALSE,FALSE,FALSE,FALSE,TRUE,TRUE,FALSE,FALSE,FALSE,FALSE,FALSE,535
,Crying Obsidian,crying_obsidian,FALSE,FALSE,FALSE,64,TRUE,TRUE,FALSE,TRUE,FALSE,N/A,N/A,N/A,N/A,1,0,1,4,N/A,N/A,N/A,FALSE,FALSE,FALSE,N/A,N/A,FALSE,FALSE,FALSE,FALSE,FALSE,FALSE,FALSE,FALSE,FALSE,TRUE,FALSE,FALSE,FALSE,FALSE,FALSE,FALSE,TRUE,TRUE,FALSE,FALSE,FALSE,FALSE,FALSE,536
,End Stone,end_stone,FALSE,FALSE,FALSE,64,TRUE,FALSE,FALSE,TRUE,FALSE,N/A,N/A,N/A,N/A,1,0,1,4,N/A,N/A,N/A,FALSE,FALSE,FALSE,N/A,N/A,FALSE,FALSE,FALSE,FALSE,FALSE,FALSE,FALSE,FALSE,FALSE,TRUE,FALSE,FALSE,FALSE,FALSE,FALSE,FALSE,TRUE,TRUE,FALSE,FALSE,FALSE,FALSE,FALSE,537
,End Stone Bricks,end_stone_bricks,FALSE,FALSE,FALSE,64,TRUE,FALSE,FALSE,TRUE,FALSE,N/A,N/A,N/A,N/A,1,0,1,4,N/A,N/A,N/A,FALSE,FALSE,FALSE,N/A,N/A,FALSE,FALSE,FALSE,FALSE,FALSE,FALSE,FALSE,FALSE,FALSE,TRUE,TRUE,FALSE,FALSE,FALSE,FALSE,FALSE,TRUE,TRUE,FALSE,FALSE,FALSE,FALSE,FALSE,538
,End Stone Brick Slab,end_stone_brick_slab,FALSE,FALSE,FALSE,64,TRUE,FALSE,FALSE,TRUE,FALSE,N/A,N/A,N/A,N/A,1,0,1,4,N/A,N/A,N/A,FALSE,FALSE,FALSE,N/A,N/A,FALSE,FALSE,FALSE,FALSE,FALSE,FALSE,FALSE,FALSE,FALSE,FALSE,TRUE,FALSE,FALSE,FALSE,FALSE,FALSE,TRUE,TRUE,FALSE,FALSE,FALSE,FALSE,FALSE,539
,End Stone Brick Stairs,end_stone_brick_stairs,FALSE,FALSE,FALSE,64,TRUE,FALSE,FALSE,TRUE,FALSE,N/A,N/A,N/A,N/A,1,0,1,4,N/A,N/A,N/A,FALSE,FALSE,FALSE,N/A,N/A,FALSE,FALSE,FALSE,FALSE,FALSE,FALSE,FALSE,FALSE,FALSE,FALSE,TRUE,FALSE,FALSE,FALSE,FALSE,FALSE,TRUE,TRUE,FALSE,FALSE,FALSE,FALSE,FALSE,540
,End Stone Brick Wall,end_stone_brick_wall,FALSE,FALSE,FALSE,64,TRUE,FALSE,FALSE,TRUE,FALSE,N/A,N/A,N/A,N/A,1,0,1,4,N/A,N/A,N/A,FALSE,FALSE,FALSE,N/A,N/A,FALSE,FALSE,FALSE,FALSE,FALSE,FALSE,FALSE,FALSE,FALSE,FALSE,TRUE,FALSE,FALSE,FALSE,FALSE,FALSE,TRUE,TRUE,FALSE,FALSE,FALSE,FALSE,FALSE,541
,Chorus Flower,chorus_flower,FALSE,FALSE,FALSE,64,TRUE,TRUE,TRUE,TRUE,FALSE,N/A,N/A,N/A,N/A,1,0,1,4,N/A,N/A,N/A,FALSE,FALSE,FALSE,N/A,N/A,FALSE,FALSE,FALSE,FALSE,FALSE,FALSE,FALSE,FALSE,FALSE,FALSE,FALSE,FALSE,FALSE,FALSE,FALSE,FALSE,TRUE,TRUE,FALSE,FALSE,FALSE,FALSE,FALSE,542
,Chorus Plant,chorus_plant,TRUE,FALSE,FALSE,64,FALSE,FALSE,FALSE,TRUE,FALSE,N/A,N/A,N/A,N/A,1,0,1,4,N/A,N/A,N/A,FALSE,FALSE,FALSE,N/A,N/A,FALSE,FALSE,FALSE,FALSE,FALSE,FALSE,FALSE,FALSE,FALSE,FALSE,FALSE,FALSE,FALSE,FALSE,FALSE,FALSE,TRUE,TRUE,FALSE,FALSE,FALSE,FALSE,FALSE,543
,Chorus Fruit,chorus_fruit,FALSE,FALSE,FALSE,64,TRUE,TRUE,TRUE,FALSE,FALSE,N/A,N/A,0.1,N/A,1,0,1,4,N/A,N/A,N/A,FALSE,TRUE,TRUE,4,2.4,FALSE,FALSE,FALSE,FALSE,FALSE,FALSE,FALSE,FALSE,FALSE,FALSE,FALSE,FALSE,TRUE,FALSE,FALSE,FALSE,TRUE,TRUE,FALSE,FALSE,FALSE,FALSE,FALSE,544
,Popped Chorus,popped_chorus_fruit,FALSE,FALSE,FALSE,64,TRUE,TRUE,TRUE,FALSE,FALSE,N/A,N/A,N/A,N/A,1,0,1,4,N/A,N/A,N/A,FALSE,FALSE,FALSE,N/A,N/A,FALSE,FALSE,FALSE,FALSE,FALSE,FALSE,FALSE,FALSE,FALSE,TRUE,FALSE,FALSE,FALSE,FALSE,FALSE,TRUE,TRUE,TRUE,FALSE,FALSE,FALSE,FALSE,FALSE,545
,Purpur Block,purpur_block,FALSE,FALSE,FALSE,64,TRUE,TRUE,TRUE,TRUE,FALSE,N/A,N/A,N/A,N/A,1,0,1,4,N/A,N/A,N/A,FALSE,FALSE,FALSE,N/A,N/A,FALSE,FALSE,FALSE,FALSE,FALSE,FALSE,FALSE,FALSE,FALSE,TRUE,TRUE,FALSE,FALSE,FALSE,FALSE,FALSE,TRUE,TRUE,FALSE,FALSE,FALSE,FALSE,FALSE,546
,Purpur Slab,purpur_slab,FALSE,FALSE,FALSE,64,TRUE,TRUE,TRUE,TRUE,FALSE,N/A,N/A,N/A,N/A,1,0,1,4,N/A,N/A,N/A,FALSE,FALSE,FALSE,N/A,N/A,FALSE,FALSE,FALSE,FALSE,FALSE,FALSE,FALSE,FALSE,FALSE,TRUE,TRUE,FALSE,FALSE,FALSE,FALSE,FALSE,TRUE,TRUE,FALSE,FALSE,FALSE,FALSE,FALSE,547
,Purpur Stairs,purpur_stairs,FALSE,FALSE,FALSE,64,TRUE,TRUE,TRUE,TRUE,FALSE,N/A,N/A,N/A,N/A,1,0,1,4,N/A,N/A,N/A,FALSE,FALSE,FALSE,N/A,N/A,FALSE,FALSE,FALSE,FALSE,FALSE,FALSE,FALSE,FALSE,FALSE,FALSE,TRUE,FALSE,FALSE,FALSE,FALSE,FALSE,TRUE,TRUE,FALSE,FALSE,FALSE,FALSE,FALSE,548
,Purpur Pillar,purpur_pillar,FALSE,FALSE,FALSE,64,TRUE,TRUE,TRUE,TRUE,FALSE,N/A,N/A,N/A,N/A,1,0,1,4,N/A,N/A,N/A,FALSE,FALSE,FALSE,N/A,N/A,FALSE,FALSE,FALSE,FALSE,FALSE,FALSE,FALSE,FALSE,FALSE,FALSE,TRUE,FALSE,FALSE,FALSE,FALSE,FALSE,TRUE,TRUE,FALSE,FALSE,FALSE,FALSE,FALSE,549
,Shulker Shell,shulker_shell,FALSE,FALSE,FALSE,64,TRUE,TRUE,FALSE,FALSE,FALSE,N/A,N/A,N/A,N/A,1,0,1,4,N/A,N/A,N/A,FALSE,FALSE,FALSE,N/A,N/A,FALSE,FALSE,FALSE,FALSE,FALSE,FALSE,FALSE,FALSE,FALSE,TRUE,FALSE,FALSE,FALSE,FALSE,FALSE,FALSE,FALSE,TRUE,FALSE,FALSE,FALSE,FALSE,FALSE,550
,White Dye,white_dye,FALSE,FALSE,FALSE,64,TRUE,TRUE,FALSE,FALSE,FALSE,N/A,N/A,N/A,N/A,1,0,1,4,N/A,N/A,N/A,FALSE,FALSE,FALSE,N/A,N/A,FALSE,FALSE,FALSE,FALSE,FALSE,FALSE,TRUE,TRUE,FALSE,TRUE,TRUE,FALSE,FALSE,FALSE,FALSE,FALSE,TRUE,TRUE,FALSE,FALSE,FALSE,FALSE,FALSE,551
,Light Gray Dye,light_gray_dye,FALSE,FALSE,FALSE,64,TRUE,TRUE,FALSE,FALSE,FALSE,N/A,N/A,N/A,N/A,1,0,1,4,N/A,N/A,N/A,FALSE,FALSE,FALSE,N/A,N/A,FALSE,FALSE,FALSE,FALSE,FALSE,FALSE,TRUE,TRUE,FALSE,TRUE,TRUE,FALSE,FALSE,FALSE,FALSE,FALSE,TRUE,TRUE,FALSE,FALSE,FALSE,FALSE,FALSE,552
,Gray Dye,gray_dye,FALSE,FALSE,FALSE,64,TRUE,TRUE,FALSE,FALSE,FALSE,N/A,N/A,N/A,N/A,1,0,1,4,N/A,N/A,N/A,FALSE,FALSE,FALSE,N/A,N/A,FALSE,FALSE,FALSE,FALSE,FALSE,FALSE,TRUE,TRUE,FALSE,TRUE,TRUE,FALSE,FALSE,FALSE,FALSE,FALSE,TRUE,TRUE,FALSE,FALSE,FALSE,FALSE,FALSE,553
,Black Dye,black_dye,FALSE,FALSE,FALSE,64,TRUE,TRUE,FALSE,FALSE,FALSE,N/A,N/A,N/A,N/A,1,0,1,4,N/A,N/A,N/A,FALSE,FALSE,FALSE,N/A,N/A,FALSE,FALSE,FALSE,FALSE,FALSE,FALSE,TRUE,TRUE,FALSE,TRUE,TRUE,FALSE,FALSE,FALSE,FALSE,FALSE,TRUE,TRUE,FALSE,FALSE,FALSE,FALSE,FALSE,554
,Brown Dye,brown_dye,FALSE,FALSE,FALSE,64,TRUE,TRUE,TRUE,FALSE,FALSE,N/A,N/A,N/A,N/A,1,0,1,4,N/A,N/A,N/A,FALSE,FALSE,FALSE,N/A,N/A,FALSE,FALSE,FALSE,FALSE,FALSE,FALSE,TRUE,TRUE,FALSE,TRUE,TRUE,FALSE,FALSE,FALSE,FALSE,FALSE,TRUE,TRUE,FALSE,FALSE,FALSE,FALSE,FALSE,555
,Red Dye,red_dye,FALSE,FALSE,FALSE,64,TRUE,TRUE,FALSE,FALSE,FALSE,N/A,N/A,N/A,N/A,1,0,1,4,N/A,N/A,N/A,FALSE,FALSE,FALSE,N/A,N/A,FALSE,FALSE,FALSE,FALSE,FALSE,FALSE,TRUE,TRUE,FALSE,TRUE,TRUE,FALSE,FALSE,FALSE,FALSE,FALSE,TRUE,TRUE,FALSE,FALSE,FALSE,FALSE,FALSE,556
,Orange Dye,orange_dye,FALSE,FALSE,FALSE,64,TRUE,TRUE,FALSE,FALSE,FALSE,N/A,N/A,N/A,N/A,1,0,1,4,N/A,N/A,N/A,FALSE,FALSE,FALSE,N/A,N/A,FALSE,FALSE,FALSE,FALSE,FALSE,FALSE,TRUE,TRUE,FALSE,TRUE,TRUE,FALSE,FALSE,FALSE,FALSE,FALSE,TRUE,TRUE,FALSE,FALSE,FALSE,FALSE,FALSE,557
,Yellow Dye,yellow_dye,FALSE,FALSE,FALSE,64,TRUE,TRUE,FALSE,FALSE,FALSE,N/A,N/A,N/A,N/A,1,0,1,4,N/A,N/A,N/A,FALSE,FALSE,FALSE,N/A,N/A,FALSE,FALSE,FALSE,FALSE,FALSE,FALSE,TRUE,TRUE,FALSE,TRUE,TRUE,FALSE,FALSE,FALSE,FALSE,FALSE,TRUE,TRUE,FALSE,FALSE,FALSE,FALSE,FALSE,558
,Lime Dye,lime_dye,FALSE,FALSE,FALSE,64,TRUE,TRUE,FALSE,FALSE,FALSE,N/A,N/A,N/A,N/A,1,0,1,4,N/A,N/A,N/A,FALSE,FALSE,FALSE,N/A,N/A,FALSE,FALSE,FALSE,FALSE,FALSE,FALSE,TRUE,TRUE,FALSE,TRUE,TRUE,FALSE,FALSE,FALSE,FALSE,TRUE,TRUE,TRUE,FALSE,FALSE,FALSE,FALSE,FALSE,559
,Green Dye,green_dye,FALSE,FALSE,FALSE,64,TRUE,TRUE,FALSE,FALSE,FALSE,N/A,N/A,N/A,N/A,1,0,1,4,N/A,N/A,N/A,FALSE,FALSE,FALSE,N/A,N/A,FALSE,FALSE,FALSE,FALSE,FALSE,FALSE,TRUE,TRUE,FALSE,TRUE,FALSE,FALSE,FALSE,FALSE,FALSE,TRUE,TRUE,TRUE,FALSE,FALSE,FALSE,FALSE,FALSE,560
,Cyan Dye,cyan_dye,FALSE,FALSE,FALSE,64,TRUE,TRUE,FALSE,FALSE,FALSE,N/A,N/A,N/A,N/A,1,0,1,4,N/A,N/A,N/A,FALSE,FALSE,FALSE,N/A,N/A,FALSE,FALSE,FALSE,FALSE,FALSE,FALSE,TRUE,TRUE,FALSE,TRUE,TRUE,FALSE,FALSE,FALSE,FALSE,FALSE,TRUE,TRUE,FALSE,FALSE,FALSE,FALSE,FALSE,561
,Light Blue Dye,light_blue_dye,FALSE,FALSE,FALSE,64,TRUE,TRUE,FALSE,FALSE,FALSE,N/A,N/A,N/A,N/A,1,0,1,4,N/A,N/A,N/A,FALSE,FALSE,FALSE,N/A,N/A,FALSE,FALSE,FALSE,FALSE,FALSE,FALSE,TRUE,TRUE,FALSE,TRUE,TRUE,FALSE,FALSE,FALSE,FALSE,FALSE,TRUE,TRUE,FALSE,FALSE,FALSE,FALSE,FALSE,562
,Blue Dye,blue_dye,FALSE,FALSE,FALSE,64,TRUE,TRUE,FALSE,FALSE,FALSE,N/A,N/A,N/A,N/A,1,0,1,4,N/A,N/A,N/A,FALSE,FALSE,FALSE,N/A,N/A,FALSE,FALSE,FALSE,FALSE,FALSE,FALSE,TRUE,TRUE,FALSE,TRUE,TRUE,FALSE,FALSE,FALSE,FALSE,FALSE,TRUE,TRUE,FALSE,FALSE,FALSE,FALSE,FALSE,563
,Purple Dye,purple_dye,FALSE,FALSE,FALSE,64,TRUE,TRUE,FALSE,FALSE,FALSE,N/A,N/A,N/A,N/A,1,0,1,4,N/A,N/A,N/A,FALSE,FALSE,FALSE,N/A,N/A,FALSE,FALSE,FALSE,FALSE,FALSE,FALSE,TRUE,TRUE,FALSE,TRUE,TRUE,FALSE,FALSE,FALSE,FALSE,FALSE,TRUE,TRUE,FALSE,FALSE,FALSE,FALSE,FALSE,564
,Magenta Dye,magenta_dye,FALSE,FALSE,FALSE,64,TRUE,TRUE,FALSE,FALSE,FALSE,N/A,N/A,N/A,N/A,1,0,1,4,N/A,N/A,N/A,FALSE,FALSE,FALSE,N/A,N/A,FALSE,FALSE,FALSE,FALSE,FALSE,FALSE,TRUE,TRUE,FALSE,TRUE,TRUE,FALSE,FALSE,FALSE,FALSE,FALSE,TRUE,TRUE,FALSE,FALSE,FALSE,FALSE,FALSE,565
,Pink Dye,pink_dye,FALSE,FALSE,FALSE,64,TRUE,TRUE,FALSE,FALSE,FALSE,N/A,N/A,N/A,N/A,1,0,1,4,N/A,N/A,N/A,FALSE,FALSE,FALSE,N/A,N/A,FALSE,FALSE,FALSE,FALSE,FALSE,FALSE,TRUE,TRUE,FALSE,TRUE,TRUE,FALSE,FALSE,FALSE,FALSE,FALSE,TRUE,TRUE,FALSE,FALSE,FALSE,FALSE,FALSE,566
,White Wool,white_wool,FALSE,FALSE,FALSE,64,TRUE,TRUE,FALSE,TRUE,FALSE,N/A,5,N/A,N/A,1,0,1,4,N/A,N/A,N/A,FALSE,FALSE,FALSE,N/A,N/A,FALSE,FALSE,FALSE,FALSE,FALSE,TRUE,TRUE,FALSE,FALSE,TRUE,TRUE,FALSE,FALSE,FALSE,FALSE,FALSE,TRUE,TRUE,FALSE,FALSE,FALSE,FALSE,FALSE,567
,Light Gray Wool,light_gray_wool,FALSE,FALSE,FALSE,64,TRUE,TRUE,FALSE,TRUE,FALSE,N/A,5,N/A,N/A,1,0,1,4,N/A,N/A,N/A,FALSE,FALSE,FALSE,N/A,N/A,FALSE,FALSE,FALSE,FALSE,FALSE,TRUE,FALSE,FALSE,FALSE,TRUE,TRUE,FALSE,FALSE,FALSE,FALSE,FALSE,TRUE,TRUE,FALSE,FALSE,FALSE,FALSE,FALSE,568
,Gray Wool,gray_wool,FALSE,FALSE,FALSE,64,TRUE,TRUE,FALSE,TRUE,FALSE,N/A,5,N/A,N/A,1,0,1,4,N/A,N/A,N/A,FALSE,FALSE,FALSE,N/A,N/A,FALSE,FALSE,FALSE,FALSE,FALSE,TRUE,TRUE,FALSE,FALSE,TRUE,TRUE,FALSE,FALSE,FALSE,FALSE,FALSE,TRUE,TRUE,FALSE,FALSE,FALSE,FALSE,FALSE,569
,Black Wool,black_wool,FALSE,FALSE,FALSE,64,TRUE,TRUE,FALSE,TRUE,FALSE,N/A,5,N/A,N/A,1,0,1,4,N/A,N/A,N/A,FALSE,FALSE,FALSE,N/A,N/A,FALSE,FALSE,FALSE,FALSE,FALSE,TRUE,TRUE,FALSE,FALSE,TRUE,TRUE,FALSE,FALSE,FALSE,FALSE,FALSE,TRUE,TRUE,FALSE,FALSE,FALSE,FALSE,FALSE,570
,Brown Wool,brown_wool,FALSE,FALSE,FALSE,64,TRUE,TRUE,FALSE,TRUE,FALSE,N/A,5,N/A,N/A,1,0,1,4,N/A,N/A,N/A,FALSE,FALSE,FALSE,N/A,N/A,FALSE,FALSE,FALSE,FALSE,FALSE,TRUE,TRUE,FALSE,FALSE,TRUE,TRUE,FALSE,FALSE,FALSE,FALSE,FALSE,TRUE,TRUE,FALSE,FALSE,FALSE,FALSE,FALSE,571
,Red Wool,red_wool,FALSE,FALSE,FALSE,64,TRUE,TRUE,FALSE,TRUE,FALSE,N/A,5,N/A,N/A,1,0,1,4,N/A,N/A,N/A,FALSE,FALSE,FALSE,N/A,N/A,FALSE,FALSE,FALSE,FALSE,FALSE,TRUE,FALSE,FALSE,FALSE,TRUE,TRUE,FALSE,FALSE,FALSE,FALSE,FALSE,TRUE,TRUE,FALSE,FALSE,FALSE,FALSE,FALSE,572
,Orange Wool,orange_wool,FALSE,FALSE,FALSE,64,TRUE,TRUE,FALSE,TRUE,FALSE,N/A,5,N/A,N/A,1,0,1,4,N/A,N/A,N/A,FALSE,FALSE,FALSE,N/A,N/A,FALSE,FALSE,FALSE,FALSE,FALSE,TRUE,FALSE,FALSE,FALSE,TRUE,TRUE,FALSE,FALSE,FALSE,FALSE,FALSE,TRUE,TRUE,FALSE,FALSE,FALSE,FALSE,FALSE,573
,Yellow Wool,yellow_wool,FALSE,FALSE,FALSE,64,TRUE,TRUE,FALSE,TRUE,FALSE,N/A,5,N/A,N/A,1,0,1,4,N/A,N/A,N/A,FALSE,FALSE,FALSE,N/A,N/A,FALSE,FALSE,FALSE,FALSE,FALSE,TRUE,FALSE,FALSE,FALSE,TRUE,TRUE,FALSE,FALSE,FALSE,FALSE,FALSE,TRUE,TRUE,FALSE,FALSE,FALSE,FALSE,FALSE,574
,Lime Wool,lime_wool,FALSE,FALSE,FALSE,64,TRUE,TRUE,FALSE,TRUE,FALSE,N/A,5,N/A,N/A,1,0,1,4,N/A,N/A,N/A,FALSE,FALSE,FALSE,N/A,N/A,FALSE,FALSE,FALSE,FALSE,FALSE,TRUE,FALSE,FALSE,FALSE,TRUE,TRUE,FALSE,FALSE,FALSE,FALSE,FALSE,TRUE,TRUE,FALSE,FALSE,FALSE,FALSE,FALSE,575
,Green Wool,green_wool,FALSE,FALSE,FALSE,64,TRUE,TRUE,FALSE,TRUE,FALSE,N/A,5,N/A,N/A,1,0,1,4,N/A,N/A,N/A,FALSE,FALSE,FALSE,N/A,N/A,FALSE,FALSE,FALSE,FALSE,FALSE,TRUE,FALSE,FALSE,FALSE,TRUE,TRUE,FALSE,FALSE,FALSE,FALSE,FALSE,TRUE,TRUE,FALSE,FALSE,FALSE,FALSE,FALSE,576
,Cyan Wool,cyan_wool,FALSE,FALSE,FALSE,64,TRUE,TRUE,FALSE,TRUE,FALSE,N/A,5,N/A,N/A,1,0,1,4,N/A,N/A,N/A,FALSE,FALSE,FALSE,N/A,N/A,FALSE,FALSE,FALSE,FALSE,FALSE,TRUE,FALSE,FALSE,FALSE,TRUE,TRUE,FALSE,FALSE,FALSE,FALSE,FALSE,TRUE,TRUE,FALSE,FALSE,FALSE,FALSE,FALSE,577
,Light Blue Wool,light_blue_wool,FALSE,FALSE,FALSE,64,TRUE,TRUE,FALSE,TRUE,FALSE,N/A,5,N/A,N/A,1,0,1,4,N/A,N/A,N/A,FALSE,FALSE,FALSE,N/A,N/A,FALSE,FALSE,FALSE,FALSE,FALSE,TRUE,FALSE,FALSE,FALSE,TRUE,TRUE,FALSE,FALSE,FALSE,FALSE,FALSE,TRUE,TRUE,FALSE,FALSE,FALSE,FALSE,FALSE,578
,Blue Wool,blue_wool,FALSE,FALSE,FALSE,64,TRUE,TRUE,FALSE,TRUE,FALSE,N/A,5,N/A,N/A,1,0,1,4,N/A,N/A,N/A,FALSE,FALSE,FALSE,N/A,N/A,FALSE,FALSE,FALSE,FALSE,FALSE,TRUE,FALSE,FALSE,FALSE,TRUE,TRUE,FALSE,FALSE,FALSE,FALSE,FALSE,TRUE,TRUE,FALSE,FALSE,FALSE,FALSE,FALSE,579
,Purple Wool,purple_wool,FALSE,FALSE,FALSE,64,TRUE,TRUE,FALSE,TRUE,FALSE,N/A,5,N/A,N/A,1,0,1,4,N/A,N/A,N/A,FALSE,FALSE,FALSE,N/A,N/A,FALSE,FALSE,FALSE,FALSE,FALSE,TRUE,FALSE,FALSE,FALSE,TRUE,TRUE,FALSE,FALSE,FALSE,FALSE,FALSE,TRUE,TRUE,FALSE,FALSE,FALSE,FALSE,FALSE,580
,Magenta Wool,magenta_wool,FALSE,FALSE,FALSE,64,TRUE,TRUE,FALSE,TRUE,FALSE,N/A,5,N/A,N/A,1,0,1,4,N/A,N/A,N/A,FALSE,FALSE,FALSE,N/A,N/A,FALSE,FALSE,FALSE,FALSE,FALSE,TRUE,FALSE,FALSE,FALSE,TRUE,TRUE,FALSE,FALSE,FALSE,FALSE,FALSE,TRUE,TRUE,FALSE,FALSE,FALSE,FALSE,FALSE,581
,Pink Wool,pink_wool,FALSE,FALSE,FALSE,64,TRUE,TRUE,FALSE,TRUE,FALSE,N/A,5,N/A,N/A,1,0,1,4,N/A,N/A,N/A,FALSE,FALSE,FALSE,N/A,N/A,FALSE,FALSE,FALSE,FALSE,FALSE,TRUE,FALSE,FALSE,FALSE,TRUE,TRUE,FALSE,FALSE,FALSE,FALSE,FALSE,TRUE,TRUE,FALSE,FALSE,FALSE,FALSE,FALSE,582
,White Carpet,white_carpet,FALSE,FALSE,FALSE,64,TRUE,TRUE,FALSE,TRUE,FALSE,N/A,3.35,N/A,N/A,1,0,1,4,N/A,N/A,N/A,FALSE,FALSE,FALSE,N/A,N/A,FALSE,FALSE,FALSE,TRUE,FALSE,TRUE,FALSE,FALSE,FALSE,TRUE,TRUE,FALSE,FALSE,FALSE,FALSE,FALSE,TRUE,TRUE,FALSE,FALSE,FALSE,FALSE,FALSE,583
,Light Gray Carpet,light_gray_carpet,FALSE,FALSE,FALSE,64,TRUE,TRUE,FALSE,TRUE,FALSE,N/A,3.35,N/A,N/A,1,0,1,4,N/A,N/A,N/A,FALSE,FALSE,FALSE,N/A,N/A,FALSE,FALSE,FALSE,TRUE,FALSE,TRUE,FALSE,FALSE,FALSE,TRUE,TRUE,FALSE,FALSE,FALSE,FALSE,FALSE,TRUE,TRUE,FALSE,FALSE,FALSE,FALSE,FALSE,584
,Gray Carpet,gray_carpet,FALSE,FALSE,FALSE,64,TRUE,TRUE,FALSE,TRUE,FALSE,N/A,3.35,N/A,N/A,1,0,1,4,N/A,N/A,N/A,FALSE,FALSE,FALSE,N/A,N/A,FALSE,FALSE,FALSE,TRUE,FALSE,TRUE,FALSE,FALSE,FALSE,TRUE,TRUE,FALSE,FALSE,FALSE,FALSE,FALSE,TRUE,TRUE,FALSE,FALSE,FALSE,FALSE,FALSE,585
,Black Carpet,black_carpet,FALSE,FALSE,FALSE,64,TRUE,TRUE,FALSE,TRUE,FALSE,N/A,3.35,N/A,N/A,1,0,1,4,N/A,N/A,N/A,FALSE,FALSE,FALSE,N/A,N/A,FALSE,FALSE,FALSE,TRUE,FALSE,TRUE,FALSE,FALSE,FALSE,TRUE,TRUE,FALSE,FALSE,FALSE,FALSE,FALSE,TRUE,TRUE,FALSE,FALSE,FALSE,FALSE,FALSE,586
,Brown Carpet,brown_carpet,FALSE,FALSE,FALSE,64,TRUE,TRUE,FALSE,TRUE,FALSE,N/A,3.35,N/A,N/A,1,0,1,4,N/A,N/A,N/A,FALSE,FALSE,FALSE,N/A,N/A,FALSE,FALSE,FALSE,TRUE,FALSE,TRUE,FALSE,FALSE,FALSE,TRUE,TRUE,FALSE,FALSE,FALSE,FALSE,FALSE,TRUE,TRUE,FALSE,FALSE,FALSE,FALSE,FALSE,587
,Red Carpet,red_carpet,FALSE,FALSE,FALSE,64,TRUE,TRUE,FALSE,TRUE,FALSE,N/A,3.35,N/A,N/A,1,0,1,4,N/A,N/A,N/A,FALSE,FALSE,FALSE,N/A,N/A,FALSE,FALSE,FALSE,TRUE,FALSE,TRUE,FALSE,FALSE,FALSE,TRUE,TRUE,FALSE,FALSE,FALSE,FALSE,FALSE,TRUE,TRUE,FALSE,FALSE,FALSE,FALSE,FALSE,588
,Orange Carpet,orange_carpet,FALSE,FALSE,FALSE,64,TRUE,TRUE,FALSE,TRUE,FALSE,N/A,3.35,N/A,N/A,1,0,1,4,N/A,N/A,N/A,FALSE,FALSE,FALSE,N/A,N/A,FALSE,FALSE,FALSE,TRUE,FALSE,TRUE,FALSE,FALSE,FALSE,TRUE,TRUE,FALSE,FALSE,FALSE,FALSE,FALSE,TRUE,TRUE,FALSE,FALSE,FALSE,FALSE,FALSE,589
,Yellow Carpet,yellow_carpet,FALSE,FALSE,FALSE,64,TRUE,TRUE,FALSE,TRUE,FALSE,N/A,3.35,N/A,N/A,1,0,1,4,N/A,N/A,N/A,FALSE,FALSE,FALSE,N/A,N/A,FALSE,FALSE,FALSE,TRUE,FALSE,TRUE,FALSE,FALSE,FALSE,TRUE,TRUE,FALSE,FALSE,FALSE,FALSE,FALSE,TRUE,TRUE,FALSE,FALSE,FALSE,FALSE,FALSE,590
,Lime Carpet,lime_carpet,FALSE,FALSE,FALSE,64,TRUE,TRUE,FALSE,TRUE,FALSE,N/A,3.35,N/A,N/A,1,0,1,4,N/A,N/A,N/A,FALSE,FALSE,FALSE,N/A,N/A,FALSE,FALSE,FALSE,TRUE,FALSE,TRUE,FALSE,FALSE,FALSE,TRUE,TRUE,FALSE,FALSE,FALSE,FALSE,FALSE,TRUE,TRUE,FALSE,FALSE,FALSE,FALSE,FALSE,591
,Green Carpet,green_carpet,FALSE,FALSE,FALSE,64,TRUE,TRUE,FALSE,TRUE,FALSE,N/A,3.35,N/A,N/A,1,0,1,4,N/A,N/A,N/A,FALSE,FALSE,FALSE,N/A,N/A,FALSE,FALSE,FALSE,TRUE,FALSE,TRUE,FALSE,FALSE,FALSE,TRUE,TRUE,FALSE,FALSE,FALSE,FALSE,FALSE,TRUE,TRUE,FALSE,FALSE,FALSE,FALSE,FALSE,592
,Cyan Carpet,cyan_carpet,FALSE,FALSE,FALSE,64,TRUE,TRUE,FALSE,TRUE,FALSE,N/A,3.35,N/A,N/A,1,0,1,4,N/A,N/A,N/A,FALSE,FALSE,FALSE,N/A,N/A,FALSE,FALSE,FALSE,TRUE,FALSE,TRUE,FALSE,FALSE,FALSE,TRUE,TRUE,FALSE,FALSE,FALSE,FALSE,FALSE,TRUE,TRUE,FALSE,FALSE,FALSE,FALSE,FALSE,593
,Light Blue Carpet,light_blue_carpet,FALSE,FALSE,FALSE,64,TRUE,TRUE,FALSE,TRUE,FALSE,N/A,3.35,N/A,N/A,1,0,1,4,N/A,N/A,N/A,FALSE,FALSE,FALSE,N/A,N/A,FALSE,FALSE,FALSE,TRUE,FALSE,TRUE,FALSE,FALSE,FALSE,TRUE,TRUE,FALSE,FALSE,FALSE,FALSE,FALSE,TRUE,TRUE,FALSE,FALSE,FALSE,FALSE,FALSE,594
,Blue Carpet,blue_carpet,FALSE,FALSE,FALSE,64,TRUE,TRUE,FALSE,TRUE,FALSE,N/A,3.35,N/A,N/A,1,0,1,4,N/A,N/A,N/A,FALSE,FALSE,FALSE,N/A,N/A,FALSE,FALSE,FALSE,TRUE,FALSE,TRUE,FALSE,FALSE,FALSE,TRUE,TRUE,FALSE,FALSE,FALSE,FALSE,FALSE,TRUE,TRUE,FALSE,FALSE,FALSE,FALSE,FALSE,595
,Purple Carpet,purple_carpet,FALSE,FALSE,FALSE,64,TRUE,TRUE,FALSE,TRUE,FALSE,N/A,3.35,N/A,N/A,1,0,1,4,N/A,N/A,N/A,FALSE,FALSE,FALSE,N/A,N/A,FALSE,FALSE,FALSE,TRUE,FALSE,TRUE,FALSE,FALSE,FALSE,TRUE,TRUE,FALSE,FALSE,FALSE,FALSE,FALSE,TRUE,TRUE,FALSE,FALSE,FALSE,FALSE,FALSE,596
,Magenta Carpet,magenta_carpet,FALSE,FALSE,FALSE,64,TRUE,TRUE,FALSE,TRUE,FALSE,N/A,3.35,N/A,N/A,1,0,1,4,N/A,N/A,N/A,FALSE,FALSE,FALSE,N/A,N/A,FALSE,FALSE,FALSE,TRUE,FALSE,TRUE,FALSE,FALSE,FALSE,TRUE,TRUE,FALSE,FALSE,FALSE,FALSE,FALSE,TRUE,TRUE,FALSE,FALSE,FALSE,FALSE,FALSE,597
,Pink Carpet,pink_carpet,FALSE,FALSE,FALSE,64,TRUE,TRUE,FALSE,TRUE,FALSE,N/A,3.35,N/A,N/A,1,0,1,4,N/A,N/A,N/A,FALSE,FALSE,FALSE,N/A,N/A,FALSE,FALSE,FALSE,TRUE,FALSE,TRUE,FALSE,FALSE,FALSE,TRUE,TRUE,FALSE,FALSE,FALSE,FALSE,FALSE,TRUE,TRUE,FALSE,FALSE,FALSE,FALSE,FALSE,598
,White Banner,white_banner,FALSE,FALSE,FALSE,16,TRUE,TRUE,FALSE,TRUE,FALSE,N/A,15,N/A,N/A,1,0,1,4,N/A,N/A,N/A,FALSE,FALSE,FALSE,N/A,N/A,FALSE,FALSE,FALSE,FALSE,FALSE,TRUE,FALSE,FALSE,FALSE,TRUE,TRUE,FALSE,FALSE,FALSE,FALSE,FALSE,TRUE,TRUE,FALSE,FALSE,FALSE,TRUE,FALSE,599
,Light Gray Banner,light_gray_banner,FALSE,FALSE,FALSE,16,TRUE,TRUE,FALSE,TRUE,FALSE,N/A,15,N/A,N/A,1,0,1,4,N/A,N/A,N/A,FALSE,FALSE,FALSE,N/A,N/A,FALSE,FALSE,FALSE,FALSE,FALSE,TRUE,FALSE,FALSE,FALSE,TRUE,TRUE,FALSE,FALSE,FALSE,FALSE,FALSE,TRUE,TRUE,FALSE,FALSE,FALSE,TRUE,FALSE,600
,Gray Banner,gray_banner,FALSE,FALSE,FALSE,16,TRUE,TRUE,FALSE,TRUE,FALSE,N/A,15,N/A,N/A,1,0,1,4,N/A,N/A,N/A,FALSE,FALSE,FALSE,N/A,N/A,FALSE,FALSE,FALSE,FALSE,FALSE,TRUE,FALSE,FALSE,FALSE,TRUE,TRUE,FALSE,FALSE,FALSE,FALSE,FALSE,TRUE,TRUE,FALSE,FALSE,FALSE,TRUE,FALSE,601
,Black Banner,black_banner,FALSE,FALSE,FALSE,16,TRUE,TRUE,FALSE,TRUE,FALSE,N/A,15,N/A,N/A,1,0,1,4,N/A,N/A,N/A,FALSE,FALSE,FALSE,N/A,N/A,FALSE,FALSE,FALSE,FALSE,FALSE,TRUE,FALSE,FALSE,FALSE,TRUE,TRUE,FALSE,FALSE,FALSE,FALSE,FALSE,TRUE,TRUE,FALSE,FALSE,FALSE,TRUE,FALSE,602
,Brown Banner,brown_banner,FALSE,FALSE,FALSE,16,TRUE,TRUE,FALSE,TRUE,FALSE,N/A,15,N/A,N/A,1,0,1,4,N/A,N/A,N/A,FALSE,FALSE,FALSE,N/A,N/A,FALSE,FALSE,FALSE,FALSE,FALSE,TRUE,FALSE,FALSE,FALSE,TRUE,TRUE,FALSE,FALSE,FALSE,FALSE,FALSE,TRUE,TRUE,FALSE,FALSE,FALSE,TRUE,FALSE,603
,Red Banner,red_banner,FALSE,FALSE,FALSE,16,TRUE,TRUE,FALSE,TRUE,FALSE,N/A,15,N/A,N/A,1,0,1,4,N/A,N/A,N/A,FALSE,FALSE,FALSE,N/A,N/A,FALSE,FALSE,FALSE,FALSE,FALSE,TRUE,FALSE,FALSE,FALSE,TRUE,TRUE,FALSE,FALSE,FALSE,FALSE,FALSE,TRUE,TRUE,FALSE,FALSE,FALSE,TRUE,FALSE,604
,Orange Banner,orange_banner,FALSE,FALSE,FALSE,16,TRUE,TRUE,FALSE,TRUE,FALSE,N/A,15,N/A,N/A,1,0,1,4,N/A,N/A,N/A,FALSE,FALSE,FALSE,N/A,N/A,FALSE,FALSE,FALSE,FALSE,FALSE,TRUE,FALSE,FALSE,FALSE,TRUE,TRUE,FALSE,FALSE,FALSE,FALSE,FALSE,TRUE,TRUE,FALSE,FALSE,FALSE,TRUE,FALSE,605
,Yellow Banner,yellow_banner,FALSE,FALSE,FALSE,16,TRUE,TRUE,FALSE,TRUE,FALSE,N/A,15,N/A,N/A,1,0,1,4,N/A,N/A,N/A,FALSE,FALSE,FALSE,N/A,N/A,FALSE,FALSE,FALSE,FALSE,FALSE,TRUE,FALSE,FALSE,FALSE,TRUE,TRUE,FALSE,FALSE,FALSE,FALSE,FALSE,TRUE,TRUE,FALSE,FALSE,FALSE,TRUE,FALSE,606
,Lime Banner,lime_banner,FALSE,FALSE,FALSE,16,TRUE,TRUE,FALSE,TRUE,FALSE,N/A,15,N/A,N/A,1,0,1,4,N/A,N/A,N/A,FALSE,FALSE,FALSE,N/A,N/A,FALSE,FALSE,FALSE,FALSE,FALSE,TRUE,FALSE,FALSE,FALSE,TRUE,TRUE,FALSE,FALSE,FALSE,FALSE,FALSE,TRUE,TRUE,FALSE,FALSE,FALSE,TRUE,FALSE,607
,Green Banner,green_banner,FALSE,FALSE,FALSE,16,TRUE,TRUE,FALSE,TRUE,FALSE,N/A,15,N/A,N/A,1,0,1,4,N/A,N/A,N/A,FALSE,FALSE,FALSE,N/A,N/A,FALSE,FALSE,FALSE,FALSE,FALSE,TRUE,FALSE,FALSE,FALSE,TRUE,TRUE,FALSE,FALSE,FALSE,FALSE,FALSE,TRUE,TRUE,FALSE,FALSE,FALSE,TRUE,FALSE,608
,Cyan Banner,cyan_banner,FALSE,FALSE,FALSE,16,TRUE,TRUE,FALSE,TRUE,FALSE,N/A,15,N/A,N/A,1,0,1,4,N/A,N/A,N/A,FALSE,FALSE,FALSE,N/A,N/A,FALSE,FALSE,FALSE,FALSE,FALSE,TRUE,FALSE,FALSE,FALSE,TRUE,TRUE,FALSE,FALSE,FALSE,FALSE,FALSE,TRUE,TRUE,FALSE,FALSE,FALSE,TRUE,FALSE,609
,Light Blue Banner,light_blue_banner,FALSE,FALSE,FALSE,16,TRUE,TRUE,FALSE,TRUE,FALSE,N/A,15,N/A,N/A,1,0,1,4,N/A,N/A,N/A,FALSE,FALSE,FALSE,N/A,N/A,FALSE,FALSE,FALSE,FALSE,FALSE,TRUE,FALSE,FALSE,FALSE,TRUE,TRUE,FALSE,FALSE,FALSE,FALSE,FALSE,TRUE,TRUE,FALSE,FALSE,FALSE,TRUE,FALSE,610
,Blue Banner,blue_banner,FALSE,FALSE,FALSE,16,TRUE,TRUE,FALSE,TRUE,FALSE,N/A,15,N/A,N/A,1,0,1,4,N/A,N/A,N/A,FALSE,FALSE,FALSE,N/A,N/A,FALSE,FALSE,FALSE,FALSE,FALSE,TRUE,FALSE,FALSE,FALSE,TRUE,TRUE,FALSE,FALSE,FALSE,FALSE,FALSE,TRUE,TRUE,FALSE,FALSE,FALSE,TRUE,FALSE,611
,Purple Banner,purple_banner,FALSE,FALSE,FALSE,16,TRUE,TRUE,FALSE,TRUE,FALSE,N/A,15,N/A,N/A,1,0,1,4,N/A,N/A,N/A,FALSE,FALSE,FALSE,N/A,N/A,FALSE,FALSE,FALSE,FALSE,FALSE,TRUE,FALSE,FALSE,FALSE,TRUE,TRUE,FALSE,FALSE,FALSE,FALSE,FALSE,TRUE,TRUE,FALSE,FALSE,FALSE,TRUE,FALSE,612
,Magenta Banner,magenta_banner,FALSE,FALSE,FALSE,16,TRUE,TRUE,FALSE,TRUE,FALSE,N/A,15,N/A,N/A,1,0,1,4,N/A,N/A,N/A,FALSE,FALSE,FALSE,N/A,N/A,FALSE,FALSE,FALSE,FALSE,FALSE,TRUE,FALSE,FALSE,FALSE,TRUE,TRUE,FALSE,FALSE,FALSE,FALSE,FALSE,TRUE,TRUE,FALSE,FALSE,FALSE,TRUE,FALSE,613
,Pink Banner,pink_banner,FALSE,FALSE,FALSE,16,TRUE,TRUE,FALSE,TRUE,FALSE,N/A,15,N/A,N/A,1,0,1,4,N/A,N/A,N/A,FALSE,FALSE,FALSE,N/A,N/A,FALSE,FALSE,FALSE,FALSE,FALSE,TRUE,FALSE,FALSE,FALSE,TRUE,TRUE,FALSE,FALSE,FALSE,FALSE,FALSE,TRUE,TRUE,FALSE,FALSE,FALSE,TRUE,FALSE,614
,Ominous Banner,"white_banner[item_name='{""translate"":""block.minecraft.ominous_banner""}',hide_additional_tooltip={},rarity=""uncommon"",banner_patterns=[{pattern:""minecraft:rhombus"",color:""cyan""},{pattern:""minecraft:stripe_bottom"",color:""light_gray""},{pattern:""minecraft:stripe_center"",color:""gray""},{pattern:""minecraft:border"",color:""light_gray""},{pattern:""minecraft:stripe_middle"",color:""black""},{pattern:""minecraft:half_horizontal"",color:""light_gray""},{pattern:""minecraft:circle"",color:""light_gray""},{pattern:""minecraft:border"",color:""black""}]]",FALSE,FALSE,FALSE,16,TRUE,TRUE,FALSE,TRUE,FALSE,N/A,15,N/A,N/A,1,0,1,4,N/A,N/A,N/A,FALSE,FALSE,FALSE,N/A,N/A,FALSE,FALSE,FALSE,FALSE,FALSE,FALSE,FALSE,FALSE,FALSE,TRUE,FALSE,FALSE,FALSE,FALSE,FALSE,FALSE,TRUE,FALSE,TRUE,FALSE,FALSE,TRUE,TRUE,615
,White Bed,white_bed,FALSE,FALSE,FALSE,1,TRUE,TRUE,FALSE,TRUE,FALSE,N/A,N/A,N/A,N/A,1,0,1,4,N/A,N/A,N/A,FALSE,FALSE,FALSE,N/A,N/A,FALSE,FALSE,FALSE,FALSE,FALSE,TRUE,FALSE,FALSE,FALSE,TRUE,TRUE,FALSE,FALSE,FALSE,FALSE,FALSE,TRUE,TRUE,FALSE,FALSE,FALSE,TRUE,FALSE,616
,Light Gray Bed,light_gray_bed,FALSE,FALSE,FALSE,1,TRUE,TRUE,FALSE,TRUE,FALSE,N/A,N/A,N/A,N/A,1,0,1,4,N/A,N/A,N/A,FALSE,FALSE,FALSE,N/A,N/A,FALSE,FALSE,FALSE,FALSE,FALSE,TRUE,FALSE,FALSE,FALSE,TRUE,TRUE,FALSE,FALSE,FALSE,FALSE,FALSE,TRUE,TRUE,FALSE,FALSE,FALSE,TRUE,FALSE,617
,Gray Bed,gray_bed,FALSE,FALSE,FALSE,1,TRUE,TRUE,FALSE,TRUE,FALSE,N/A,N/A,N/A,N/A,1,0,1,4,N/A,N/A,N/A,FALSE,FALSE,FALSE,N/A,N/A,FALSE,FALSE,FALSE,FALSE,FALSE,TRUE,FALSE,FALSE,FALSE,TRUE,TRUE,FALSE,FALSE,FALSE,FALSE,FALSE,TRUE,TRUE,FALSE,FALSE,FALSE,TRUE,FALSE,618
,Black Bed,black_bed,FALSE,FALSE,FALSE,1,TRUE,TRUE,FALSE,TRUE,FALSE,N/A,N/A,N/A,N/A,1,0,1,4,N/A,N/A,N/A,FALSE,FALSE,FALSE,N/A,N/A,FALSE,FALSE,FALSE,FALSE,FALSE,TRUE,FALSE,FALSE,FALSE,TRUE,TRUE,FALSE,FALSE,FALSE,FALSE,FALSE,TRUE,TRUE,FALSE,FALSE,FALSE,TRUE,FALSE,619
,Brown Bed,brown_bed,FALSE,FALSE,FALSE,1,TRUE,TRUE,FALSE,TRUE,FALSE,N/A,N/A,N/A,N/A,1,0,1,4,N/A,N/A,N/A,FALSE,FALSE,FALSE,N/A,N/A,FALSE,FALSE,FALSE,FALSE,FALSE,TRUE,FALSE,FALSE,FALSE,TRUE,TRUE,FALSE,FALSE,FALSE,FALSE,FALSE,TRUE,TRUE,FALSE,FALSE,FALSE,TRUE,FALSE,620
,Red Bed,red_bed,FALSE,FALSE,FALSE,1,TRUE,TRUE,FALSE,TRUE,FALSE,N/A,N/A,N/A,N/A,1,0,1,4,N/A,N/A,N/A,FALSE,FALSE,FALSE,N/A,N/A,FALSE,FALSE,FALSE,FALSE,FALSE,TRUE,FALSE,FALSE,FALSE,TRUE,TRUE,FALSE,FALSE,FALSE,FALSE,FALSE,TRUE,TRUE,FALSE,FALSE,FALSE,TRUE,FALSE,621
,Orange Bed,orange_bed,FALSE,FALSE,FALSE,1,TRUE,TRUE,FALSE,TRUE,FALSE,N/A,N/A,N/A,N/A,1,0,1,4,N/A,N/A,N/A,FALSE,FALSE,FALSE,N/A,N/A,FALSE,FALSE,FALSE,FALSE,FALSE,TRUE,FALSE,FALSE,FALSE,TRUE,TRUE,FALSE,FALSE,FALSE,FALSE,FALSE,TRUE,TRUE,FALSE,FALSE,FALSE,TRUE,FALSE,622
,Yellow Bed,yellow_bed,FALSE,FALSE,FALSE,1,TRUE,TRUE,FALSE,TRUE,FALSE,N/A,N/A,N/A,N/A,1,0,1,4,N/A,N/A,N/A,FALSE,FALSE,FALSE,N/A,N/A,FALSE,FALSE,FALSE,FALSE,FALSE,TRUE,FALSE,FALSE,FALSE,TRUE,TRUE,FALSE,FALSE,FALSE,FALSE,FALSE,TRUE,TRUE,FALSE,FALSE,FALSE,TRUE,FALSE,623
,Lime Bed,lime_bed,FALSE,FALSE,FALSE,1,TRUE,TRUE,FALSE,TRUE,FALSE,N/A,N/A,N/A,N/A,1,0,1,4,N/A,N/A,N/A,FALSE,FALSE,FALSE,N/A,N/A,FALSE,FALSE,FALSE,FALSE,FALSE,TRUE,FALSE,FALSE,FALSE,TRUE,TRUE,FALSE,FALSE,FALSE,FALSE,FALSE,TRUE,TRUE,FALSE,FALSE,FALSE,TRUE,FALSE,624
,Green Bed,green_bed,FALSE,FALSE,FALSE,1,TRUE,TRUE,FALSE,TRUE,FALSE,N/A,N/A,N/A,N/A,1,0,1,4,N/A,N/A,N/A,FALSE,FALSE,FALSE,N/A,N/A,FALSE,FALSE,FALSE,FALSE,FALSE,TRUE,FALSE,FALSE,FALSE,TRUE,TRUE,FALSE,FALSE,FALSE,FALSE,FALSE,TRUE,TRUE,FALSE,FALSE,FALSE,TRUE,FALSE,625
,Cyan Bed,cyan_bed,FALSE,FALSE,FALSE,1,TRUE,TRUE,FALSE,TRUE,FALSE,N/A,N/A,N/A,N/A,1,0,1,4,N/A,N/A,N/A,FALSE,FALSE,FALSE,N/A,N/A,FALSE,FALSE,FALSE,FALSE,FALSE,TRUE,FALSE,FALSE,FALSE,TRUE,TRUE,FALSE,FALSE,FALSE,FALSE,FALSE,TRUE,TRUE,FALSE,FALSE,FALSE,TRUE,FALSE,626
,Light Blue Bed,light_blue_bed,FALSE,FALSE,FALSE,1,TRUE,TRUE,FALSE,TRUE,FALSE,N/A,N/A,N/A,N/A,1,0,1,4,N/A,N/A,N/A,FALSE,FALSE,FALSE,N/A,N/A,FALSE,FALSE,FALSE,FALSE,FALSE,TRUE,FALSE,FALSE,FALSE,TRUE,TRUE,FALSE,FALSE,FALSE,FALSE,FALSE,TRUE,TRUE,FALSE,FALSE,FALSE,TRUE,FALSE,627
,Blue Bed,blue_bed,FALSE,FALSE,FALSE,1,TRUE,TRUE,FALSE,TRUE,FALSE,N/A,N/A,N/A,N/A,1,0,1,4,N/A,N/A,N/A,FALSE,FALSE,FALSE,N/A,N/A,FALSE,FALSE,FALSE,FALSE,FALSE,TRUE,FALSE,FALSE,FALSE,TRUE,TRUE,FALSE,FALSE,FALSE,FALSE,FALSE,TRUE,TRUE,FALSE,FALSE,FALSE,TRUE,FALSE,628
,Purple Bed,purple_bed,FALSE,FALSE,FALSE,1,TRUE,TRUE,FALSE,TRUE,FALSE,N/A,N/A,N/A,N/A,1,0,1,4,N/A,N/A,N/A,FALSE,FALSE,FALSE,N/A,N/A,FALSE,FALSE,FALSE,FALSE,FALSE,TRUE,FALSE,FALSE,FALSE,TRUE,TRUE,FALSE,FALSE,FALSE,FALSE,FALSE,TRUE,TRUE,FALSE,FALSE,FALSE,TRUE,FALSE,629
,Magenta Bed,magenta_bed,FALSE,FALSE,FALSE,1,TRUE,TRUE,FALSE,TRUE,FALSE,N/A,N/A,N/A,N/A,1,0,1,4,N/A,N/A,N/A,FALSE,FALSE,FALSE,N/A,N/A,FALSE,FALSE,FALSE,FALSE,FALSE,TRUE,FALSE,FALSE,FALSE,TRUE,TRUE,FALSE,FALSE,FALSE,FALSE,FALSE,TRUE,TRUE,FALSE,FALSE,FALSE,TRUE,FALSE,630
,Pink Bed,pink_bed,FALSE,FALSE,FALSE,1,TRUE,TRUE,FALSE,TRUE,FALSE,N/A,N/A,N/A,N/A,1,0,1,4,N/A,N/A,N/A,FALSE,FALSE,FALSE,N/A,N/A,FALSE,FALSE,FALSE,FALSE,FALSE,TRUE,FALSE,FALSE,FALSE,TRUE,TRUE,FALSE,FALSE,FALSE,FALSE,FALSE,TRUE,TRUE,FALSE,FALSE,FALSE,TRUE,FALSE,631
,White Concrete Powder,white_concrete_powder,FALSE,FALSE,FALSE,64,TRUE,FALSE,FALSE,TRUE,FALSE,N/A,N/A,N/A,N/A,1,0,1,4,N/A,N/A,N/A,FALSE,FALSE,FALSE,N/A,N/A,FALSE,FALSE,FALSE,FALSE,FALSE,FALSE,FALSE,FALSE,FALSE,FALSE,TRUE,FALSE,FALSE,FALSE,FALSE,FALSE,TRUE,TRUE,FALSE,FALSE,FALSE,FALSE,FALSE,632
,Light Gray Concrete Powder,light_gray_concrete_powder,FALSE,FALSE,FALSE,64,TRUE,FALSE,FALSE,TRUE,FALSE,N/A,N/A,N/A,N/A,1,0,1,4,N/A,N/A,N/A,FALSE,FALSE,FALSE,N/A,N/A,FALSE,FALSE,FALSE,FALSE,FALSE,FALSE,FALSE,FALSE,FALSE,FALSE,TRUE,FALSE,FALSE,FALSE,FALSE,FALSE,TRUE,TRUE,FALSE,FALSE,FALSE,FALSE,FALSE,633
,Gray Concrete Powder,gray_concrete_powder,FALSE,FALSE,FALSE,64,TRUE,FALSE,FALSE,TRUE,FALSE,N/A,N/A,N/A,N/A,1,0,1,4,N/A,N/A,N/A,FALSE,FALSE,FALSE,N/A,N/A,FALSE,FALSE,FALSE,FALSE,FALSE,FALSE,FALSE,FALSE,FALSE,FALSE,TRUE,FALSE,FALSE,FALSE,FALSE,FALSE,TRUE,TRUE,FALSE,FALSE,FALSE,FALSE,FALSE,634
,Black Concrete Powder,black_concrete_powder,FALSE,FALSE,FALSE,64,TRUE,FALSE,FALSE,TRUE,FALSE,N/A,N/A,N/A,N/A,1,0,1,4,N/A,N/A,N/A,FALSE,FALSE,FALSE,N/A,N/A,FALSE,FALSE,FALSE,FALSE,FALSE,FALSE,FALSE,FALSE,FALSE,FALSE,TRUE,FALSE,FALSE,FALSE,FALSE,FALSE,TRUE,TRUE,FALSE,FALSE,FALSE,FALSE,FALSE,635
,Brown Concrete Powder,brown_concrete_powder,FALSE,FALSE,FALSE,64,TRUE,FALSE,FALSE,TRUE,FALSE,N/A,N/A,N/A,N/A,1,0,1,4,N/A,N/A,N/A,FALSE,FALSE,FALSE,N/A,N/A,FALSE,FALSE,FALSE,FALSE,FALSE,FALSE,FALSE,FALSE,FALSE,FALSE,TRUE,FALSE,FALSE,FALSE,FALSE,FALSE,TRUE,TRUE,FALSE,FALSE,FALSE,FALSE,FALSE,636
,Red Concrete Powder,red_concrete_powder,FALSE,FALSE,FALSE,64,TRUE,FALSE,FALSE,TRUE,FALSE,N/A,N/A,N/A,N/A,1,0,1,4,N/A,N/A,N/A,FALSE,FALSE,FALSE,N/A,N/A,FALSE,FALSE,FALSE,FALSE,FALSE,FALSE,FALSE,FALSE,FALSE,FALSE,TRUE,FALSE,FALSE,FALSE,FALSE,FALSE,TRUE,TRUE,FALSE,FALSE,FALSE,FALSE,FALSE,637
,Orange Concrete Powder,orange_concrete_powder,FALSE,FALSE,FALSE,64,TRUE,FALSE,FALSE,TRUE,FALSE,N/A,N/A,N/A,N/A,1,0,1,4,N/A,N/A,N/A,FALSE,FALSE,FALSE,N/A,N/A,FALSE,FALSE,FALSE,FALSE,FALSE,FALSE,FALSE,FALSE,FALSE,FALSE,TRUE,FALSE,FALSE,FALSE,FALSE,FALSE,TRUE,TRUE,FALSE,FALSE,FALSE,FALSE,FALSE,638
,Yellow Concrete Powder,yellow_concrete_powder,FALSE,FALSE,FALSE,64,TRUE,FALSE,FALSE,TRUE,FALSE,N/A,N/A,N/A,N/A,1,0,1,4,N/A,N/A,N/A,FALSE,FALSE,FALSE,N/A,N/A,FALSE,FALSE,FALSE,FALSE,FALSE,FALSE,FALSE,FALSE,FALSE,FALSE,TRUE,FALSE,FALSE,FALSE,FALSE,FALSE,TRUE,TRUE,FALSE,FALSE,FALSE,FALSE,FALSE,639
,Lime Concrete Powder,lime_concrete_powder,FALSE,FALSE,FALSE,64,TRUE,FALSE,FALSE,TRUE,FALSE,N/A,N/A,N/A,N/A,1,0,1,4,N/A,N/A,N/A,FALSE,FALSE,FALSE,N/A,N/A,FALSE,FALSE,FALSE,FALSE,FALSE,FALSE,FALSE,FALSE,FALSE,FALSE,TRUE,FALSE,FALSE,FALSE,FALSE,FALSE,TRUE,TRUE,FALSE,FALSE,FALSE,FALSE,FALSE,640
,Green Concrete Powder,green_concrete_powder,FALSE,FALSE,FALSE,64,TRUE,FALSE,FALSE,TRUE,FALSE,N/A,N/A,N/A,N/A,1,0,1,4,N/A,N/A,N/A,FALSE,FALSE,FALSE,N/A,N/A,FALSE,FALSE,FALSE,FALSE,FALSE,FALSE,FALSE,FALSE,FALSE,FALSE,TRUE,FALSE,FALSE,FALSE,FALSE,FALSE,TRUE,TRUE,FALSE,FALSE,FALSE,FALSE,FALSE,641
,Cyan Concrete Powder,cyan_concrete_powder,FALSE,FALSE,FALSE,64,TRUE,FALSE,FALSE,TRUE,FALSE,N/A,N/A,N/A,N/A,1,0,1,4,N/A,N/A,N/A,FALSE,FALSE,FALSE,N/A,N/A,FALSE,FALSE,FALSE,FALSE,FALSE,FALSE,FALSE,FALSE,FALSE,FALSE,TRUE,FALSE,FALSE,FALSE,FALSE,FALSE,TRUE,TRUE,FALSE,FALSE,FALSE,FALSE,FALSE,642
,Light Blue Concrete Powder,light_blue_concrete_powder,FALSE,FALSE,FALSE,64,TRUE,FALSE,FALSE,TRUE,FALSE,N/A,N/A,N/A,N/A,1,0,1,4,N/A,N/A,N/A,FALSE,FALSE,FALSE,N/A,N/A,FALSE,FALSE,FALSE,FALSE,FALSE,FALSE,FALSE,FALSE,FALSE,FALSE,TRUE,FALSE,FALSE,FALSE,FALSE,FALSE,TRUE,TRUE,FALSE,FALSE,FALSE,FALSE,FALSE,643
,Blue Concrete Powder,blue_concrete_powder,FALSE,FALSE,FALSE,64,TRUE,FALSE,FALSE,TRUE,FALSE,N/A,N/A,N/A,N/A,1,0,1,4,N/A,N/A,N/A,FALSE,FALSE,FALSE,N/A,N/A,FALSE,FALSE,FALSE,FALSE,FALSE,FALSE,FALSE,FALSE,FALSE,FALSE,TRUE,FALSE,FALSE,FALSE,FALSE,FALSE,TRUE,TRUE,FALSE,FALSE,FALSE,FALSE,FALSE,644
,Purple Concrete Powder,purple_concrete_powder,FALSE,FALSE,FALSE,64,TRUE,FALSE,FALSE,TRUE,FALSE,N/A,N/A,N/A,N/A,1,0,1,4,N/A,N/A,N/A,FALSE,FALSE,FALSE,N/A,N/A,FALSE,FALSE,FALSE,FALSE,FALSE,FALSE,FALSE,FALSE,FALSE,FALSE,TRUE,FALSE,FALSE,FALSE,FALSE,FALSE,TRUE,TRUE,FALSE,FALSE,FALSE,FALSE,FALSE,645
,Magenta Concrete Powder,magenta_concrete_powder,FALSE,FALSE,FALSE,64,TRUE,FALSE,FALSE,TRUE,FALSE,N/A,N/A,N/A,N/A,1,0,1,4,N/A,N/A,N/A,FALSE,FALSE,FALSE,N/A,N/A,FALSE,FALSE,FALSE,FALSE,FALSE,FALSE,FALSE,FALSE,FALSE,FALSE,TRUE,FALSE,FALSE,FALSE,FALSE,FALSE,TRUE,TRUE,FALSE,FALSE,FALSE,FALSE,FALSE,646
,Pink Concrete Powder,pink_concrete_powder,FALSE,FALSE,FALSE,64,TRUE,FALSE,FALSE,TRUE,FALSE,N/A,N/A,N/A,N/A,1,0,1,4,N/A,N/A,N/A,FALSE,FALSE,FALSE,N/A,N/A,FALSE,FALSE,FALSE,FALSE,FALSE,FALSE,FALSE,FALSE,FALSE,FALSE,TRUE,FALSE,FALSE,FALSE,FALSE,FALSE,TRUE,TRUE,FALSE,FALSE,FALSE,FALSE,FALSE,647
,White Concrete,white_concrete,FALSE,FALSE,FALSE,64,TRUE,FALSE,FALSE,TRUE,FALSE,N/A,N/A,N/A,N/A,1,0,1,4,N/A,N/A,N/A,FALSE,FALSE,FALSE,N/A,N/A,FALSE,FALSE,FALSE,FALSE,FALSE,FALSE,FALSE,FALSE,FALSE,FALSE,FALSE,FALSE,FALSE,FALSE,FALSE,FALSE,TRUE,TRUE,FALSE,FALSE,FALSE,FALSE,FALSE,648
,Light Gray Concrete,light_gray_concrete,FALSE,FALSE,FALSE,64,TRUE,FALSE,FALSE,TRUE,FALSE,N/A,N/A,N/A,N/A,1,0,1,4,N/A,N/A,N/A,FALSE,FALSE,FALSE,N/A,N/A,FALSE,FALSE,FALSE,FALSE,FALSE,FALSE,FALSE,FALSE,FALSE,FALSE,FALSE,FALSE,FALSE,FALSE,FALSE,FALSE,TRUE,TRUE,FALSE,FALSE,FALSE,FALSE,FALSE,649
,Gray Concrete,gray_concrete,FALSE,FALSE,FALSE,64,TRUE,FALSE,FALSE,TRUE,FALSE,N/A,N/A,N/A,N/A,1,0,1,4,N/A,N/A,N/A,FALSE,FALSE,FALSE,N/A,N/A,FALSE,FALSE,FALSE,FALSE,FALSE,FALSE,FALSE,FALSE,FALSE,FALSE,FALSE,FALSE,FALSE,FALSE,FALSE,FALSE,TRUE,TRUE,FALSE,FALSE,FALSE,FALSE,FALSE,650
,Black Concrete,black_concrete,FALSE,FALSE,FALSE,64,TRUE,FALSE,FALSE,TRUE,FALSE,N/A,N/A,N/A,N/A,1,0,1,4,N/A,N/A,N/A,FALSE,FALSE,FALSE,N/A,N/A,FALSE,FALSE,FALSE,FALSE,FALSE,FALSE,FALSE,FALSE,FALSE,FALSE,FALSE,FALSE,FALSE,FALSE,FALSE,FALSE,TRUE,TRUE,FALSE,FALSE,FALSE,FALSE,FALSE,651
,Brown Concrete,brown_concrete,FALSE,FALSE,FALSE,64,TRUE,FALSE,FALSE,TRUE,FALSE,N/A,N/A,N/A,N/A,1,0,1,4,N/A,N/A,N/A,FALSE,FALSE,FALSE,N/A,N/A,FALSE,FALSE,FALSE,FALSE,FALSE,FALSE,FALSE,FALSE,FALSE,FALSE,FALSE,FALSE,FALSE,FALSE,FALSE,FALSE,TRUE,TRUE,FALSE,FALSE,FALSE,FALSE,FALSE,652
,Red Concrete,red_concrete,FALSE,FALSE,FALSE,64,TRUE,FALSE,FALSE,TRUE,FALSE,N/A,N/A,N/A,N/A,1,0,1,4,N/A,N/A,N/A,FALSE,FALSE,FALSE,N/A,N/A,FALSE,FALSE,FALSE,FALSE,FALSE,FALSE,FALSE,FALSE,FALSE,FALSE,FALSE,FALSE,FALSE,FALSE,FALSE,FALSE,TRUE,TRUE,FALSE,FALSE,FALSE,FALSE,FALSE,653
,Orange Concrete,orange_concrete,FALSE,FALSE,FALSE,64,TRUE,FALSE,FALSE,TRUE,FALSE,N/A,N/A,N/A,N/A,1,0,1,4,N/A,N/A,N/A,FALSE,FALSE,FALSE,N/A,N/A,FALSE,FALSE,FALSE,FALSE,FALSE,FALSE,FALSE,FALSE,FALSE,FALSE,FALSE,FALSE,FALSE,FALSE,FALSE,FALSE,TRUE,TRUE,FALSE,FALSE,FALSE,FALSE,FALSE,654
,Yellow Concrete,yellow_concrete,FALSE,FALSE,FALSE,64,TRUE,FALSE,FALSE,TRUE,FALSE,N/A,N/A,N/A,N/A,1,0,1,4,N/A,N/A,N/A,FALSE,FALSE,FALSE,N/A,N/A,FALSE,FALSE,FALSE,FALSE,FALSE,FALSE,FALSE,FALSE,FALSE,FALSE,FALSE,FALSE,FALSE,FALSE,FALSE,FALSE,TRUE,TRUE,FALSE,FALSE,FALSE,FALSE,FALSE,655
,Lime Concrete,lime_concrete,FALSE,FALSE,FALSE,64,TRUE,FALSE,FALSE,TRUE,FALSE,N/A,N/A,N/A,N/A,1,0,1,4,N/A,N/A,N/A,FALSE,FALSE,FALSE,N/A,N/A,FALSE,FALSE,FALSE,FALSE,FALSE,FALSE,FALSE,FALSE,FALSE,FALSE,FALSE,FALSE,FALSE,FALSE,FALSE,FALSE,TRUE,TRUE,FALSE,FALSE,FALSE,FALSE,FALSE,656
,Green Concrete,green_concrete,FALSE,FALSE,FALSE,64,TRUE,FALSE,FALSE,TRUE,FALSE,N/A,N/A,N/A,N/A,1,0,1,4,N/A,N/A,N/A,FALSE,FALSE,FALSE,N/A,N/A,FALSE,FALSE,FALSE,FALSE,FALSE,FALSE,FALSE,FALSE,FALSE,FALSE,FALSE,FALSE,FALSE,FALSE,FALSE,FALSE,TRUE,TRUE,FALSE,FALSE,FALSE,FALSE,FALSE,657
,Cyan Concrete,cyan_concrete,FALSE,FALSE,FALSE,64,TRUE,FALSE,FALSE,TRUE,FALSE,N/A,N/A,N/A,N/A,1,0,1,4,N/A,N/A,N/A,FALSE,FALSE,FALSE,N/A,N/A,FALSE,FALSE,FALSE,FALSE,FALSE,FALSE,FALSE,FALSE,FALSE,FALSE,FALSE,FALSE,FALSE,FALSE,FALSE,FALSE,TRUE,TRUE,FALSE,FALSE,FALSE,FALSE,FALSE,658
,Light Blue Concrete,light_blue_concrete,FALSE,FALSE,FALSE,64,TRUE,FALSE,FALSE,TRUE,FALSE,N/A,N/A,N/A,N/A,1,0,1,4,N/A,N/A,N/A,FALSE,FALSE,FALSE,N/A,N/A,FALSE,FALSE,FALSE,FALSE,FALSE,FALSE,FALSE,FALSE,FALSE,FALSE,FALSE,FALSE,FALSE,FALSE,FALSE,FALSE,TRUE,TRUE,FALSE,FALSE,FALSE,FALSE,FALSE,659
,Blue Concrete,blue_concrete,FALSE,FALSE,FALSE,64,TRUE,FALSE,FALSE,TRUE,FALSE,N/A,N/A,N/A,N/A,1,0,1,4,N/A,N/A,N/A,FALSE,FALSE,FALSE,N/A,N/A,FALSE,FALSE,FALSE,FALSE,FALSE,FALSE,FALSE,FALSE,FALSE,FALSE,FALSE,FALSE,FALSE,FALSE,FALSE,FALSE,TRUE,TRUE,FALSE,FALSE,FALSE,FALSE,FALSE,660
,Purple Concrete,purple_concrete,FALSE,FALSE,FALSE,64,TRUE,FALSE,FALSE,TRUE,FALSE,N/A,N/A,N/A,N/A,1,0,1,4,N/A,N/A,N/A,FALSE,FALSE,FALSE,N/A,N/A,FALSE,FALSE,FALSE,FALSE,FALSE,FALSE,FALSE,FALSE,FALSE,FALSE,FALSE,FALSE,FALSE,FALSE,FALSE,FALSE,TRUE,TRUE,FALSE,FALSE,FALSE,FALSE,FALSE,661
,Magenta Concrete,magenta_concrete,FALSE,FALSE,FALSE,64,TRUE,FALSE,FALSE,TRUE,FALSE,N/A,N/A,N/A,N/A,1,0,1,4,N/A,N/A,N/A,FALSE,FALSE,FALSE,N/A,N/A,FALSE,FALSE,FALSE,FALSE,FALSE,FALSE,FALSE,FALSE,FALSE,FALSE,FALSE,FALSE,FALSE,FALSE,FALSE,FALSE,TRUE,TRUE,FALSE,FALSE,FALSE,FALSE,FALSE,662
,Pink Concrete,pink_concrete,FALSE,FALSE,FALSE,64,TRUE,FALSE,FALSE,TRUE,FALSE,N/A,N/A,N/A,N/A,1,0,1,4,N/A,N/A,N/A,FALSE,FALSE,FALSE,N/A,N/A,FALSE,FALSE,FALSE,FALSE,FALSE,FALSE,FALSE,FALSE,FALSE,FALSE,FALSE,FALSE,FALSE,FALSE,FALSE,FALSE,TRUE,TRUE,FALSE,FALSE,FALSE,FALSE,FALSE,663
,Terracotta,terracotta,FALSE,FALSE,FALSE,64,TRUE,TRUE,FALSE,TRUE,FALSE,N/A,N/A,N/A,N/A,1,0,1,4,N/A,N/A,N/A,FALSE,FALSE,FALSE,N/A,N/A,FALSE,FALSE,FALSE,FALSE,FALSE,FALSE,FALSE,FALSE,FALSE,TRUE,TRUE,FALSE,FALSE,FALSE,FALSE,TRUE,TRUE,TRUE,FALSE,FALSE,FALSE,FALSE,FALSE,664
,White Terracotta,white_terracotta,FALSE,FALSE,FALSE,64,TRUE,TRUE,FALSE,TRUE,FALSE,N/A,N/A,0.1,N/A,1,0,1,4,N/A,N/A,N/A,FALSE,FALSE,FALSE,N/A,N/A,FALSE,FALSE,FALSE,FALSE,FALSE,TRUE,FALSE,FALSE,FALSE,FALSE,TRUE,FALSE,TRUE,FALSE,FALSE,FALSE,TRUE,TRUE,FALSE,FALSE,FALSE,FALSE,FALSE,665
,Light Gray Terracotta,light_gray_terracotta,FALSE,FALSE,FALSE,64,TRUE,TRUE,FALSE,TRUE,FALSE,N/A,N/A,0.1,N/A,1,0,1,4,N/A,N/A,N/A,FALSE,FALSE,FALSE,N/A,N/A,FALSE,FALSE,FALSE,FALSE,FALSE,TRUE,FALSE,FALSE,FALSE,FALSE,TRUE,FALSE,TRUE,FALSE,FALSE,FALSE,TRUE,TRUE,FALSE,FALSE,FALSE,FALSE,FALSE,666
,Gray Terracotta,gray_terracotta,FALSE,FALSE,FALSE,64,TRUE,TRUE,FALSE,TRUE,FALSE,N/A,N/A,0.1,N/A,1,0,1,4,N/A,N/A,N/A,FALSE,FALSE,FALSE,N/A,N/A,FALSE,FALSE,FALSE,FALSE,FALSE,TRUE,FALSE,FALSE,FALSE,FALSE,TRUE,FALSE,TRUE,FALSE,FALSE,FALSE,TRUE,TRUE,FALSE,FALSE,FALSE,FALSE,FALSE,667
,Black Terracotta,black_terracotta,FALSE,FALSE,FALSE,64,TRUE,TRUE,FALSE,TRUE,FALSE,N/A,N/A,0.1,N/A,1,0,1,4,N/A,N/A,N/A,FALSE,FALSE,FALSE,N/A,N/A,FALSE,FALSE,FALSE,FALSE,FALSE,TRUE,FALSE,FALSE,FALSE,FALSE,TRUE,FALSE,TRUE,FALSE,FALSE,FALSE,TRUE,TRUE,FALSE,FALSE,FALSE,FALSE,FALSE,668
,Brown Terracotta,brown_terracotta,FALSE,FALSE,FALSE,64,TRUE,TRUE,TRUE,TRUE,FALSE,N/A,N/A,0.1,N/A,1,0,1,4,N/A,N/A,N/A,FALSE,FALSE,FALSE,N/A,N/A,FALSE,FALSE,FALSE,FALSE,FALSE,TRUE,FALSE,FALSE,FALSE,FALSE,TRUE,FALSE,TRUE,FALSE,FALSE,FALSE,TRUE,TRUE,FALSE,FALSE,FALSE,FALSE,FALSE,669
,Red Terracotta,red_terracotta,FALSE,FALSE,FALSE,64,TRUE,TRUE,FALSE,TRUE,FALSE,N/A,N/A,0.1,N/A,1,0,1,4,N/A,N/A,N/A,FALSE,FALSE,FALSE,N/A,N/A,FALSE,FALSE,FALSE,FALSE,FALSE,TRUE,FALSE,FALSE,FALSE,FALSE,TRUE,FALSE,TRUE,FALSE,FALSE,FALSE,TRUE,TRUE,FALSE,FALSE,FALSE,FALSE,FALSE,670
,Orange Terracotta,orange_terracotta,FALSE,FALSE,FALSE,64,TRUE,TRUE,FALSE,TRUE,FALSE,N/A,N/A,0.1,N/A,1,0,1,4,N/A,N/A,N/A,FALSE,FALSE,FALSE,N/A,N/A,FALSE,FALSE,FALSE,FALSE,FALSE,TRUE,FALSE,FALSE,FALSE,FALSE,TRUE,FALSE,TRUE,FALSE,FALSE,FALSE,TRUE,TRUE,FALSE,FALSE,FALSE,FALSE,FALSE,671
,Yellow Terracotta,yellow_terracotta,FALSE,FALSE,FALSE,64,TRUE,TRUE,FALSE,TRUE,FALSE,N/A,N/A,0.1,N/A,1,0,1,4,N/A,N/A,N/A,FALSE,FALSE,FALSE,N/A,N/A,FALSE,FALSE,FALSE,FALSE,FALSE,TRUE,FALSE,FALSE,FALSE,FALSE,TRUE,FALSE,TRUE,FALSE,FALSE,FALSE,TRUE,TRUE,FALSE,FALSE,FALSE,FALSE,FALSE,672
,Lime Terracotta,lime_terracotta,FALSE,FALSE,FALSE,64,TRUE,TRUE,FALSE,TRUE,FALSE,N/A,N/A,0.1,N/A,1,0,1,4,N/A,N/A,N/A,FALSE,FALSE,FALSE,N/A,N/A,FALSE,FALSE,FALSE,FALSE,FALSE,TRUE,FALSE,FALSE,FALSE,FALSE,TRUE,FALSE,TRUE,FALSE,FALSE,FALSE,TRUE,TRUE,FALSE,FALSE,FALSE,FALSE,FALSE,673
,Green Terracotta,green_terracotta,FALSE,FALSE,FALSE,64,TRUE,TRUE,FALSE,TRUE,FALSE,N/A,N/A,0.1,N/A,1,0,1,4,N/A,N/A,N/A,FALSE,FALSE,FALSE,N/A,N/A,FALSE,FALSE,FALSE,FALSE,FALSE,TRUE,FALSE,FALSE,FALSE,FALSE,TRUE,FALSE,TRUE,FALSE,FALSE,FALSE,TRUE,TRUE,FALSE,FALSE,FALSE,FALSE,FALSE,674
,Cyan Terracotta,cyan_terracotta,FALSE,FALSE,FALSE,64,TRUE,TRUE,FALSE,TRUE,FALSE,N/A,N/A,0.1,N/A,1,0,1,4,N/A,N/A,N/A,FALSE,FALSE,FALSE,N/A,N/A,FALSE,FALSE,FALSE,FALSE,FALSE,TRUE,FALSE,FALSE,FALSE,FALSE,TRUE,FALSE,TRUE,FALSE,FALSE,FALSE,TRUE,TRUE,FALSE,FALSE,FALSE,FALSE,FALSE,675
,Light Blue Terracotta,light_blue_terracotta,FALSE,FALSE,FALSE,64,TRUE,TRUE,FALSE,TRUE,FALSE,N/A,N/A,0.1,N/A,1,0,1,4,N/A,N/A,N/A,FALSE,FALSE,FALSE,N/A,N/A,FALSE,FALSE,FALSE,FALSE,FALSE,TRUE,FALSE,FALSE,FALSE,FALSE,TRUE,FALSE,TRUE,FALSE,FALSE,FALSE,TRUE,TRUE,FALSE,FALSE,FALSE,FALSE,FALSE,676
,Blue Terracotta,blue_terracotta,FALSE,FALSE,FALSE,64,TRUE,TRUE,FALSE,TRUE,FALSE,N/A,N/A,0.1,N/A,1,0,1,4,N/A,N/A,N/A,FALSE,FALSE,FALSE,N/A,N/A,FALSE,FALSE,FALSE,FALSE,FALSE,TRUE,FALSE,FALSE,FALSE,FALSE,TRUE,FALSE,TRUE,FALSE,FALSE,FALSE,TRUE,TRUE,FALSE,FALSE,FALSE,FALSE,FALSE,677
,Purple Terracotta,purple_terracotta,FALSE,FALSE,FALSE,64,TRUE,TRUE,FALSE,TRUE,FALSE,N/A,N/A,0.1,N/A,1,0,1,4,N/A,N/A,N/A,FALSE,FALSE,FALSE,N/A,N/A,FALSE,FALSE,FALSE,FALSE,FALSE,TRUE,FALSE,FALSE,FALSE,FALSE,TRUE,FALSE,TRUE,FALSE,FALSE,FALSE,TRUE,TRUE,FALSE,FALSE,FALSE,FALSE,FALSE,678
,Magenta Terracotta,magenta_terracotta,FALSE,FALSE,FALSE,64,TRUE,TRUE,FALSE,TRUE,FALSE,N/A,N/A,0.1,N/A,1,0,1,4,N/A,N/A,N/A,FALSE,FALSE,FALSE,N/A,N/A,FALSE,FALSE,FALSE,FALSE,FALSE,TRUE,FALSE,FALSE,FALSE,FALSE,TRUE,FALSE,TRUE,FALSE,FALSE,FALSE,TRUE,TRUE,FALSE,FALSE,FALSE,FALSE,FALSE,679
,Pink Terracotta,pink_terracotta,FALSE,FALSE,FALSE,64,TRUE,TRUE,FALSE,TRUE,FALSE,N/A,N/A,0.1,N/A,1,0,1,4,N/A,N/A,N/A,FALSE,FALSE,FALSE,N/A,N/A,FALSE,FALSE,FALSE,FALSE,FALSE,TRUE,FALSE,FALSE,FALSE,FALSE,TRUE,FALSE,TRUE,FALSE,FALSE,FALSE,TRUE,TRUE,FALSE,FALSE,FALSE,FALSE,FALSE,680
,White Glazed Terracotta,white_glazed_terracotta,FALSE,FALSE,FALSE,64,TRUE,TRUE,FALSE,TRUE,FALSE,N/A,N/A,N/A,N/A,1,0,1,4,N/A,N/A,N/A,FALSE,FALSE,FALSE,N/A,N/A,FALSE,FALSE,FALSE,FALSE,FALSE,TRUE,FALSE,FALSE,FALSE,FALSE,FALSE,FALSE,FALSE,FALSE,FALSE,TRUE,TRUE,TRUE,FALSE,FALSE,FALSE,FALSE,FALSE,681
,Light Gray Glazed Terracotta,light_gray_glazed_terracotta,FALSE,FALSE,FALSE,64,TRUE,TRUE,FALSE,TRUE,FALSE,N/A,N/A,N/A,N/A,1,0,1,4,N/A,N/A,N/A,FALSE,FALSE,FALSE,N/A,N/A,FALSE,FALSE,FALSE,FALSE,FALSE,TRUE,FALSE,FALSE,FALSE,FALSE,FALSE,FALSE,FALSE,FALSE,FALSE,TRUE,TRUE,TRUE,FALSE,FALSE,FALSE,FALSE,FALSE,682
,Gray Glazed Terracotta,gray_glazed_terracotta,FALSE,FALSE,FALSE,64,TRUE,TRUE,FALSE,TRUE,FALSE,N/A,N/A,N/A,N/A,1,0,1,4,N/A,N/A,N/A,FALSE,FALSE,FALSE,N/A,N/A,FALSE,FALSE,FALSE,FALSE,FALSE,TRUE,FALSE,FALSE,FALSE,FALSE,FALSE,FALSE,FALSE,FALSE,FALSE,TRUE,TRUE,TRUE,FALSE,FALSE,FALSE,FALSE,FALSE,683
,Black Glazed Terracotta,black_glazed_terracotta,FALSE,FALSE,FALSE,64,TRUE,TRUE,FALSE,TRUE,FALSE,N/A,N/A,N/A,N/A,1,0,1,4,N/A,N/A,N/A,FALSE,FALSE,FALSE,N/A,N/A,FALSE,FALSE,FALSE,FALSE,FALSE,TRUE,FALSE,FALSE,FALSE,FALSE,FALSE,FALSE,FALSE,FALSE,FALSE,TRUE,TRUE,TRUE,FALSE,FALSE,FALSE,FALSE,FALSE,684
,Brown Glazed Terracotta,brown_glazed_terracotta,FALSE,FALSE,FALSE,64,TRUE,TRUE,TRUE,TRUE,FALSE,N/A,N/A,N/A,N/A,1,0,1,4,N/A,N/A,N/A,FALSE,FALSE,FALSE,N/A,N/A,FALSE,FALSE,FALSE,FALSE,FALSE,TRUE,FALSE,FALSE,FALSE,FALSE,FALSE,FALSE,FALSE,FALSE,FALSE,TRUE,TRUE,TRUE,FALSE,FALSE,FALSE,FALSE,FALSE,685
,Red Glazed Terracotta,red_glazed_terracotta,FALSE,FALSE,FALSE,64,TRUE,TRUE,FALSE,TRUE,FALSE,N/A,N/A,N/A,N/A,1,0,1,4,N/A,N/A,N/A,FALSE,FALSE,FALSE,N/A,N/A,FALSE,FALSE,FALSE,FALSE,FALSE,TRUE,FALSE,FALSE,FALSE,FALSE,FALSE,FALSE,FALSE,FALSE,FALSE,TRUE,TRUE,TRUE,FALSE,FALSE,FALSE,FALSE,FALSE,686
,Orange Glazed Terracotta,orange_glazed_terracotta,FALSE,FALSE,FALSE,64,TRUE,TRUE,FALSE,TRUE,FALSE,N/A,N/A,N/A,N/A,1,0,1,4,N/A,N/A,N/A,FALSE,FALSE,FALSE,N/A,N/A,FALSE,FALSE,FALSE,FALSE,FALSE,TRUE,FALSE,FALSE,FALSE,FALSE,FALSE,FALSE,FALSE,FALSE,FALSE,TRUE,TRUE,TRUE,FALSE,FALSE,FALSE,FALSE,FALSE,687
,Yellow Glazed Terracotta,yellow_glazed_terracotta,FALSE,FALSE,FALSE,64,TRUE,TRUE,FALSE,TRUE,FALSE,N/A,N/A,N/A,N/A,1,0,1,4,N/A,N/A,N/A,FALSE,FALSE,FALSE,N/A,N/A,FALSE,FALSE,FALSE,FALSE,FALSE,TRUE,FALSE,FALSE,FALSE,FALSE,FALSE,FALSE,FALSE,FALSE,FALSE,TRUE,TRUE,TRUE,FALSE,FALSE,FALSE,FALSE,FALSE,688
,Lime Glazed Terracotta,lime_glazed_terracotta,FALSE,FALSE,FALSE,64,TRUE,TRUE,FALSE,TRUE,FALSE,N/A,N/A,N/A,N/A,1,0,1,4,N/A,N/A,N/A,FALSE,FALSE,FALSE,N/A,N/A,FALSE,FALSE,FALSE,FALSE,FALSE,TRUE,FALSE,FALSE,FALSE,FALSE,FALSE,FALSE,FALSE,FALSE,FALSE,TRUE,TRUE,TRUE,FALSE,FALSE,FALSE,FALSE,FALSE,689
,Green Glazed Terracotta,green_glazed_terracotta,FALSE,FALSE,FALSE,64,TRUE,TRUE,FALSE,TRUE,FALSE,N/A,N/A,N/A,N/A,1,0,1,4,N/A,N/A,N/A,FALSE,FALSE,FALSE,N/A,N/A,FALSE,FALSE,FALSE,FALSE,FALSE,TRUE,FALSE,FALSE,FALSE,FALSE,FALSE,FALSE,FALSE,FALSE,FALSE,TRUE,TRUE,TRUE,FALSE,FALSE,FALSE,FALSE,FALSE,690
,Cyan Glazed Terracotta,cyan_glazed_terracotta,FALSE,FALSE,FALSE,64,TRUE,TRUE,FALSE,TRUE,FALSE,N/A,N/A,N/A,N/A,1,0,1,4,N/A,N/A,N/A,FALSE,FALSE,FALSE,N/A,N/A,FALSE,FALSE,FALSE,FALSE,FALSE,TRUE,FALSE,FALSE,FALSE,FALSE,FALSE,FALSE,FALSE,FALSE,FALSE,TRUE,TRUE,TRUE,FALSE,FALSE,FALSE,FALSE,FALSE,691
,Light Blue Glazed Terracotta,light_blue_glazed_terracotta,FALSE,FALSE,FALSE,64,TRUE,TRUE,FALSE,TRUE,FALSE,N/A,N/A,N/A,N/A,1,0,1,4,N/A,N/A,N/A,FALSE,FALSE,FALSE,N/A,N/A,FALSE,FALSE,FALSE,FALSE,FALSE,TRUE,FALSE,FALSE,FALSE,FALSE,FALSE,FALSE,FALSE,FALSE,FALSE,TRUE,TRUE,TRUE,FALSE,FALSE,FALSE,FALSE,FALSE,692
,Blue Glazed Terracotta,blue_glazed_terracotta,FALSE,FALSE,FALSE,64,TRUE,TRUE,FALSE,TRUE,FALSE,N/A,N/A,N/A,N/A,1,0,1,4,N/A,N/A,N/A,FALSE,FALSE,FALSE,N/A,N/A,FALSE,FALSE,FALSE,FALSE,FALSE,TRUE,FALSE,FALSE,FALSE,FALSE,FALSE,FALSE,FALSE,FALSE,FALSE,TRUE,TRUE,TRUE,FALSE,FALSE,FALSE,FALSE,FALSE,693
,Purple Glazed Terracotta,purple_glazed_terracotta,FALSE,FALSE,FALSE,64,TRUE,TRUE,FALSE,TRUE,FALSE,N/A,N/A,N/A,N/A,1,0,1,4,N/A,N/A,N/A,FALSE,FALSE,FALSE,N/A,N/A,FALSE,FALSE,FALSE,FALSE,FALSE,TRUE,FALSE,FALSE,FALSE,FALSE,FALSE,FALSE,FALSE,FALSE,FALSE,TRUE,TRUE,TRUE,FALSE,FALSE,FALSE,FALSE,FALSE,694
,Magenta Glazed Terracotta,magenta_glazed_terracotta,FALSE,FALSE,FALSE,64,TRUE,TRUE,FALSE,TRUE,FALSE,N/A,N/A,N/A,N/A,1,0,1,4,N/A,N/A,N/A,FALSE,FALSE,FALSE,N/A,N/A,FALSE,FALSE,FALSE,FALSE,FALSE,TRUE,FALSE,FALSE,FALSE,FALSE,FALSE,FALSE,FALSE,FALSE,FALSE,TRUE,TRUE,TRUE,FALSE,FALSE,FALSE,FALSE,FALSE,695
,Pink Glazed Terracotta,pink_glazed_terracotta,FALSE,FALSE,FALSE,64,TRUE,TRUE,FALSE,TRUE,FALSE,N/A,N/A,N/A,N/A,1,0,1,4,N/A,N/A,N/A,FALSE,FALSE,FALSE,N/A,N/A,FALSE,FALSE,FALSE,FALSE,FALSE,TRUE,FALSE,FALSE,FALSE,FALSE,FALSE,FALSE,FALSE,FALSE,FALSE,TRUE,TRUE,TRUE,FALSE,FALSE,FALSE,FALSE,FALSE,696
,Glass,glass,FALSE,FALSE,FALSE,64,TRUE,FALSE,FALSE,TRUE,FALSE,N/A,N/A,N/A,N/A,1,0,1,4,N/A,N/A,N/A,FALSE,FALSE,FALSE,N/A,N/A,FALSE,FALSE,FALSE,FALSE,FALSE,TRUE,FALSE,FALSE,FALSE,TRUE,FALSE,FALSE,FALSE,FALSE,FALSE,TRUE,TRUE,TRUE,FALSE,FALSE,FALSE,FALSE,FALSE,697
,White Stained Glass,white_stained_glass,FALSE,FALSE,FALSE,64,TRUE,FALSE,FALSE,TRUE,FALSE,N/A,N/A,N/A,N/A,1,0,1,4,N/A,N/A,N/A,FALSE,FALSE,FALSE,N/A,N/A,FALSE,FALSE,FALSE,FALSE,FALSE,FALSE,FALSE,FALSE,FALSE,TRUE,TRUE,FALSE,FALSE,FALSE,FALSE,FALSE,TRUE,TRUE,FALSE,FALSE,FALSE,FALSE,FALSE,698
,Light Gray Stained Glass,light_gray_stained_glass,FALSE,FALSE,FALSE,64,TRUE,FALSE,FALSE,TRUE,FALSE,N/A,N/A,N/A,N/A,1,0,1,4,N/A,N/A,N/A,FALSE,FALSE,FALSE,N/A,N/A,FALSE,FALSE,FALSE,FALSE,FALSE,FALSE,FALSE,FALSE,FALSE,TRUE,TRUE,FALSE,FALSE,FALSE,FALSE,FALSE,TRUE,TRUE,FALSE,FALSE,FALSE,FALSE,FALSE,699
,Gray Stained Glass,gray_stained_glass,FALSE,FALSE,FALSE,64,TRUE,FALSE,FALSE,TRUE,FALSE,N/A,N/A,N/A,N/A,1,0,1,4,N/A,N/A,N/A,FALSE,FALSE,FALSE,N/A,N/A,FALSE,FALSE,FALSE,FALSE,FALSE,FALSE,FALSE,FALSE,FALSE,TRUE,TRUE,FALSE,FALSE,FALSE,FALSE,FALSE,TRUE,TRUE,FALSE,FALSE,FALSE,FALSE,FALSE,700
,Black Stained Glass,black_stained_glass,FALSE,FALSE,FALSE,64,TRUE,FALSE,FALSE,TRUE,FALSE,N/A,N/A,N/A,N/A,1,0,1,4,N/A,N/A,N/A,FALSE,FALSE,FALSE,N/A,N/A,FALSE,FALSE,FALSE,FALSE,FALSE,FALSE,FALSE,FALSE,FALSE,TRUE,TRUE,FALSE,FALSE,FALSE,FALSE,FALSE,TRUE,TRUE,FALSE,FALSE,FALSE,FALSE,FALSE,701
,Brown Stained Glass,brown_stained_glass,FALSE,FALSE,FALSE,64,TRUE,FALSE,FALSE,TRUE,FALSE,N/A,N/A,N/A,N/A,1,0,1,4,N/A,N/A,N/A,FALSE,FALSE,FALSE,N/A,N/A,FALSE,FALSE,FALSE,FALSE,FALSE,FALSE,FALSE,FALSE,FALSE,TRUE,TRUE,FALSE,FALSE,FALSE,FALSE,FALSE,TRUE,TRUE,FALSE,FALSE,FALSE,FALSE,FALSE,702
,Red Stained Glass,red_stained_glass,FALSE,FALSE,FALSE,64,TRUE,FALSE,FALSE,TRUE,FALSE,N/A,N/A,N/A,N/A,1,0,1,4,N/A,N/A,N/A,FALSE,FALSE,FALSE,N/A,N/A,FALSE,FALSE,FALSE,FALSE,FALSE,FALSE,FALSE,FALSE,FALSE,TRUE,TRUE,FALSE,FALSE,FALSE,FALSE,FALSE,TRUE,TRUE,FALSE,FALSE,FALSE,FALSE,FALSE,703
,Orange Stained Glass,orange_stained_glass,FALSE,FALSE,FALSE,64,TRUE,FALSE,FALSE,TRUE,FALSE,N/A,N/A,N/A,N/A,1,0,1,4,N/A,N/A,N/A,FALSE,FALSE,FALSE,N/A,N/A,FALSE,FALSE,FALSE,FALSE,FALSE,FALSE,FALSE,FALSE,FALSE,TRUE,TRUE,FALSE,FALSE,FALSE,FALSE,FALSE,TRUE,TRUE,FALSE,FALSE,FALSE,FALSE,FALSE,704
,Yellow Stained Glass,yellow_stained_glass,FALSE,FALSE,FALSE,64,TRUE,FALSE,FALSE,TRUE,FALSE,N/A,N/A,N/A,N/A,1,0,1,4,N/A,N/A,N/A,FALSE,FALSE,FALSE,N/A,N/A,FALSE,FALSE,FALSE,FALSE,FALSE,FALSE,FALSE,FALSE,FALSE,TRUE,TRUE,FALSE,FALSE,FALSE,FALSE,FALSE,TRUE,TRUE,FALSE,FALSE,FALSE,FALSE,FALSE,705
,Lime Stained Glass,lime_stained_glass,FALSE,FALSE,FALSE,64,TRUE,FALSE,FALSE,TRUE,FALSE,N/A,N/A,N/A,N/A,1,0,1,4,N/A,N/A,N/A,FALSE,FALSE,FALSE,N/A,N/A,FALSE,FALSE,FALSE,FALSE,FALSE,FALSE,FALSE,FALSE,FALSE,TRUE,TRUE,FALSE,FALSE,FALSE,FALSE,FALSE,TRUE,TRUE,FALSE,FALSE,FALSE,FALSE,FALSE,706
,Green Stained Glass,green_stained_glass,FALSE,FALSE,FALSE,64,TRUE,FALSE,FALSE,TRUE,FALSE,N/A,N/A,N/A,N/A,1,0,1,4,N/A,N/A,N/A,FALSE,FALSE,FALSE,N/A,N/A,FALSE,FALSE,FALSE,FALSE,FALSE,FALSE,FALSE,FALSE,FALSE,TRUE,TRUE,FALSE,FALSE,FALSE,FALSE,FALSE,TRUE,TRUE,FALSE,FALSE,FALSE,FALSE,FALSE,707
,Cyan Stained Glass,cyan_stained_glass,FALSE,FALSE,FALSE,64,TRUE,FALSE,FALSE,TRUE,FALSE,N/A,N/A,N/A,N/A,1,0,1,4,N/A,N/A,N/A,FALSE,FALSE,FALSE,N/A,N/A,FALSE,FALSE,FALSE,FALSE,FALSE,FALSE,FALSE,FALSE,FALSE,TRUE,TRUE,FALSE,FALSE,FALSE,FALSE,FALSE,TRUE,TRUE,FALSE,FALSE,FALSE,FALSE,FALSE,708
,Light Blue Stained Glass,light_blue_stained_glass,FALSE,FALSE,FALSE,64,TRUE,FALSE,FALSE,TRUE,FALSE,N/A,N/A,N/A,N/A,1,0,1,4,N/A,N/A,N/A,FALSE,FALSE,FALSE,N/A,N/A,FALSE,FALSE,FALSE,FALSE,FALSE,FALSE,FALSE,FALSE,FALSE,TRUE,TRUE,FALSE,FALSE,FALSE,FALSE,FALSE,TRUE,TRUE,FALSE,FALSE,FALSE,FALSE,FALSE,709
,Blue Stained Glass,blue_stained_glass,FALSE,FALSE,FALSE,64,TRUE,FALSE,FALSE,TRUE,FALSE,N/A,N/A,N/A,N/A,1,0,1,4,N/A,N/A,N/A,FALSE,FALSE,FALSE,N/A,N/A,FALSE,FALSE,FALSE,FALSE,FALSE,FALSE,FALSE,FALSE,FALSE,TRUE,TRUE,FALSE,FALSE,FALSE,FALSE,FALSE,TRUE,TRUE,FALSE,FALSE,FALSE,FALSE,FALSE,710
,Purple Stained Glass,purple_stained_glass,FALSE,FALSE,FALSE,64,TRUE,FALSE,FALSE,TRUE,FALSE,N/A,N/A,N/A,N/A,1,0,1,4,N/A,N/A,N/A,FALSE,FALSE,FALSE,N/A,N/A,FALSE,FALSE,FALSE,FALSE,FALSE,FALSE,FALSE,FALSE,FALSE,TRUE,TRUE,FALSE,FALSE,FALSE,FALSE,FALSE,TRUE,TRUE,FALSE,FALSE,FALSE,FALSE,FALSE,711
,Magenta Stained Glass,magenta_stained_glass,FALSE,FALSE,FALSE,64,TRUE,FALSE,FALSE,TRUE,FALSE,N/A,N/A,N/A,N/A,1,0,1,4,N/A,N/A,N/A,FALSE,FALSE,FALSE,N/A,N/A,FALSE,FALSE,FALSE,FALSE,FALSE,FALSE,FALSE,FALSE,FALSE,TRUE,TRUE,FALSE,FALSE,FALSE,FALSE,FALSE,TRUE,TRUE,FALSE,FALSE,FALSE,FALSE,FALSE,712
,Pink Stained Glass,pink_stained_glass,FALSE,FALSE,FALSE,64,TRUE,FALSE,FALSE,TRUE,FALSE,N/A,N/A,N/A,N/A,1,0,1,4,N/A,N/A,N/A,FALSE,FALSE,FALSE,N/A,N/A,FALSE,FALSE,FALSE,FALSE,FALSE,FALSE,FALSE,FALSE,FALSE,TRUE,TRUE,FALSE,FALSE,FALSE,FALSE,FALSE,TRUE,TRUE,FALSE,FALSE,FALSE,FALSE,FALSE,713
,Tinted Glass,tinted_glass,FALSE,FALSE,FALSE,64,TRUE,FALSE,FALSE,TRUE,FALSE,N/A,N/A,N/A,N/A,1,0,1,4,N/A,N/A,N/A,FALSE,FALSE,FALSE,N/A,N/A,FALSE,FALSE,FALSE,FALSE,FALSE,FALSE,FALSE,FALSE,FALSE,FALSE,TRUE,FALSE,FALSE,FALSE,FALSE,FALSE,TRUE,TRUE,FALSE,FALSE,FALSE,FALSE,FALSE,714
,Glass Pane,glass_pane,FALSE,FALSE,FALSE,64,TRUE,FALSE,FALSE,TRUE,FALSE,N/A,N/A,N/A,N/A,1,0,1,4,N/A,N/A,N/A,FALSE,FALSE,FALSE,N/A,N/A,FALSE,FALSE,FALSE,FALSE,FALSE,FALSE,TRUE,FALSE,FALSE,TRUE,TRUE,FALSE,FALSE,FALSE,FALSE,FALSE,TRUE,TRUE,FALSE,FALSE,FALSE,TRUE,FALSE,715
,White Stained Glass Pane,white_stained_glass_pane,FALSE,FALSE,FALSE,64,TRUE,FALSE,FALSE,TRUE,FALSE,N/A,N/A,N/A,N/A,1,0,1,4,N/A,N/A,N/A,FALSE,FALSE,FALSE,N/A,N/A,FALSE,FALSE,FALSE,FALSE,FALSE,FALSE,FALSE,FALSE,FALSE,FALSE,TRUE,FALSE,FALSE,FALSE,FALSE,FALSE,TRUE,TRUE,FALSE,FALSE,FALSE,TRUE,FALSE,716
,Light Gray Stained Glass Pane,light_gray_stained_glass_pane,FALSE,FALSE,FALSE,64,TRUE,FALSE,FALSE,TRUE,FALSE,N/A,N/A,N/A,N/A,1,0,1,4,N/A,N/A,N/A,FALSE,FALSE,FALSE,N/A,N/A,FALSE,FALSE,FALSE,FALSE,FALSE,FALSE,FALSE,FALSE,FALSE,FALSE,TRUE,FALSE,FALSE,FALSE,FALSE,FALSE,TRUE,TRUE,FALSE,FALSE,FALSE,TRUE,FALSE,717
,Gray Stained Glass Pane,gray_stained_glass_pane,FALSE,FALSE,FALSE,64,TRUE,FALSE,FALSE,TRUE,FALSE,N/A,N/A,N/A,N/A,1,0,1,4,N/A,N/A,N/A,FALSE,FALSE,FALSE,N/A,N/A,FALSE,FALSE,FALSE,FALSE,FALSE,FALSE,FALSE,FALSE,FALSE,FALSE,TRUE,FALSE,FALSE,FALSE,FALSE,FALSE,TRUE,TRUE,FALSE,FALSE,FALSE,TRUE,FALSE,718
,Black Stained Glass Pane,black_stained_glass_pane,FALSE,FALSE,FALSE,64,TRUE,FALSE,FALSE,TRUE,FALSE,N/A,N/A,N/A,N/A,1,0,1,4,N/A,N/A,N/A,FALSE,FALSE,FALSE,N/A,N/A,FALSE,FALSE,FALSE,FALSE,FALSE,FALSE,FALSE,FALSE,FALSE,FALSE,TRUE,FALSE,FALSE,FALSE,FALSE,FALSE,TRUE,TRUE,FALSE,FALSE,FALSE,TRUE,FALSE,719
,Brown Stained Glass Pane,brown_stained_glass_pane,FALSE,FALSE,FALSE,64,TRUE,FALSE,FALSE,TRUE,FALSE,N/A,N/A,N/A,N/A,1,0,1,4,N/A,N/A,N/A,FALSE,FALSE,FALSE,N/A,N/A,FALSE,FALSE,FALSE,FALSE,FALSE,FALSE,FALSE,FALSE,FALSE,FALSE,TRUE,FALSE,FALSE,FALSE,FALSE,FALSE,TRUE,TRUE,FALSE,FALSE,FALSE,TRUE,FALSE,720
,Red Stained Glass Pane,red_stained_glass_pane,FALSE,FALSE,FALSE,64,TRUE,FALSE,FALSE,TRUE,FALSE,N/A,N/A,N/A,N/A,1,0,1,4,N/A,N/A,N/A,FALSE,FALSE,FALSE,N/A,N/A,FALSE,FALSE,FALSE,FALSE,FALSE,FALSE,FALSE,FALSE,FALSE,FALSE,TRUE,FALSE,FALSE,FALSE,FALSE,FALSE,TRUE,TRUE,FALSE,FALSE,FALSE,TRUE,FALSE,721
,Orange Stained Glass Pane,orange_stained_glass_pane,FALSE,FALSE,FALSE,64,TRUE,FALSE,FALSE,TRUE,FALSE,N/A,N/A,N/A,N/A,1,0,1,4,N/A,N/A,N/A,FALSE,FALSE,FALSE,N/A,N/A,FALSE,FALSE,FALSE,FALSE,FALSE,FALSE,FALSE,FALSE,FALSE,FALSE,TRUE,FALSE,FALSE,FALSE,FALSE,FALSE,TRUE,TRUE,FALSE,FALSE,FALSE,TRUE,FALSE,722
,Yellow Stained Glass Pane,yellow_stained_glass_pane,FALSE,FALSE,FALSE,64,TRUE,FALSE,FALSE,TRUE,FALSE,N/A,N/A,N/A,N/A,1,0,1,4,N/A,N/A,N/A,FALSE,FALSE,FALSE,N/A,N/A,FALSE,FALSE,FALSE,FALSE,FALSE,FALSE,FALSE,FALSE,FALSE,FALSE,TRUE,FALSE,FALSE,FALSE,FALSE,FALSE,TRUE,TRUE,FALSE,FALSE,FALSE,TRUE,FALSE,723
,Lime Stained Glass Pane,lime_stained_glass_pane,FALSE,FALSE,FALSE,64,TRUE,FALSE,FALSE,TRUE,FALSE,N/A,N/A,N/A,N/A,1,0,1,4,N/A,N/A,N/A,FALSE,FALSE,FALSE,N/A,N/A,FALSE,FALSE,FALSE,FALSE,FALSE,FALSE,FALSE,FALSE,FALSE,FALSE,TRUE,FALSE,FALSE,FALSE,FALSE,FALSE,TRUE,TRUE,FALSE,FALSE,FALSE,TRUE,FALSE,724
,Green Stained Glass Pane,green_stained_glass_pane,FALSE,FALSE,FALSE,64,TRUE,FALSE,FALSE,TRUE,FALSE,N/A,N/A,N/A,N/A,1,0,1,4,N/A,N/A,N/A,FALSE,FALSE,FALSE,N/A,N/A,FALSE,FALSE,FALSE,FALSE,FALSE,FALSE,FALSE,FALSE,FALSE,FALSE,TRUE,FALSE,FALSE,FALSE,FALSE,FALSE,TRUE,TRUE,FALSE,FALSE,FALSE,TRUE,FALSE,725
,Cyan Stained Glass Pane,cyan_stained_glass_pane,FALSE,FALSE,FALSE,64,TRUE,FALSE,FALSE,TRUE,FALSE,N/A,N/A,N/A,N/A,1,0,1,4,N/A,N/A,N/A,FALSE,FALSE,FALSE,N/A,N/A,FALSE,FALSE,FALSE,FALSE,FALSE,FALSE,FALSE,FALSE,FALSE,FALSE,TRUE,FALSE,FALSE,FALSE,FALSE,FALSE,TRUE,TRUE,FALSE,FALSE,FALSE,TRUE,FALSE,726
,Light Blue Stained Glass Pane,light_blue_stained_glass_pane,FALSE,FALSE,FALSE,64,TRUE,FALSE,FALSE,TRUE,FALSE,N/A,N/A,N/A,N/A,1,0,1,4,N/A,N/A,N/A,FALSE,FALSE,FALSE,N/A,N/A,FALSE,FALSE,FALSE,FALSE,FALSE,FALSE,FALSE,FALSE,FALSE,FALSE,TRUE,FALSE,FALSE,FALSE,FALSE,FALSE,TRUE,TRUE,FALSE,FALSE,FALSE,TRUE,FALSE,727
,Blue Stained Glass Pane,blue_stained_glass_pane,FALSE,FALSE,FALSE,64,TRUE,FALSE,FALSE,TRUE,FALSE,N/A,N/A,N/A,N/A,1,0,1,4,N/A,N/A,N/A,FALSE,FALSE,FALSE,N/A,N/A,FALSE,FALSE,FALSE,FALSE,FALSE,FALSE,FALSE,FALSE,FALSE,FALSE,TRUE,FALSE,FALSE,FALSE,FALSE,FALSE,TRUE,TRUE,FALSE,FALSE,FALSE,TRUE,FALSE,728
,Purple Stained Glass Pane,purple_stained_glass_pane,FALSE,FALSE,FALSE,64,TRUE,FALSE,FALSE,TRUE,FALSE,N/A,N/A,N/A,N/A,1,0,1,4,N/A,N/A,N/A,FALSE,FALSE,FALSE,N/A,N/A,FALSE,FALSE,FALSE,FALSE,FALSE,FALSE,FALSE,FALSE,FALSE,FALSE,TRUE,FALSE,FALSE,FALSE,FALSE,FALSE,TRUE,TRUE,FALSE,FALSE,FALSE,TRUE,FALSE,729
,Magenta Stained Glass Pane,magenta_stained_glass_pane,FALSE,FALSE,FALSE,64,TRUE,FALSE,FALSE,TRUE,FALSE,N/A,N/A,N/A,N/A,1,0,1,4,N/A,N/A,N/A,FALSE,FALSE,FALSE,N/A,N/A,FALSE,FALSE,FALSE,FALSE,FALSE,FALSE,FALSE,FALSE,FALSE,FALSE,TRUE,FALSE,FALSE,FALSE,FALSE,FALSE,TRUE,TRUE,FALSE,FALSE,FALSE,TRUE,FALSE,730
,Pink Stained Glass Pane,pink_stained_glass_pane,FALSE,FALSE,FALSE,64,TRUE,FALSE,FALSE,TRUE,FALSE,N/A,N/A,N/A,N/A,1,0,1,4,N/A,N/A,N/A,FALSE,FALSE,FALSE,N/A,N/A,FALSE,FALSE,FALSE,FALSE,FALSE,FALSE,FALSE,FALSE,FALSE,FALSE,TRUE,FALSE,FALSE,FALSE,FALSE,FALSE,TRUE,TRUE,FALSE,FALSE,FALSE,TRUE,FALSE,731
,Candle,candle,FALSE,FALSE,FALSE,64,TRUE,TRUE,FALSE,TRUE,FALSE,N/A,N/A,N/A,N/A,1,0,1,4,N/A,N/A,N/A,FALSE,FALSE,FALSE,N/A,N/A,FALSE,FALSE,FALSE,FALSE,FALSE,FALSE,FALSE,FALSE,FALSE,TRUE,TRUE,FALSE,FALSE,FALSE,FALSE,FALSE,TRUE,TRUE,FALSE,FALSE,FALSE,TRUE,FALSE,732
,White Candle,white_candle,FALSE,FALSE,FALSE,64,TRUE,TRUE,FALSE,TRUE,FALSE,N/A,N/A,N/A,N/A,1,0,1,4,N/A,N/A,N/A,FALSE,FALSE,FALSE,N/A,N/A,FALSE,FALSE,FALSE,FALSE,FALSE,FALSE,FALSE,FALSE,FALSE,FALSE,TRUE,FALSE,FALSE,FALSE,FALSE,FALSE,TRUE,TRUE,FALSE,FALSE,FALSE,TRUE,FALSE,733
,Light Gray Candle,light_gray_candle,FALSE,FALSE,FALSE,64,TRUE,TRUE,FALSE,TRUE,FALSE,N/A,N/A,N/A,N/A,1,0,1,4,N/A,N/A,N/A,FALSE,FALSE,FALSE,N/A,N/A,FALSE,FALSE,FALSE,FALSE,FALSE,FALSE,FALSE,FALSE,FALSE,FALSE,TRUE,FALSE,FALSE,FALSE,FALSE,FALSE,TRUE,TRUE,FALSE,FALSE,FALSE,TRUE,FALSE,734
,Gray Candle,gray_candle,FALSE,FALSE,FALSE,64,TRUE,TRUE,FALSE,TRUE,FALSE,N/A,N/A,N/A,N/A,1,0,1,4,N/A,N/A,N/A,FALSE,FALSE,FALSE,N/A,N/A,FALSE,FALSE,FALSE,FALSE,FALSE,FALSE,FALSE,FALSE,FALSE,FALSE,TRUE,FALSE,FALSE,FALSE,FALSE,FALSE,TRUE,TRUE,FALSE,FALSE,FALSE,TRUE,FALSE,735
,Black Candle,black_candle,FALSE,FALSE,FALSE,64,TRUE,TRUE,FALSE,TRUE,FALSE,N/A,N/A,N/A,N/A,1,0,1,4,N/A,N/A,N/A,FALSE,FALSE,FALSE,N/A,N/A,FALSE,FALSE,FALSE,FALSE,FALSE,FALSE,FALSE,FALSE,FALSE,FALSE,TRUE,FALSE,FALSE,FALSE,FALSE,FALSE,TRUE,TRUE,FALSE,FALSE,FALSE,TRUE,FALSE,736
,Brown Candle,brown_candle,FALSE,FALSE,FALSE,64,TRUE,TRUE,TRUE,TRUE,FALSE,N/A,N/A,N/A,N/A,1,0,1,4,N/A,N/A,N/A,FALSE,FALSE,FALSE,N/A,N/A,FALSE,FALSE,FALSE,FALSE,FALSE,FALSE,FALSE,FALSE,FALSE,FALSE,TRUE,FALSE,FALSE,FALSE,FALSE,FALSE,TRUE,TRUE,FALSE,FALSE,FALSE,TRUE,FALSE,737
,Red Candle,red_candle,FALSE,FALSE,FALSE,64,TRUE,TRUE,FALSE,TRUE,FALSE,N/A,N/A,N/A,N/A,1,0,1,4,N/A,N/A,N/A,FALSE,FALSE,FALSE,N/A,N/A,FALSE,FALSE,FALSE,FALSE,FALSE,FALSE,FALSE,FALSE,FALSE,FALSE,TRUE,FALSE,FALSE,FALSE,FALSE,FALSE,TRUE,TRUE,FALSE,FALSE,FALSE,TRUE,FALSE,738
,Orange Candle,orange_candle,FALSE,FALSE,FALSE,64,TRUE,TRUE,FALSE,TRUE,FALSE,N/A,N/A,N/A,N/A,1,0,1,4,N/A,N/A,N/A,FALSE,FALSE,FALSE,N/A,N/A,FALSE,FALSE,FALSE,FALSE,FALSE,FALSE,FALSE,FALSE,FALSE,FALSE,TRUE,FALSE,FALSE,FALSE,FALSE,FALSE,TRUE,TRUE,FALSE,FALSE,FALSE,TRUE,FALSE,739
,Yellow Candle,yellow_candle,FALSE,FALSE,FALSE,64,TRUE,TRUE,FALSE,TRUE,FALSE,N/A,N/A,N/A,N/A,1,0,1,4,N/A,N/A,N/A,FALSE,FALSE,FALSE,N/A,N/A,FALSE,FALSE,FALSE,FALSE,FALSE,FALSE,FALSE,FALSE,FALSE,FALSE,TRUE,FALSE,FALSE,FALSE,FALSE,FALSE,TRUE,TRUE,FALSE,FALSE,FALSE,TRUE,FALSE,740
,Lime Candle,lime_candle,FALSE,FALSE,FALSE,64,TRUE,TRUE,FALSE,TRUE,FALSE,N/A,N/A,N/A,N/A,1,0,1,4,N/A,N/A,N/A,FALSE,FALSE,FALSE,N/A,N/A,FALSE,FALSE,FALSE,FALSE,FALSE,FALSE,FALSE,FALSE,FALSE,FALSE,TRUE,FALSE,FALSE,FALSE,FALSE,FALSE,TRUE,TRUE,FALSE,FALSE,FALSE,TRUE,FALSE,741
,Green Candle,green_candle,FALSE,FALSE,FALSE,64,TRUE,TRUE,FALSE,TRUE,FALSE,N/A,N/A,N/A,N/A,1,0,1,4,N/A,N/A,N/A,FALSE,FALSE,FALSE,N/A,N/A,FALSE,FALSE,FALSE,FALSE,FALSE,FALSE,FALSE,FALSE,FALSE,FALSE,TRUE,FALSE,FALSE,FALSE,FALSE,FALSE,TRUE,TRUE,FALSE,FALSE,FALSE,TRUE,FALSE,742
,Cyan Candle,cyan_candle,FALSE,FALSE,FALSE,64,TRUE,TRUE,FALSE,TRUE,FALSE,N/A,N/A,N/A,N/A,1,0,1,4,N/A,N/A,N/A,FALSE,FALSE,FALSE,N/A,N/A,FALSE,FALSE,FALSE,FALSE,FALSE,FALSE,FALSE,FALSE,FALSE,FALSE,TRUE,FALSE,FALSE,FALSE,FALSE,FALSE,TRUE,TRUE,FALSE,FALSE,FALSE,TRUE,FALSE,743
,Light Blue Candle,light_blue_candle,FALSE,FALSE,FALSE,64,TRUE,TRUE,FALSE,TRUE,FALSE,N/A,N/A,N/A,N/A,1,0,1,4,N/A,N/A,N/A,FALSE,FALSE,FALSE,N/A,N/A,FALSE,FALSE,FALSE,FALSE,FALSE,FALSE,FALSE,FALSE,FALSE,FALSE,TRUE,FALSE,FALSE,FALSE,FALSE,FALSE,TRUE,TRUE,FALSE,FALSE,FALSE,TRUE,FALSE,744
,Blue Candle,blue_candle,FALSE,FALSE,FALSE,64,TRUE,TRUE,FALSE,TRUE,FALSE,N/A,N/A,N/A,N/A,1,0,1,4,N/A,N/A,N/A,FALSE,FALSE,FALSE,N/A,N/A,FALSE,FALSE,FALSE,FALSE,FALSE,FALSE,FALSE,FALSE,FALSE,FALSE,TRUE,FALSE,FALSE,FALSE,FALSE,FALSE,TRUE,TRUE,FALSE,FALSE,FALSE,TRUE,FALSE,745
,Purple Candle,purple_candle,FALSE,FALSE,FALSE,64,TRUE,TRUE,FALSE,TRUE,FALSE,N/A,N/A,N/A,N/A,1,0,1,4,N/A,N/A,N/A,FALSE,FALSE,FALSE,N/A,N/A,FALSE,FALSE,FALSE,FALSE,FALSE,FALSE,FALSE,FALSE,FALSE,FALSE,TRUE,FALSE,FALSE,FALSE,FALSE,FALSE,TRUE,TRUE,FALSE,FALSE,FALSE,TRUE,FALSE,746
,Magenta Candle,magenta_candle,FALSE,FALSE,FALSE,64,TRUE,TRUE,FALSE,TRUE,FALSE,N/A,N/A,N/A,N/A,1,0,1,4,N/A,N/A,N/A,FALSE,FALSE,FALSE,N/A,N/A,FALSE,FALSE,FALSE,FALSE,FALSE,FALSE,FALSE,FALSE,FALSE,FALSE,TRUE,FALSE,FALSE,FALSE,FALSE,FALSE,TRUE,TRUE,FALSE,FALSE,FALSE,TRUE,FALSE,747
,Pink Candle,pink_candle,FALSE,FALSE,FALSE,64,TRUE,TRUE,FALSE,TRUE,FALSE,N/A,N/A,N/A,N/A,1,0,1,4,N/A,N/A,N/A,FALSE,FALSE,FALSE,N/A,N/A,FALSE,FALSE,FALSE,FALSE,FALSE,FALSE,FALSE,FALSE,FALSE,FALSE,TRUE,FALSE,FALSE,FALSE,FALSE,FALSE,TRUE,TRUE,FALSE,FALSE,FALSE,TRUE,FALSE,748
,Bundle,bundle,FALSE,FALSE,FALSE,1,TRUE,TRUE,FALSE,FALSE,FALSE,N/A,N/A,N/A,N/A,1,0,1,4,N/A,N/A,N/A,FALSE,FALSE,FALSE,N/A,N/A,FALSE,FALSE,FALSE,FALSE,FALSE,FALSE,FALSE,FALSE,FALSE,TRUE,TRUE,FALSE,FALSE,FALSE,FALSE,FALSE,TRUE,TRUE,FALSE,FALSE,FALSE,FALSE,FALSE,749
,White Bundle,white_bundle,FALSE,FALSE,FALSE,1,TRUE,TRUE,FALSE,FALSE,FALSE,N/A,N/A,N/A,N/A,1,0,1,4,N/A,N/A,N/A,FALSE,FALSE,FALSE,N/A,N/A,FALSE,FALSE,FALSE,FALSE,FALSE,FALSE,FALSE,FALSE,FALSE,TRUE,TRUE,FALSE,FALSE,FALSE,FALSE,FALSE,TRUE,TRUE,FALSE,FALSE,FALSE,FALSE,FALSE,750
,Light Gray Bundle,light_gray_bundle,FALSE,FALSE,FALSE,1,TRUE,TRUE,FALSE,FALSE,FALSE,N/A,N/A,N/A,N/A,1,0,1,4,N/A,N/A,N/A,FALSE,FALSE,FALSE,N/A,N/A,FALSE,FALSE,FALSE,FALSE,FALSE,FALSE,FALSE,FALSE,FALSE,TRUE,TRUE,FALSE,FALSE,FALSE,FALSE,FALSE,TRUE,TRUE,FALSE,FALSE,FALSE,FALSE,FALSE,751
,Gray Bundle,gray_bundle,FALSE,FALSE,FALSE,1,TRUE,TRUE,FALSE,FALSE,FALSE,N/A,N/A,N/A,N/A,1,0,1,4,N/A,N/A,N/A,FALSE,FALSE,FALSE,N/A,N/A,FALSE,FALSE,FALSE,FALSE,FALSE,FALSE,FALSE,FALSE,FALSE,TRUE,TRUE,FALSE,FALSE,FALSE,FALSE,FALSE,TRUE,TRUE,FALSE,FALSE,FALSE,FALSE,FALSE,752
,Black Bundle,black_bundle,FALSE,FALSE,FALSE,1,TRUE,TRUE,FALSE,FALSE,FALSE,N/A,N/A,N/A,N/A,1,0,1,4,N/A,N/A,N/A,FALSE,FALSE,FALSE,N/A,N/A,FALSE,FALSE,FALSE,FALSE,FALSE,FALSE,FALSE,FALSE,FALSE,TRUE,TRUE,FALSE,FALSE,FALSE,FALSE,FALSE,TRUE,TRUE,FALSE,FALSE,FALSE,FALSE,FALSE,753
,Brown Bundle,brown_bundle,FALSE,FALSE,FALSE,1,TRUE,TRUE,TRUE,FALSE,FALSE,N/A,N/A,N/A,N/A,1,0,1,4,N/A,N/A,N/A,FALSE,FALSE,FALSE,N/A,N/A,FALSE,FALSE,FALSE,FALSE,FALSE,FALSE,FALSE,FALSE,FALSE,TRUE,TRUE,FALSE,FALSE,FALSE,FALSE,FALSE,TRUE,TRUE,FALSE,FALSE,FALSE,FALSE,FALSE,754
,Red Bundle,red_bundle,FALSE,FALSE,FALSE,1,TRUE,TRUE,FALSE,FALSE,FALSE,N/A,N/A,N/A,N/A,1,0,1,4,N/A,N/A,N/A,FALSE,FALSE,FALSE,N/A,N/A,FALSE,FALSE,FALSE,FALSE,FALSE,FALSE,FALSE,FALSE,FALSE,TRUE,TRUE,FALSE,FALSE,FALSE,FALSE,FALSE,TRUE,TRUE,FALSE,FALSE,FALSE,FALSE,FALSE,755
,Orange Bundle,orange_bundle,FALSE,FALSE,FALSE,1,TRUE,TRUE,FALSE,FALSE,FALSE,N/A,N/A,N/A,N/A,1,0,1,4,N/A,N/A,N/A,FALSE,FALSE,FALSE,N/A,N/A,FALSE,FALSE,FALSE,FALSE,FALSE,FALSE,FALSE,FALSE,FALSE,TRUE,TRUE,FALSE,FALSE,FALSE,FALSE,FALSE,TRUE,TRUE,FALSE,FALSE,FALSE,FALSE,FALSE,756
,Yellow Bundle,yellow_bundle,FALSE,FALSE,FALSE,1,TRUE,TRUE,FALSE,FALSE,FALSE,N/A,N/A,N/A,N/A,1,0,1,4,N/A,N/A,N/A,FALSE,FALSE,FALSE,N/A,N/A,FALSE,FALSE,FALSE,FALSE,FALSE,FALSE,FALSE,FALSE,FALSE,TRUE,TRUE,FALSE,FALSE,FALSE,FALSE,FALSE,TRUE,TRUE,FALSE,FALSE,FALSE,FALSE,FALSE,757
,Lime Bundle,lime_bundle,FALSE,FALSE,FALSE,1,TRUE,TRUE,FALSE,FALSE,FALSE,N/A,N/A,N/A,N/A,1,0,1,4,N/A,N/A,N/A,FALSE,FALSE,FALSE,N/A,N/A,FALSE,FALSE,FALSE,FALSE,FALSE,FALSE,FALSE,FALSE,FALSE,TRUE,TRUE,FALSE,FALSE,FALSE,FALSE,FALSE,TRUE,TRUE,FALSE,FALSE,FALSE,FALSE,FALSE,758
,Green Bundle,green_bundle,FALSE,FALSE,FALSE,1,TRUE,TRUE,FALSE,FALSE,FALSE,N/A,N/A,N/A,N/A,1,0,1,4,N/A,N/A,N/A,FALSE,FALSE,FALSE,N/A,N/A,FALSE,FALSE,FALSE,FALSE,FALSE,FALSE,FALSE,FALSE,FALSE,TRUE,TRUE,FALSE,FALSE,FALSE,FALSE,FALSE,TRUE,TRUE,FALSE,FALSE,FALSE,FALSE,FALSE,759
,Cyan Bundle,cyan_bundle,FALSE,FALSE,FALSE,1,TRUE,TRUE,FALSE,FALSE,FALSE,N/A,N/A,N/A,N/A,1,0,1,4,N/A,N/A,N/A,FALSE,FALSE,FALSE,N/A,N/A,FALSE,FALSE,FALSE,FALSE,FALSE,FALSE,FALSE,FALSE,FALSE,TRUE,TRUE,FALSE,FALSE,FALSE,FALSE,FALSE,TRUE,TRUE,FALSE,FALSE,FALSE,FALSE,FALSE,760
,Light Blue Bundle,light_blue_bundle,FALSE,FALSE,FALSE,1,TRUE,TRUE,FALSE,FALSE,FALSE,N/A,N/A,N/A,N/A,1,0,1,4,N/A,N/A,N/A,FALSE,FALSE,FALSE,N/A,N/A,FALSE,FALSE,FALSE,FALSE,FALSE,FALSE,FALSE,FALSE,FALSE,TRUE,TRUE,FALSE,FALSE,FALSE,FALSE,FALSE,TRUE,TRUE,FALSE,FALSE,FALSE,FALSE,FALSE,761
,Blue Bundle,blue_bundle,FALSE,FALSE,FALSE,1,TRUE,TRUE,FALSE,FALSE,FALSE,N/A,N/A,N/A,N/A,1,0,1,4,N/A,N/A,N/A,FALSE,FALSE,FALSE,N/A,N/A,FALSE,FALSE,FALSE,FALSE,FALSE,FALSE,FALSE,FALSE,FALSE,TRUE,TRUE,FALSE,FALSE,FALSE,FALSE,FALSE,TRUE,TRUE,FALSE,FALSE,FALSE,FALSE,FALSE,762
,Purple Bundle,purple_bundle,FALSE,FALSE,FALSE,1,TRUE,TRUE,FALSE,FALSE,FALSE,N/A,N/A,N/A,N/A,1,0,1,4,N/A,N/A,N/A,FALSE,FALSE,FALSE,N/A,N/A,FALSE,FALSE,FALSE,FALSE,FALSE,FALSE,FALSE,FALSE,FALSE,TRUE,TRUE,FALSE,FALSE,FALSE,FALSE,FALSE,TRUE,TRUE,FALSE,FALSE,FALSE,FALSE,FALSE,763
,Magenta Bundle,magenta_bundle,FALSE,FALSE,FALSE,1,TRUE,TRUE,FALSE,FALSE,FALSE,N/A,N/A,N/A,N/A,1,0,1,4,N/A,N/A,N/A,FALSE,FALSE,FALSE,N/A,N/A,FALSE,FALSE,FALSE,FALSE,FALSE,FALSE,FALSE,FALSE,FALSE,TRUE,TRUE,FALSE,FALSE,FALSE,FALSE,FALSE,TRUE,TRUE,FALSE,FALSE,FALSE,FALSE,FALSE,764
,Pink Bundle,pink_bundle,FALSE,FALSE,FALSE,1,TRUE,TRUE,FALSE,FALSE,FALSE,N/A,N/A,N/A,N/A,1,0,1,4,N/A,N/A,N/A,FALSE,FALSE,FALSE,N/A,N/A,FALSE,FALSE,FALSE,FALSE,FALSE,FALSE,FALSE,FALSE,FALSE,TRUE,TRUE,FALSE,FALSE,FALSE,FALSE,FALSE,TRUE,TRUE,FALSE,FALSE,FALSE,FALSE,FALSE,765
,Shulker Box,shulker_box,FALSE,FALSE,FALSE,1,TRUE,TRUE,FALSE,TRUE,FALSE,N/A,N/A,N/A,N/A,1,0,1,4,N/A,N/A,N/A,FALSE,FALSE,FALSE,N/A,N/A,FALSE,FALSE,FALSE,TRUE,FALSE,FALSE,FALSE,FALSE,FALSE,TRUE,TRUE,FALSE,FALSE,FALSE,FALSE,FALSE,TRUE,TRUE,FALSE,FALSE,FALSE,FALSE,FALSE,766
,White Shulker Box,white_shulker_box,FALSE,FALSE,FALSE,1,TRUE,TRUE,FALSE,TRUE,FALSE,N/A,N/A,N/A,N/A,1,0,1,4,N/A,N/A,N/A,FALSE,FALSE,FALSE,N/A,N/A,FALSE,FALSE,FALSE,TRUE,FALSE,FALSE,FALSE,FALSE,FALSE,TRUE,TRUE,FALSE,FALSE,FALSE,FALSE,FALSE,TRUE,TRUE,FALSE,FALSE,FALSE,FALSE,FALSE,767
,Light Gray Shulker Box,light_gray_shulker_box,FALSE,FALSE,FALSE,1,TRUE,TRUE,FALSE,TRUE,FALSE,N/A,N/A,N/A,N/A,1,0,1,4,N/A,N/A,N/A,FALSE,FALSE,FALSE,N/A,N/A,FALSE,FALSE,FALSE,TRUE,FALSE,FALSE,FALSE,FALSE,FALSE,TRUE,TRUE,FALSE,FALSE,FALSE,FALSE,FALSE,TRUE,TRUE,FALSE,FALSE,FALSE,FALSE,FALSE,768
,Gray Shulker Box,gray_shulker_box,FALSE,FALSE,FALSE,1,TRUE,TRUE,FALSE,TRUE,FALSE,N/A,N/A,N/A,N/A,1,0,1,4,N/A,N/A,N/A,FALSE,FALSE,FALSE,N/A,N/A,FALSE,FALSE,FALSE,TRUE,FALSE,FALSE,FALSE,FALSE,FALSE,TRUE,TRUE,FALSE,FALSE,FALSE,FALSE,FALSE,TRUE,TRUE,FALSE,FALSE,FALSE,FALSE,FALSE,769
,Black Shulker Box,black_shulker_box,FALSE,FALSE,FALSE,1,TRUE,TRUE,FALSE,TRUE,FALSE,N/A,N/A,N/A,N/A,1,0,1,4,N/A,N/A,N/A,FALSE,FALSE,FALSE,N/A,N/A,FALSE,FALSE,FALSE,TRUE,FALSE,FALSE,FALSE,FALSE,FALSE,TRUE,TRUE,FALSE,FALSE,FALSE,FALSE,FALSE,TRUE,TRUE,FALSE,FALSE,FALSE,FALSE,FALSE,770
,Brown Shulker Box,brown_shulker_box,FALSE,FALSE,FALSE,1,TRUE,TRUE,TRUE,TRUE,FALSE,N/A,N/A,N/A,N/A,1,0,1,4,N/A,N/A,N/A,FALSE,FALSE,FALSE,N/A,N/A,FALSE,FALSE,FALSE,TRUE,FALSE,FALSE,FALSE,FALSE,FALSE,TRUE,TRUE,FALSE,FALSE,FALSE,FALSE,FALSE,TRUE,TRUE,FALSE,FALSE,FALSE,FALSE,FALSE,771
,Red Shulker Box,red_shulker_box,FALSE,FALSE,FALSE,1,TRUE,TRUE,FALSE,TRUE,FALSE,N/A,N/A,N/A,N/A,1,0,1,4,N/A,N/A,N/A,FALSE,FALSE,FALSE,N/A,N/A,FALSE,FALSE,FALSE,TRUE,FALSE,FALSE,FALSE,FALSE,FALSE,TRUE,TRUE,FALSE,FALSE,FALSE,FALSE,FALSE,TRUE,TRUE,FALSE,FALSE,FALSE,FALSE,FALSE,772
,Orange Shulker Box,orange_shulker_box,FALSE,FALSE,FALSE,1,TRUE,TRUE,FALSE,TRUE,FALSE,N/A,N/A,N/A,N/A,1,0,1,4,N/A,N/A,N/A,FALSE,FALSE,FALSE,N/A,N/A,FALSE,FALSE,FALSE,TRUE,FALSE,FALSE,FALSE,FALSE,FALSE,TRUE,TRUE,FALSE,FALSE,FALSE,FALSE,FALSE,TRUE,TRUE,FALSE,FALSE,FALSE,FALSE,FALSE,773
,Yellow Shulker Box,yellow_shulker_box,FALSE,FALSE,FALSE,1,TRUE,TRUE,FALSE,TRUE,FALSE,N/A,N/A,N/A,N/A,1,0,1,4,N/A,N/A,N/A,FALSE,FALSE,FALSE,N/A,N/A,FALSE,FALSE,FALSE,TRUE,FALSE,FALSE,FALSE,FALSE,FALSE,TRUE,TRUE,FALSE,FALSE,FALSE,FALSE,FALSE,TRUE,TRUE,FALSE,FALSE,FALSE,FALSE,FALSE,774
,Lime Shulker Box,lime_shulker_box,FALSE,FALSE,FALSE,1,TRUE,TRUE,FALSE,TRUE,FALSE,N/A,N/A,N/A,N/A,1,0,1,4,N/A,N/A,N/A,FALSE,FALSE,FALSE,N/A,N/A,FALSE,FALSE,FALSE,TRUE,FALSE,FALSE,FALSE,FALSE,FALSE,TRUE,TRUE,FALSE,FALSE,FALSE,FALSE,FALSE,TRUE,TRUE,FALSE,FALSE,FALSE,FALSE,FALSE,775
,Green Shulker Box,green_shulker_box,FALSE,FALSE,FALSE,1,TRUE,TRUE,FALSE,TRUE,FALSE,N/A,N/A,N/A,N/A,1,0,1,4,N/A,N/A,N/A,FALSE,FALSE,FALSE,N/A,N/A,FALSE,FALSE,FALSE,TRUE,FALSE,FALSE,FALSE,FALSE,FALSE,TRUE,TRUE,FALSE,FALSE,FALSE,FALSE,FALSE,TRUE,TRUE,FALSE,FALSE,FALSE,FALSE,FALSE,776
,Cyan Shulker Box,cyan_shulker_box,FALSE,FALSE,FALSE,1,TRUE,TRUE,FALSE,TRUE,FALSE,N/A,N/A,N/A,N/A,1,0,1,4,N/A,N/A,N/A,FALSE,FALSE,FALSE,N/A,N/A,FALSE,FALSE,FALSE,TRUE,FALSE,FALSE,FALSE,FALSE,FALSE,TRUE,TRUE,FALSE,FALSE,FALSE,FALSE,FALSE,TRUE,TRUE,FALSE,FALSE,FALSE,FALSE,FALSE,777
,Light Blue Shulker Box,light_blue_shulker_box,FALSE,FALSE,FALSE,1,TRUE,TRUE,FALSE,TRUE,FALSE,N/A,N/A,N/A,N/A,1,0,1,4,N/A,N/A,N/A,FALSE,FALSE,FALSE,N/A,N/A,FALSE,FALSE,FALSE,TRUE,FALSE,FALSE,FALSE,FALSE,FALSE,TRUE,TRUE,FALSE,FALSE,FALSE,FALSE,FALSE,TRUE,TRUE,FALSE,FALSE,FALSE,FALSE,FALSE,778
,Blue Shulker Box,blue_shulker_box,FALSE,FALSE,FALSE,1,TRUE,TRUE,FALSE,TRUE,FALSE,N/A,N/A,N/A,N/A,1,0,1,4,N/A,N/A,N/A,FALSE,FALSE,FALSE,N/A,N/A,FALSE,FALSE,FALSE,TRUE,FALSE,FALSE,FALSE,FALSE,FALSE,TRUE,TRUE,FALSE,FALSE,FALSE,FALSE,FALSE,TRUE,TRUE,FALSE,FALSE,FALSE,FALSE,FALSE,779
,Purple Shulker Box,purple_shulker_box,FALSE,FALSE,FALSE,1,TRUE,TRUE,FALSE,TRUE,FALSE,N/A,N/A,N/A,N/A,1,0,1,4,N/A,N/A,N/A,FALSE,FALSE,FALSE,N/A,N/A,FALSE,FALSE,FALSE,TRUE,FALSE,FALSE,FALSE,FALSE,FALSE,TRUE,TRUE,FALSE,FALSE,FALSE,FALSE,FALSE,TRUE,TRUE,FALSE,FALSE,FALSE,FALSE,FALSE,780
,Magenta Shulker Box,magenta_shulker_box,FALSE,FALSE,FALSE,1,TRUE,TRUE,FALSE,TRUE,FALSE,N/A,N/A,N/A,N/A,1,0,1,4,N/A,N/A,N/A,FALSE,FALSE,FALSE,N/A,N/A,FALSE,FALSE,FALSE,TRUE,FALSE,FALSE,FALSE,FALSE,FALSE,TRUE,TRUE,FALSE,FALSE,FALSE,FALSE,FALSE,TRUE,TRUE,FALSE,FALSE,FALSE,FALSE,FALSE,781
,Pink Shulker Box,pink_shulker_box,FALSE,FALSE,FALSE,1,TRUE,TRUE,FALSE,TRUE,FALSE,N/A,N/A,N/A,N/A,1,0,1,4,N/A,N/A,N/A,FALSE,FALSE,FALSE,N/A,N/A,FALSE,FALSE,FALSE,TRUE,FALSE,FALSE,FALSE,FALSE,FALSE,TRUE,TRUE,FALSE,FALSE,FALSE,FALSE,FALSE,TRUE,TRUE,FALSE,FALSE,FALSE,FALSE,FALSE,782
,Crafting Table,crafting_table,FALSE,FALSE,FALSE,64,TRUE,TRUE,FALSE,TRUE,FALSE,N/A,15,N/A,N/A,1,0,1,4,N/A,N/A,N/A,FALSE,FALSE,FALSE,N/A,N/A,FALSE,FALSE,FALSE,FALSE,FALSE,FALSE,FALSE,FALSE,FALSE,FALSE,TRUE,FALSE,FALSE,FALSE,FALSE,FALSE,TRUE,TRUE,FALSE,FALSE,FALSE,FALSE,FALSE,783
,Furnace,furnace,FALSE,FALSE,FALSE,64,TRUE,TRUE,FALSE,TRUE,FALSE,N/A,N/A,N/A,N/A,1,0,1,4,N/A,N/A,N/A,FALSE,FALSE,FALSE,N/A,N/A,FALSE,FALSE,FALSE,FALSE,FALSE,FALSE,FALSE,FALSE,FALSE,TRUE,TRUE,FALSE,FALSE,FALSE,FALSE,FALSE,TRUE,TRUE,FALSE,FALSE,FALSE,FALSE,FALSE,784
,Blast Furnace,blast_furnace,FALSE,FALSE,FALSE,64,TRUE,TRUE,FALSE,TRUE,FALSE,N/A,N/A,N/A,N/A,1,0,1,4,N/A,N/A,N/A,FALSE,FALSE,FALSE,N/A,N/A,FALSE,FALSE,FALSE,FALSE,FALSE,FALSE,FALSE,FALSE,FALSE,FALSE,TRUE,FALSE,FALSE,FALSE,FALSE,FALSE,TRUE,TRUE,FALSE,FALSE,FALSE,FALSE,FALSE,785
,Smoker,smoker,FALSE,FALSE,FALSE,64,TRUE,TRUE,FALSE,TRUE,FALSE,N/A,N/A,N/A,N/A,1,0,1,4,N/A,N/A,N/A,FALSE,FALSE,FALSE,N/A,N/A,FALSE,FALSE,FALSE,FALSE,FALSE,FALSE,FALSE,FALSE,FALSE,FALSE,TRUE,FALSE,FALSE,FALSE,FALSE,FALSE,TRUE,TRUE,FALSE,FALSE,FALSE,FALSE,FALSE,786
,Chest,chest,FALSE,FALSE,FALSE,64,TRUE,TRUE,FALSE,TRUE,FALSE,N/A,15,N/A,N/A,1,0,1,4,N/A,N/A,N/A,FALSE,FALSE,FALSE,N/A,N/A,FALSE,FALSE,FALSE,TRUE,FALSE,FALSE,FALSE,FALSE,FALSE,TRUE,TRUE,FALSE,FALSE,FALSE,FALSE,FALSE,TRUE,TRUE,FALSE,FALSE,FALSE,FALSE,FALSE,787
,Trapped Chest,trapped_chest,FALSE,FALSE,FALSE,64,TRUE,TRUE,FALSE,TRUE,FALSE,N/A,15,N/A,N/A,1,0,1,4,N/A,N/A,N/A,FALSE,FALSE,FALSE,N/A,N/A,FALSE,FALSE,FALSE,FALSE,FALSE,FALSE,FALSE,FALSE,FALSE,FALSE,TRUE,FALSE,FALSE,FALSE,FALSE,FALSE,TRUE,TRUE,FALSE,FALSE,FALSE,FALSE,FALSE,788
,Ender Chest,ender_chest,FALSE,FALSE,FALSE,64,TRUE,TRUE,FALSE,TRUE,FALSE,N/A,N/A,N/A,N/A,1,0,1,4,N/A,N/A,N/A,FALSE,FALSE,FALSE,N/A,N/A,FALSE,FALSE,FALSE,FALSE,FALSE,FALSE,FALSE,FALSE,FALSE,FALSE,TRUE,FALSE,FALSE,FALSE,FALSE,FALSE,TRUE,TRUE,FALSE,FALSE,FALSE,FALSE,FALSE,789
,Enchanting Table,enchanting_table,FALSE,FALSE,FALSE,64,FALSE,FALSE,FALSE,TRUE,FALSE,N/A,N/A,N/A,N/A,1,0,1,4,N/A,N/A,N/A,FALSE,FALSE,FALSE,N/A,N/A,FALSE,FALSE,FALSE,FALSE,FALSE,FALSE,FALSE,FALSE,FALSE,FALSE,TRUE,FALSE,FALSE,FALSE,FALSE,FALSE,TRUE,TRUE,FALSE,FALSE,FALSE,TRUE,FALSE,790
,Anvil,anvil,FALSE,FALSE,FALSE,64,TRUE,TRUE,FALSE,TRUE,FALSE,N/A,N/A,N/A,N/A,1,0,1,4,N/A,N/A,N/A,FALSE,FALSE,FALSE,N/A,N/A,FALSE,FALSE,FALSE,FALSE,FALSE,FALSE,FALSE,FALSE,FALSE,FALSE,TRUE,FALSE,FALSE,FALSE,FALSE,FALSE,TRUE,TRUE,FALSE,FALSE,FALSE,FALSE,FALSE,791
,Chipped Anvil,chipped_anvil,FALSE,FALSE,FALSE,64,TRUE,TRUE,FALSE,TRUE,FALSE,N/A,N/A,N/A,N/A,1,0,1,4,N/A,N/A,N/A,FALSE,FALSE,FALSE,N/A,N/A,FALSE,FALSE,FALSE,FALSE,FALSE,FALSE,FALSE,FALSE,FALSE,FALSE,FALSE,FALSE,FALSE,FALSE,FALSE,FALSE,TRUE,TRUE,FALSE,FALSE,FALSE,FALSE,FALSE,792
,Damaged Anvil,damaged_anvil,FALSE,FALSE,FALSE,64,TRUE,TRUE,FALSE,TRUE,FALSE,N/A,N/A,N/A,N/A,1,0,1,4,N/A,N/A,N/A,FALSE,FALSE,FALSE,N/A,N/A,FALSE,FALSE,FALSE,FALSE,FALSE,FALSE,FALSE,FALSE,FALSE,FALSE,FALSE,FALSE,FALSE,FALSE,FALSE,FALSE,TRUE,TRUE,FALSE,FALSE,FALSE,FALSE,FALSE,793
,Grindstone,grindstone,FALSE,FALSE,FALSE,64,TRUE,TRUE,FALSE,TRUE,FALSE,N/A,N/A,N/A,N/A,1,0,1,4,N/A,N/A,N/A,FALSE,FALSE,FALSE,N/A,N/A,FALSE,FALSE,FALSE,FALSE,FALSE,FALSE,FALSE,FALSE,FALSE,FALSE,TRUE,FALSE,FALSE,FALSE,FALSE,FALSE,TRUE,TRUE,FALSE,FALSE,FALSE,FALSE,FALSE,794
,Stonecutter,stonecutter,FALSE,FALSE,FALSE,64,TRUE,TRUE,FALSE,TRUE,FALSE,N/A,N/A,N/A,N/A,1,0,1,4,N/A,N/A,N/A,FALSE,FALSE,FALSE,N/A,N/A,FALSE,FALSE,FALSE,FALSE,FALSE,FALSE,FALSE,FALSE,FALSE,FALSE,TRUE,FALSE,FALSE,FALSE,FALSE,FALSE,TRUE,TRUE,FALSE,FALSE,FALSE,FALSE,FALSE,795
,Barrel,barrel,FALSE,FALSE,FALSE,64,TRUE,TRUE,FALSE,TRUE,FALSE,N/A,15,N/A,N/A,1,0,1,4,N/A,N/A,N/A,FALSE,FALSE,FALSE,N/A,N/A,FALSE,FALSE,FALSE,FALSE,FALSE,FALSE,FALSE,FALSE,FALSE,FALSE,TRUE,FALSE,FALSE,FALSE,FALSE,FALSE,TRUE,TRUE,FALSE,FALSE,FALSE,FALSE,FALSE,796
,Composter,composter,FALSE,FALSE,FALSE,64,TRUE,TRUE,FALSE,TRUE,FALSE,N/A,15,N/A,N/A,1,0,1,4,N/A,N/A,N/A,FALSE,FALSE,FALSE,N/A,N/A,FALSE,FALSE,FALSE,FALSE,FALSE,FALSE,FALSE,FALSE,FALSE,FALSE,TRUE,FALSE,FALSE,FALSE,FALSE,FALSE,TRUE,TRUE,FALSE,FALSE,FALSE,FALSE,FALSE,797
,Loom,loom,FALSE,FALSE,FALSE,64,TRUE,TRUE,FALSE,TRUE,FALSE,N/A,15,N/A,N/A,1,0,1,4,N/A,N/A,N/A,FALSE,FALSE,FALSE,N/A,N/A,FALSE,FALSE,FALSE,FALSE,FALSE,FALSE,FALSE,FALSE,FALSE,FALSE,TRUE,FALSE,FALSE,FALSE,FALSE,FALSE,TRUE,TRUE,FALSE,FALSE,FALSE,FALSE,FALSE,798
,Cartography Table,cartography_table,FALSE,FALSE,FALSE,64,TRUE,TRUE,FALSE,TRUE,FALSE,N/A,15,N/A,N/A,1,0,1,4,N/A,N/A,N/A,FALSE,FALSE,FALSE,N/A,N/A,FALSE,FALSE,FALSE,FALSE,FALSE,FALSE,FALSE,FALSE,FALSE,FALSE,TRUE,FALSE,FALSE,FALSE,FALSE,FALSE,TRUE,TRUE,FALSE,FALSE,FALSE,FALSE,FALSE,799
,Smithing Table,smithing_table,FALSE,FALSE,FALSE,64,TRUE,TRUE,FALSE,TRUE,FALSE,N/A,15,N/A,N/A,1,0,1,4,N/A,N/A,N/A,FALSE,FALSE,FALSE,N/A,N/A,FALSE,FALSE,FALSE,FALSE,FALSE,FALSE,FALSE,FALSE,FALSE,FALSE,TRUE,FALSE,FALSE,FALSE,FALSE,FALSE,TRUE,TRUE,FALSE,FALSE,FALSE,FALSE,FALSE,800
,Fletching Table,fletching_table,FALSE,FALSE,FALSE,64,TRUE,TRUE,TRUE,TRUE,FALSE,N/A,15,N/A,N/A,1,0,1,4,N/A,N/A,N/A,FALSE,FALSE,FALSE,N/A,N/A,FALSE,FALSE,FALSE,FALSE,FALSE,FALSE,FALSE,FALSE,FALSE,FALSE,TRUE,FALSE,FALSE,FALSE,FALSE,FALSE,TRUE,TRUE,FALSE,FALSE,FALSE,FALSE,FALSE,801
,Lectern,lectern,FALSE,FALSE,FALSE,64,TRUE,TRUE,FALSE,TRUE,FALSE,N/A,15,N/A,N/A,1,0,1,4,N/A,N/A,N/A,FALSE,FALSE,FALSE,N/A,N/A,FALSE,FALSE,FALSE,FALSE,FALSE,FALSE,FALSE,FALSE,FALSE,FALSE,TRUE,FALSE,FALSE,FALSE,FALSE,FALSE,TRUE,TRUE,FALSE,FALSE,FALSE,FALSE,FALSE,802
,Jukebox ,jukebox,FALSE,FALSE,FALSE,64,FALSE,FALSE,FALSE,TRUE,FALSE,N/A,15,N/A,N/A,1,0,1,4,N/A,N/A,N/A,FALSE,FALSE,FALSE,N/A,N/A,FALSE,FALSE,FALSE,FALSE,FALSE,FALSE,FALSE,FALSE,FALSE,FALSE,TRUE,FALSE,FALSE,FALSE,FALSE,FALSE,TRUE,TRUE,FALSE,FALSE,FALSE,FALSE,FALSE,803
,Bell,bell,FALSE,FALSE,FALSE,64,TRUE,FALSE,FALSE,TRUE,FALSE,N/A,N/A,N/A,N/A,1,0,1,4,N/A,N/A,N/A,FALSE,FALSE,FALSE,N/A,N/A,FALSE,FALSE,FALSE,FALSE,FALSE,TRUE,FALSE,FALSE,FALSE,FALSE,FALSE,FALSE,FALSE,FALSE,FALSE,FALSE,TRUE,TRUE,FALSE,FALSE,FALSE,TRUE,FALSE,804
,Brewing Stand,brewing_stand,FALSE,FALSE,FALSE,64,TRUE,TRUE,FALSE,TRUE,FALSE,N/A,N/A,N/A,N/A,1,0,1,4,N/A,N/A,N/A,FALSE,FALSE,FALSE,N/A,N/A,FALSE,FALSE,FALSE,FALSE,FALSE,FALSE,FALSE,FALSE,FALSE,FALSE,TRUE,FALSE,FALSE,FALSE,FALSE,FALSE,TRUE,TRUE,FALSE,FALSE,FALSE,TRUE,FALSE,805
,Cauldron,cauldron,FALSE,FALSE,FALSE,64,TRUE,TRUE,FALSE,TRUE,FALSE,N/A,N/A,N/A,N/A,1,0,1,4,N/A,N/A,N/A,FALSE,FALSE,FALSE,N/A,N/A,FALSE,FALSE,FALSE,FALSE,FALSE,FALSE,FALSE,FALSE,FALSE,FALSE,TRUE,FALSE,FALSE,FALSE,FALSE,FALSE,TRUE,TRUE,FALSE,FALSE,FALSE,TRUE,FALSE,806
,Lodestone,lodestone,FALSE,FALSE,FALSE,64,FALSE,FALSE,FALSE,TRUE,FALSE,N/A,N/A,N/A,N/A,1,0,1,4,N/A,N/A,N/A,FALSE,FALSE,FALSE,N/A,N/A,FALSE,FALSE,FALSE,FALSE,FALSE,FALSE,FALSE,FALSE,FALSE,FALSE,TRUE,FALSE,FALSE,FALSE,FALSE,FALSE,TRUE,TRUE,FALSE,FALSE,FALSE,FALSE,FALSE,807
,Respawn Anchor,respawn_anchor,FALSE,FALSE,FALSE,64,TRUE,TRUE,FALSE,TRUE,FALSE,N/A,N/A,N/A,N/A,1,0,1,4,N/A,N/A,N/A,FALSE,FALSE,FALSE,N/A,N/A,FALSE,FALSE,FALSE,FALSE,FALSE,FALSE,FALSE,FALSE,FALSE,FALSE,TRUE,FALSE,FALSE,FALSE,FALSE,FALSE,TRUE,TRUE,FALSE,FALSE,FALSE,FALSE,FALSE,808
,Bee Nest,bee_nest,FALSE,FALSE,FALSE,64,TRUE,TRUE,TRUE,TRUE,FALSE,N/A,15,N/A,N/A,1,0,1,4,N/A,N/A,N/A,FALSE,FALSE,FALSE,N/A,N/A,FALSE,FALSE,FALSE,FALSE,FALSE,FALSE,FALSE,FALSE,FALSE,FALSE,FALSE,FALSE,FALSE,FALSE,FALSE,FALSE,TRUE,TRUE,FALSE,FALSE,FALSE,FALSE,FALSE,809
,Beehive,beehive,FALSE,FALSE,FALSE,64,TRUE,TRUE,FALSE,TRUE,FALSE,N/A,15,N/A,N/A,1,0,1,4,N/A,N/A,N/A,FALSE,FALSE,FALSE,N/A,N/A,FALSE,FALSE,FALSE,FALSE,FALSE,FALSE,FALSE,FALSE,FALSE,FALSE,TRUE,FALSE,FALSE,FALSE,FALSE,FALSE,TRUE,TRUE,FALSE,FALSE,FALSE,FALSE,FALSE,810
,Trial Spawner,trial_spawner,TRUE,FALSE,FALSE,64,FALSE,FALSE,FALSE,TRUE,FALSE,N/A,N/A,N/A,N/A,1,0,1,4,N/A,N/A,N/A,FALSE,FALSE,FALSE,N/A,N/A,FALSE,FALSE,FALSE,FALSE,FALSE,FALSE,FALSE,FALSE,FALSE,FALSE,FALSE,FALSE,FALSE,FALSE,FALSE,FALSE,TRUE,TRUE,FALSE,FALSE,FALSE,FALSE,FALSE,811
,Vault,vault,TRUE,FALSE,FALSE,64,FALSE,FALSE,FALSE,TRUE,FALSE,N/A,N/A,N/A,N/A,1,0,1,4,N/A,N/A,N/A,FALSE,FALSE,FALSE,N/A,N/A,FALSE,FALSE,FALSE,FALSE,FALSE,FALSE,FALSE,FALSE,FALSE,FALSE,FALSE,FALSE,FALSE,FALSE,FALSE,FALSE,TRUE,TRUE,FALSE,FALSE,FALSE,FALSE,FALSE,812
,Trial Key,trial_key,FALSE,FALSE,FALSE,64,TRUE,TRUE,FALSE,FALSE,FALSE,N/A,N/A,N/A,N/A,1,0,1,4,N/A,N/A,N/A,FALSE,FALSE,FALSE,N/A,N/A,FALSE,FALSE,FALSE,FALSE,FALSE,FALSE,FALSE,FALSE,FALSE,FALSE,FALSE,FALSE,FALSE,FALSE,FALSE,FALSE,TRUE,TRUE,FALSE,FALSE,FALSE,FALSE,FALSE,813
,Ominous Trial Key,ominous_trial_key,FALSE,FALSE,FALSE,64,TRUE,TRUE,TRUE,FALSE,FALSE,N/A,N/A,N/A,N/A,1,0,1,4,N/A,N/A,N/A,FALSE,FALSE,FALSE,N/A,N/A,FALSE,FALSE,FALSE,FALSE,FALSE,FALSE,FALSE,FALSE,FALSE,FALSE,FALSE,FALSE,FALSE,FALSE,FALSE,FALSE,TRUE,TRUE,FALSE,FALSE,FALSE,FALSE,FALSE,814
,Heavy Core,heavy_core,FALSE,FALSE,FALSE,64,FALSE,FALSE,FALSE,TRUE,FALSE,N/A,N/A,N/A,N/A,1,0,1,4,N/A,N/A,N/A,FALSE,FALSE,FALSE,N/A,N/A,FALSE,FALSE,FALSE,FALSE,FALSE,FALSE,FALSE,FALSE,FALSE,TRUE,FALSE,FALSE,FALSE,FALSE,FALSE,FALSE,TRUE,FALSE,FALSE,FALSE,TRUE,FALSE,FALSE,815
,Armor Stand,armor_stand,FALSE,FALSE,FALSE,16,TRUE,TRUE,FALSE,FALSE,TRUE,N/A,N/A,N/A,N/A,1,0,1,4,N/A,N/A,N/A,FALSE,FALSE,FALSE,N/A,N/A,FALSE,FALSE,FALSE,TRUE,FALSE,FALSE,FALSE,FALSE,FALSE,FALSE,TRUE,FALSE,FALSE,FALSE,FALSE,FALSE,TRUE,TRUE,FALSE,FALSE,FALSE,FALSE,FALSE,816
,Flower Pot,flower_pot,FALSE,FALSE,FALSE,64,TRUE,TRUE,FALSE,TRUE,FALSE,N/A,N/A,N/A,N/A,1,0,1,4,N/A,N/A,N/A,FALSE,FALSE,FALSE,N/A,N/A,FALSE,FALSE,FALSE,FALSE,FALSE,FALSE,FALSE,FALSE,FALSE,FALSE,TRUE,FALSE,FALSE,FALSE,FALSE,FALSE,TRUE,TRUE,FALSE,FALSE,FALSE,TRUE,FALSE,817
,Decorated Pot,decorated_pot,FALSE,FALSE,FALSE,64,TRUE,TRUE,FALSE,TRUE,FALSE,N/A,N/A,N/A,N/A,1,0,1,4,N/A,N/A,N/A,FALSE,FALSE,FALSE,N/A,N/A,FALSE,FALSE,FALSE,FALSE,FALSE,FALSE,FALSE,FALSE,FALSE,FALSE,TRUE,FALSE,FALSE,FALSE,FALSE,FALSE,TRUE,TRUE,FALSE,FALSE,FALSE,FALSE,FALSE,818
,Painting (Random variant),painting,FALSE,FALSE,FALSE,64,TRUE,TRUE,FALSE,FALSE,TRUE,N/A,N/A,N/A,N/A,1,0,1,4,N/A,N/A,N/A,FALSE,FALSE,FALSE,N/A,N/A,FALSE,FALSE,FALSE,FALSE,FALSE,TRUE,FALSE,FALSE,FALSE,FALSE,TRUE,FALSE,FALSE,FALSE,FALSE,FALSE,TRUE,TRUE,FALSE,FALSE,FALSE,FALSE,FALSE,819
,Painting (Albanian),"painting[entity_data={id:""minecraft:painting"",variant:""minecraft:alban""}]",TRUE,FALSE,FALSE,64,FALSE,FALSE,FALSE,FALSE,TRUE,N/A,N/A,N/A,N/A,1,0,1,4,N/A,N/A,N/A,FALSE,FALSE,FALSE,N/A,N/A,FALSE,FALSE,FALSE,FALSE,FALSE,FALSE,FALSE,FALSE,FALSE,FALSE,FALSE,FALSE,FALSE,FALSE,FALSE,FALSE,TRUE,TRUE,FALSE,FALSE,FALSE,FALSE,TRUE,820
,Painting (de_aztec),"painting[entity_data={id:""minecraft:painting"",variant:""minecraft:aztec""}]",TRUE,FALSE,FALSE,64,FALSE,FALSE,FALSE,FALSE,TRUE,N/A,N/A,N/A,N/A,1,0,1,4,N/A,N/A,N/A,FALSE,FALSE,FALSE,N/A,N/A,FALSE,FALSE,FALSE,FALSE,FALSE,FALSE,FALSE,FALSE,FALSE,FALSE,FALSE,FALSE,FALSE,FALSE,FALSE,FALSE,TRUE,TRUE,FALSE,FALSE,FALSE,FALSE,TRUE,821
,Painting (de_aztec),"painting[entity_data={id:""minecraft:painting"",variant:""minecraft:aztec2""}]",TRUE,FALSE,FALSE,64,FALSE,FALSE,FALSE,FALSE,TRUE,N/A,N/A,N/A,N/A,1,0,1,4,N/A,N/A,N/A,FALSE,FALSE,FALSE,N/A,N/A,FALSE,FALSE,FALSE,FALSE,FALSE,FALSE,FALSE,FALSE,FALSE,FALSE,FALSE,FALSE,FALSE,FALSE,FALSE,FALSE,TRUE,TRUE,FALSE,FALSE,FALSE,FALSE,TRUE,822
,Painting (Kebab med tre pepperoni),"painting[entity_data={id:""minecraft:painting"",variant:""minecraft:kebab""}]",TRUE,FALSE,FALSE,64,FALSE,FALSE,FALSE,FALSE,TRUE,N/A,N/A,N/A,N/A,1,0,1,4,N/A,N/A,N/A,FALSE,FALSE,FALSE,N/A,N/A,FALSE,FALSE,FALSE,FALSE,FALSE,FALSE,FALSE,FALSE,FALSE,FALSE,FALSE,FALSE,FALSE,FALSE,FALSE,FALSE,TRUE,TRUE,FALSE,FALSE,FALSE,FALSE,TRUE,823
,Painting (Meditative),"painting[entity_data={id:""minecraft:painting"",variant:""minecraft:meditative""}]",TRUE,FALSE,FALSE,64,FALSE,FALSE,FALSE,FALSE,TRUE,N/A,N/A,N/A,N/A,1,0,1,4,N/A,N/A,N/A,FALSE,FALSE,FALSE,N/A,N/A,FALSE,FALSE,FALSE,FALSE,FALSE,FALSE,FALSE,FALSE,FALSE,FALSE,FALSE,FALSE,FALSE,FALSE,FALSE,FALSE,TRUE,TRUE,FALSE,FALSE,FALSE,FALSE,TRUE,824
,Painting (Paradisträd),"painting[entity_data={id:""minecraft:painting"",variant:""minecraft:plant""}]",TRUE,FALSE,FALSE,64,FALSE,FALSE,FALSE,FALSE,TRUE,N/A,N/A,N/A,N/A,1,0,1,4,N/A,N/A,N/A,FALSE,FALSE,FALSE,N/A,N/A,FALSE,FALSE,FALSE,FALSE,FALSE,FALSE,FALSE,FALSE,FALSE,FALSE,FALSE,FALSE,FALSE,FALSE,FALSE,FALSE,TRUE,TRUE,FALSE,FALSE,FALSE,FALSE,TRUE,825
,Painting (Target Successfully Bombed),"painting[entity_data={id:""minecraft:painting"",variant:""minecraft:bomb""}]",TRUE,FALSE,FALSE,64,FALSE,FALSE,FALSE,FALSE,TRUE,N/A,N/A,N/A,N/A,1,0,1,4,N/A,N/A,N/A,FALSE,FALSE,FALSE,N/A,N/A,FALSE,FALSE,FALSE,FALSE,FALSE,FALSE,FALSE,FALSE,FALSE,FALSE,FALSE,FALSE,FALSE,FALSE,FALSE,FALSE,TRUE,TRUE,FALSE,FALSE,FALSE,FALSE,TRUE,826
,Painting (Wasteland),"painting[entity_data={id:""minecraft:painting"",variant:""minecraft:wasteland""}]",TRUE,FALSE,FALSE,64,FALSE,FALSE,FALSE,FALSE,TRUE,N/A,N/A,N/A,N/A,1,0,1,4,N/A,N/A,N/A,FALSE,FALSE,FALSE,N/A,N/A,FALSE,FALSE,FALSE,FALSE,FALSE,FALSE,FALSE,FALSE,FALSE,FALSE,FALSE,FALSE,FALSE,FALSE,FALSE,FALSE,TRUE,TRUE,FALSE,FALSE,FALSE,FALSE,TRUE,827
,Painting (Graham),"painting[entity_data={id:""minecraft:painting"",variant:""minecraft:graham""}]",TRUE,FALSE,FALSE,64,FALSE,FALSE,FALSE,FALSE,TRUE,N/A,N/A,N/A,N/A,1,0,1,4,N/A,N/A,N/A,FALSE,FALSE,FALSE,N/A,N/A,FALSE,FALSE,FALSE,FALSE,FALSE,FALSE,FALSE,FALSE,FALSE,FALSE,FALSE,FALSE,FALSE,FALSE,FALSE,FALSE,TRUE,TRUE,FALSE,FALSE,FALSE,FALSE,TRUE,828
,Painting (Prairie Ride),"painting[entity_data={id:""minecraft:painting"",variant:""minecraft:prairie_ride""}]",TRUE,FALSE,FALSE,64,FALSE,FALSE,FALSE,FALSE,TRUE,N/A,N/A,N/A,N/A,1,0,1,4,N/A,N/A,N/A,FALSE,FALSE,FALSE,N/A,N/A,FALSE,FALSE,FALSE,FALSE,FALSE,FALSE,FALSE,FALSE,FALSE,FALSE,FALSE,FALSE,FALSE,FALSE,FALSE,FALSE,TRUE,TRUE,FALSE,FALSE,FALSE,FALSE,TRUE,829
,Painting (Wanderer),"painting[entity_data={id:""minecraft:painting"",variant:""minecraft:wanderer""}]",TRUE,FALSE,FALSE,64,FALSE,FALSE,FALSE,FALSE,TRUE,N/A,N/A,N/A,N/A,1,0,1,4,N/A,N/A,N/A,FALSE,FALSE,FALSE,N/A,N/A,FALSE,FALSE,FALSE,FALSE,FALSE,FALSE,FALSE,FALSE,FALSE,FALSE,FALSE,FALSE,FALSE,FALSE,FALSE,FALSE,TRUE,TRUE,FALSE,FALSE,FALSE,FALSE,TRUE,830
,Painting (Bonjour Monsieur Courbet),"painting[entity_data={id:""minecraft:painting"",variant:""minecraft:courbet""}]",TRUE,FALSE,FALSE,64,FALSE,FALSE,FALSE,FALSE,TRUE,N/A,N/A,N/A,N/A,1,0,1,4,N/A,N/A,N/A,FALSE,FALSE,FALSE,N/A,N/A,FALSE,FALSE,FALSE,FALSE,FALSE,FALSE,FALSE,FALSE,FALSE,FALSE,FALSE,FALSE,FALSE,FALSE,FALSE,FALSE,TRUE,TRUE,FALSE,FALSE,FALSE,FALSE,TRUE,831
,Painting (Creebet),"painting[entity_data={id:""minecraft:painting"",variant:""minecraft:creebet""}]",TRUE,FALSE,FALSE,64,FALSE,FALSE,FALSE,FALSE,TRUE,N/A,N/A,N/A,N/A,1,0,1,4,N/A,N/A,N/A,FALSE,FALSE,FALSE,N/A,N/A,FALSE,FALSE,FALSE,FALSE,FALSE,FALSE,FALSE,FALSE,FALSE,FALSE,FALSE,FALSE,FALSE,FALSE,FALSE,FALSE,TRUE,TRUE,FALSE,FALSE,FALSE,FALSE,TRUE,832
,Painting (Seaside),"painting[entity_data={id:""minecraft:painting"",variant:""minecraft:sea""}]",TRUE,FALSE,FALSE,64,FALSE,FALSE,FALSE,FALSE,TRUE,N/A,N/A,N/A,N/A,1,0,1,4,N/A,N/A,N/A,FALSE,FALSE,FALSE,N/A,N/A,FALSE,FALSE,FALSE,FALSE,FALSE,FALSE,FALSE,FALSE,FALSE,FALSE,FALSE,FALSE,FALSE,FALSE,FALSE,FALSE,TRUE,TRUE,FALSE,FALSE,FALSE,FALSE,TRUE,833
,Painting (sunset_dense),"painting[entity_data={id:""minecraft:painting"",variant:""minecraft:sunset""}]",TRUE,FALSE,FALSE,64,FALSE,FALSE,FALSE,FALSE,TRUE,N/A,N/A,N/A,N/A,1,0,1,4,N/A,N/A,N/A,FALSE,FALSE,FALSE,N/A,N/A,FALSE,FALSE,FALSE,FALSE,FALSE,FALSE,FALSE,FALSE,FALSE,FALSE,FALSE,FALSE,FALSE,FALSE,FALSE,FALSE,TRUE,TRUE,FALSE,FALSE,FALSE,FALSE,TRUE,834
,Painting (The Pool),"painting[entity_data={id:""minecraft:painting"",variant:""minecraft:pool""}]",TRUE,FALSE,FALSE,64,FALSE,FALSE,FALSE,FALSE,TRUE,N/A,N/A,N/A,N/A,1,0,1,4,N/A,N/A,N/A,FALSE,FALSE,FALSE,N/A,N/A,FALSE,FALSE,FALSE,FALSE,FALSE,FALSE,FALSE,FALSE,FALSE,FALSE,FALSE,FALSE,FALSE,FALSE,FALSE,FALSE,TRUE,TRUE,FALSE,FALSE,FALSE,FALSE,TRUE,835
,Painting (Baroque),"painting[entity_data={id:""minecraft:painting"",variant:""minecraft:baroque""}]",TRUE,FALSE,FALSE,64,FALSE,FALSE,FALSE,FALSE,TRUE,N/A,N/A,N/A,N/A,1,0,1,4,N/A,N/A,N/A,FALSE,FALSE,FALSE,N/A,N/A,FALSE,FALSE,FALSE,FALSE,FALSE,FALSE,FALSE,FALSE,FALSE,FALSE,FALSE,FALSE,FALSE,FALSE,FALSE,FALSE,TRUE,TRUE,FALSE,FALSE,FALSE,FALSE,TRUE,836
,Painting (Bust),"painting[entity_data={id:""minecraft:painting"",variant:""minecraft:bust""}]",TRUE,FALSE,FALSE,64,FALSE,FALSE,FALSE,FALSE,TRUE,N/A,N/A,N/A,N/A,1,0,1,4,N/A,N/A,N/A,FALSE,FALSE,FALSE,N/A,N/A,FALSE,FALSE,FALSE,FALSE,FALSE,FALSE,FALSE,FALSE,FALSE,FALSE,FALSE,FALSE,FALSE,FALSE,FALSE,FALSE,TRUE,TRUE,FALSE,FALSE,FALSE,FALSE,TRUE,837
,Painting (Earth),"painting[entity_data={id:""minecraft:painting"",variant:""minecraft:earth""}]",TRUE,TRUE,FALSE,64,FALSE,FALSE,FALSE,FALSE,TRUE,N/A,N/A,N/A,N/A,1,0,1,4,N/A,N/A,N/A,FALSE,FALSE,FALSE,N/A,N/A,FALSE,FALSE,FALSE,FALSE,FALSE,FALSE,FALSE,FALSE,FALSE,FALSE,FALSE,FALSE,FALSE,FALSE,FALSE,FALSE,TRUE,TRUE,FALSE,FALSE,FALSE,FALSE,TRUE,838
,Painting (Fire),"painting[entity_data={id:""minecraft:painting"",variant:""minecraft:fire""}]",TRUE,TRUE,FALSE,64,FALSE,FALSE,FALSE,FALSE,TRUE,N/A,N/A,N/A,N/A,1,0,1,4,N/A,N/A,N/A,FALSE,FALSE,FALSE,N/A,N/A,FALSE,FALSE,FALSE,FALSE,FALSE,FALSE,FALSE,FALSE,FALSE,FALSE,FALSE,FALSE,FALSE,FALSE,FALSE,FALSE,TRUE,TRUE,FALSE,FALSE,FALSE,FALSE,TRUE,839
,Painting (Humble),"painting[entity_data={id:""minecraft:painting"",variant:""minecraft:humble""}]",TRUE,FALSE,FALSE,64,FALSE,FALSE,FALSE,FALSE,TRUE,N/A,N/A,N/A,N/A,1,0,1,4,N/A,N/A,N/A,FALSE,FALSE,FALSE,N/A,N/A,FALSE,FALSE,FALSE,FALSE,FALSE,FALSE,FALSE,FALSE,FALSE,FALSE,FALSE,FALSE,FALSE,FALSE,FALSE,FALSE,TRUE,TRUE,FALSE,FALSE,FALSE,FALSE,TRUE,840
,Painting (Match),"painting[entity_data={id:""minecraft:painting"",variant:""minecraft:match""}]",TRUE,FALSE,FALSE,64,FALSE,FALSE,FALSE,FALSE,TRUE,N/A,N/A,N/A,N/A,1,0,1,4,N/A,N/A,N/A,FALSE,FALSE,FALSE,N/A,N/A,FALSE,FALSE,FALSE,FALSE,FALSE,FALSE,FALSE,FALSE,FALSE,FALSE,FALSE,FALSE,FALSE,FALSE,FALSE,FALSE,TRUE,TRUE,FALSE,FALSE,FALSE,FALSE,TRUE,841
,Painting (Skull and Roses),"painting[entity_data={id:""minecraft:painting"",variant:""minecraft:skull_and_roses""}]",TRUE,FALSE,FALSE,64,FALSE,FALSE,FALSE,FALSE,TRUE,N/A,N/A,N/A,N/A,1,0,1,4,N/A,N/A,N/A,FALSE,FALSE,FALSE,N/A,N/A,FALSE,FALSE,FALSE,FALSE,FALSE,FALSE,FALSE,FALSE,FALSE,FALSE,FALSE,FALSE,FALSE,FALSE,FALSE,FALSE,TRUE,TRUE,FALSE,FALSE,FALSE,FALSE,TRUE,842
,Painting (The Stage Is Set),"painting[entity_data={id:""minecraft:painting"",variant:""minecraft:stage""}]",TRUE,FALSE,FALSE,64,FALSE,FALSE,FALSE,FALSE,TRUE,N/A,N/A,N/A,N/A,1,0,1,4,N/A,N/A,N/A,FALSE,FALSE,FALSE,N/A,N/A,FALSE,FALSE,FALSE,FALSE,FALSE,FALSE,FALSE,FALSE,FALSE,FALSE,FALSE,FALSE,FALSE,FALSE,FALSE,FALSE,TRUE,TRUE,FALSE,FALSE,FALSE,FALSE,TRUE,843
,Painting (The void),"painting[entity_data={id:""minecraft:painting"",variant:""minecraft:void""}]",TRUE,FALSE,FALSE,64,FALSE,FALSE,FALSE,FALSE,TRUE,N/A,N/A,N/A,N/A,1,0,1,4,N/A,N/A,N/A,FALSE,FALSE,FALSE,N/A,N/A,FALSE,FALSE,FALSE,FALSE,FALSE,FALSE,FALSE,FALSE,FALSE,FALSE,FALSE,FALSE,FALSE,FALSE,FALSE,FALSE,TRUE,TRUE,FALSE,FALSE,FALSE,FALSE,TRUE,844
,Painting (Water),"painting[entity_data={id:""minecraft:painting"",variant:""minecraft:water""}]",TRUE,TRUE,FALSE,64,FALSE,FALSE,FALSE,FALSE,TRUE,N/A,N/A,N/A,N/A,1,0,1,4,N/A,N/A,N/A,FALSE,FALSE,FALSE,N/A,N/A,FALSE,FALSE,FALSE,FALSE,FALSE,FALSE,FALSE,FALSE,FALSE,FALSE,FALSE,FALSE,FALSE,FALSE,FALSE,FALSE,TRUE,TRUE,FALSE,FALSE,FALSE,FALSE,TRUE,845
,Painting (Wind),"painting[entity_data={id:""minecraft:painting"",variant:""minecraft:wind""}]",TRUE,TRUE,FALSE,64,FALSE,FALSE,FALSE,FALSE,TRUE,N/A,N/A,N/A,N/A,1,0,1,4,N/A,N/A,N/A,FALSE,FALSE,FALSE,N/A,N/A,FALSE,FALSE,FALSE,FALSE,FALSE,FALSE,FALSE,FALSE,FALSE,FALSE,FALSE,FALSE,FALSE,FALSE,FALSE,FALSE,TRUE,TRUE,FALSE,FALSE,FALSE,FALSE,TRUE,846
,Painting (Wither),"painting[entity_data={id:""minecraft:painting"",variant:""minecraft:wither""}]",TRUE,FALSE,FALSE,64,FALSE,FALSE,FALSE,FALSE,TRUE,N/A,N/A,N/A,N/A,1,0,1,4,N/A,N/A,N/A,FALSE,FALSE,FALSE,N/A,N/A,FALSE,FALSE,FALSE,FALSE,FALSE,FALSE,FALSE,FALSE,FALSE,FALSE,FALSE,FALSE,FALSE,FALSE,FALSE,FALSE,TRUE,TRUE,FALSE,FALSE,FALSE,FALSE,TRUE,847
,Painting (Bouquet),"painting[entity_data={id:""minecraft:painting"",variant:""minecraft:bouquet""}]",TRUE,FALSE,FALSE,64,FALSE,FALSE,FALSE,FALSE,TRUE,N/A,N/A,N/A,N/A,1,0,1,4,N/A,N/A,N/A,FALSE,FALSE,FALSE,N/A,N/A,FALSE,FALSE,FALSE,FALSE,FALSE,FALSE,FALSE,FALSE,FALSE,FALSE,FALSE,FALSE,FALSE,FALSE,FALSE,FALSE,TRUE,TRUE,FALSE,FALSE,FALSE,FALSE,TRUE,848
,Painting (Cavebird),"painting[entity_data={id:""minecraft:painting"",variant:""minecraft:cavebird""}]",TRUE,FALSE,FALSE,64,FALSE,FALSE,FALSE,FALSE,TRUE,N/A,N/A,N/A,N/A,1,0,1,4,N/A,N/A,N/A,FALSE,FALSE,FALSE,N/A,N/A,FALSE,FALSE,FALSE,FALSE,FALSE,FALSE,FALSE,FALSE,FALSE,FALSE,FALSE,FALSE,FALSE,FALSE,FALSE,FALSE,TRUE,TRUE,FALSE,FALSE,FALSE,FALSE,TRUE,849
,Painting (Cotán),"painting[entity_data={id:""minecraft:painting"",variant:""minecraft:cotan""}]",TRUE,FALSE,FALSE,64,FALSE,FALSE,FALSE,FALSE,TRUE,N/A,N/A,N/A,N/A,1,0,1,4,N/A,N/A,N/A,FALSE,FALSE,FALSE,N/A,N/A,FALSE,FALSE,FALSE,FALSE,FALSE,FALSE,FALSE,FALSE,FALSE,FALSE,FALSE,FALSE,FALSE,FALSE,FALSE,FALSE,TRUE,TRUE,FALSE,FALSE,FALSE,FALSE,TRUE,850
,Painting (Endboss),"painting[entity_data={id:""minecraft:painting"",variant:""minecraft:endboss""}]",TRUE,FALSE,FALSE,64,FALSE,FALSE,FALSE,FALSE,TRUE,N/A,N/A,N/A,N/A,1,0,1,4,N/A,N/A,N/A,FALSE,FALSE,FALSE,N/A,N/A,FALSE,FALSE,FALSE,FALSE,FALSE,FALSE,FALSE,FALSE,FALSE,FALSE,FALSE,FALSE,FALSE,FALSE,FALSE,FALSE,TRUE,TRUE,FALSE,FALSE,FALSE,FALSE,TRUE,851
,Painting (Fern),"painting[entity_data={id:""minecraft:painting"",variant:""minecraft:fern""}]",TRUE,FALSE,FALSE,64,FALSE,FALSE,FALSE,FALSE,TRUE,N/A,N/A,N/A,N/A,1,0,1,4,N/A,N/A,N/A,FALSE,FALSE,FALSE,N/A,N/A,FALSE,FALSE,FALSE,FALSE,FALSE,FALSE,FALSE,FALSE,FALSE,FALSE,FALSE,FALSE,FALSE,FALSE,FALSE,FALSE,TRUE,TRUE,FALSE,FALSE,FALSE,FALSE,TRUE,852
,Painting (Owlemons),"painting[entity_data={id:""minecraft:painting"",variant:""minecraft:owlemons""}]",TRUE,FALSE,FALSE,64,FALSE,FALSE,FALSE,FALSE,TRUE,N/A,N/A,N/A,N/A,1,0,1,4,N/A,N/A,N/A,FALSE,FALSE,FALSE,N/A,N/A,FALSE,FALSE,FALSE,FALSE,FALSE,FALSE,FALSE,FALSE,FALSE,FALSE,FALSE,FALSE,FALSE,FALSE,FALSE,FALSE,TRUE,TRUE,FALSE,FALSE,FALSE,FALSE,TRUE,853
,Painting (Sunflowers),"painting[entity_data={id:""minecraft:painting"",variant:""minecraft:sunflowers""}]",TRUE,FALSE,FALSE,64,FALSE,FALSE,FALSE,FALSE,TRUE,N/A,N/A,N/A,N/A,1,0,1,4,N/A,N/A,N/A,FALSE,FALSE,FALSE,N/A,N/A,FALSE,FALSE,FALSE,FALSE,FALSE,FALSE,FALSE,FALSE,FALSE,FALSE,FALSE,FALSE,FALSE,FALSE,FALSE,FALSE,TRUE,TRUE,FALSE,FALSE,FALSE,FALSE,TRUE,854
,Painting (Tides),"painting[entity_data={id:""minecraft:painting"",variant:""minecraft:tides""}]",TRUE,FALSE,FALSE,64,FALSE,FALSE,FALSE,FALSE,TRUE,N/A,N/A,N/A,N/A,1,0,1,4,N/A,N/A,N/A,FALSE,FALSE,FALSE,N/A,N/A,FALSE,FALSE,FALSE,FALSE,FALSE,FALSE,FALSE,FALSE,FALSE,FALSE,FALSE,FALSE,FALSE,FALSE,FALSE,FALSE,TRUE,TRUE,FALSE,FALSE,FALSE,FALSE,TRUE,855
,Painting (Backyard),"painting[entity_data={id:""minecraft:painting"",variant:""minecraft:backyard""}]",TRUE,FALSE,FALSE,64,FALSE,FALSE,FALSE,FALSE,TRUE,N/A,N/A,N/A,N/A,1,0,1,4,N/A,N/A,N/A,FALSE,FALSE,FALSE,N/A,N/A,FALSE,FALSE,FALSE,FALSE,FALSE,FALSE,FALSE,FALSE,FALSE,FALSE,FALSE,FALSE,FALSE,FALSE,FALSE,FALSE,TRUE,TRUE,FALSE,FALSE,FALSE,FALSE,TRUE,856
,Painting (Pond),"painting[entity_data={id:""minecraft:painting"",variant:""minecraft:pond""}]",TRUE,FALSE,FALSE,64,FALSE,FALSE,FALSE,FALSE,TRUE,N/A,N/A,N/A,N/A,1,0,1,4,N/A,N/A,N/A,FALSE,FALSE,FALSE,N/A,N/A,FALSE,FALSE,FALSE,FALSE,FALSE,FALSE,FALSE,FALSE,FALSE,FALSE,FALSE,FALSE,FALSE,FALSE,FALSE,FALSE,TRUE,TRUE,FALSE,FALSE,FALSE,FALSE,TRUE,857
,Painting (Changing),"painting[entity_data={id:""minecraft:painting"",variant:""minecraft:changing""}]",TRUE,FALSE,FALSE,64,FALSE,FALSE,FALSE,FALSE,TRUE,N/A,N/A,N/A,N/A,1,0,1,4,N/A,N/A,N/A,FALSE,FALSE,FALSE,N/A,N/A,FALSE,FALSE,FALSE,FALSE,FALSE,FALSE,FALSE,FALSE,FALSE,FALSE,FALSE,FALSE,FALSE,FALSE,FALSE,FALSE,TRUE,TRUE,FALSE,FALSE,FALSE,FALSE,TRUE,858
,Painting (Fighters),"painting[entity_data={id:""minecraft:painting"",variant:""minecraft:fighters""}]",TRUE,FALSE,FALSE,64,FALSE,FALSE,FALSE,FALSE,TRUE,N/A,N/A,N/A,N/A,1,0,1,4,N/A,N/A,N/A,FALSE,FALSE,FALSE,N/A,N/A,FALSE,FALSE,FALSE,FALSE,FALSE,FALSE,FALSE,FALSE,FALSE,FALSE,FALSE,FALSE,FALSE,FALSE,FALSE,FALSE,TRUE,TRUE,FALSE,FALSE,FALSE,FALSE,TRUE,859
,Painting (Finding),"painting[entity_data={id:""minecraft:painting"",variant:""minecraft:finding""}]",TRUE,FALSE,FALSE,64,FALSE,FALSE,FALSE,FALSE,TRUE,N/A,N/A,N/A,N/A,1,0,1,4,N/A,N/A,N/A,FALSE,FALSE,FALSE,N/A,N/A,FALSE,FALSE,FALSE,FALSE,FALSE,FALSE,FALSE,FALSE,FALSE,FALSE,FALSE,FALSE,FALSE,FALSE,FALSE,FALSE,TRUE,TRUE,FALSE,FALSE,FALSE,FALSE,TRUE,860
,Painting (Lowmist),"painting[entity_data={id:""minecraft:painting"",variant:""minecraft:lowmist""}]",TRUE,FALSE,FALSE,64,FALSE,FALSE,FALSE,FALSE,TRUE,N/A,N/A,N/A,N/A,1,0,1,4,N/A,N/A,N/A,FALSE,FALSE,FALSE,N/A,N/A,FALSE,FALSE,FALSE,FALSE,FALSE,FALSE,FALSE,FALSE,FALSE,FALSE,FALSE,FALSE,FALSE,FALSE,FALSE,FALSE,TRUE,TRUE,FALSE,FALSE,FALSE,FALSE,TRUE,861
,Painting (Passage),"painting[entity_data={id:""minecraft:painting"",variant:""minecraft:passage""}]",TRUE,FALSE,FALSE,64,FALSE,FALSE,FALSE,FALSE,TRUE,N/A,N/A,N/A,N/A,1,0,1,4,N/A,N/A,N/A,FALSE,FALSE,FALSE,N/A,N/A,FALSE,FALSE,FALSE,FALSE,FALSE,FALSE,FALSE,FALSE,FALSE,FALSE,FALSE,FALSE,FALSE,FALSE,FALSE,FALSE,TRUE,TRUE,FALSE,FALSE,FALSE,FALSE,TRUE,862
,Painting (Kong),"painting[entity_data={id:""minecraft:painting"",variant:""minecraft:donkey_kong""}]",TRUE,FALSE,FALSE,64,FALSE,FALSE,FALSE,FALSE,TRUE,N/A,N/A,N/A,N/A,1,0,1,4,N/A,N/A,N/A,FALSE,FALSE,FALSE,N/A,N/A,FALSE,FALSE,FALSE,FALSE,FALSE,FALSE,FALSE,FALSE,FALSE,FALSE,FALSE,FALSE,FALSE,FALSE,FALSE,FALSE,TRUE,TRUE,FALSE,FALSE,FALSE,FALSE,TRUE,863
,Painting (Mortal Coil),"painting[entity_data={id:""minecraft:painting"",variant:""minecraft:skeleton""}]",TRUE,FALSE,FALSE,64,FALSE,FALSE,FALSE,FALSE,TRUE,N/A,N/A,N/A,N/A,1,0,1,4,N/A,N/A,N/A,FALSE,FALSE,FALSE,N/A,N/A,FALSE,FALSE,FALSE,FALSE,FALSE,FALSE,FALSE,FALSE,FALSE,FALSE,FALSE,FALSE,FALSE,FALSE,FALSE,FALSE,TRUE,TRUE,FALSE,FALSE,FALSE,FALSE,TRUE,864
,Painting (Orb),"painting[entity_data={id:""minecraft:painting"",variant:""minecraft:orb""}]",TRUE,FALSE,FALSE,64,FALSE,FALSE,FALSE,FALSE,TRUE,N/A,N/A,N/A,N/A,1,0,1,4,N/A,N/A,N/A,FALSE,FALSE,FALSE,N/A,N/A,FALSE,FALSE,FALSE,FALSE,FALSE,FALSE,FALSE,FALSE,FALSE,FALSE,FALSE,FALSE,FALSE,FALSE,FALSE,FALSE,TRUE,TRUE,FALSE,FALSE,FALSE,FALSE,TRUE,865
,Painting (Pigscene),"painting[entity_data={id:""minecraft:painting"",variant:""minecraft:pigscene""}]",TRUE,FALSE,FALSE,64,FALSE,FALSE,FALSE,FALSE,TRUE,N/A,N/A,N/A,N/A,1,0,1,4,N/A,N/A,N/A,FALSE,FALSE,FALSE,N/A,N/A,FALSE,FALSE,FALSE,FALSE,FALSE,FALSE,FALSE,FALSE,FALSE,FALSE,FALSE,FALSE,FALSE,FALSE,FALSE,FALSE,TRUE,TRUE,FALSE,FALSE,FALSE,FALSE,TRUE,866
,Painting (Pointer),"painting[entity_data={id:""minecraft:painting"",variant:""minecraft:pointer""}]",TRUE,FALSE,FALSE,64,FALSE,FALSE,FALSE,FALSE,TRUE,N/A,N/A,N/A,N/A,1,0,1,4,N/A,N/A,N/A,FALSE,FALSE,FALSE,N/A,N/A,FALSE,FALSE,FALSE,FALSE,FALSE,FALSE,FALSE,FALSE,FALSE,FALSE,FALSE,FALSE,FALSE,FALSE,FALSE,FALSE,TRUE,TRUE,FALSE,FALSE,FALSE,FALSE,TRUE,867
,Painting (Skull On Fire),"painting[entity_data={id:""minecraft:painting"",variant:""minecraft:burning_skull""}]",TRUE,FALSE,FALSE,64,FALSE,FALSE,FALSE,FALSE,TRUE,N/A,N/A,N/A,N/A,1,0,1,4,N/A,N/A,N/A,FALSE,FALSE,FALSE,N/A,N/A,FALSE,FALSE,FALSE,FALSE,FALSE,FALSE,FALSE,FALSE,FALSE,FALSE,FALSE,FALSE,FALSE,FALSE,FALSE,FALSE,TRUE,TRUE,FALSE,FALSE,FALSE,FALSE,TRUE,868
,Painting (Unpacked),"painting[entity_data={id:""minecraft:painting"",variant:""minecraft:unpacked""}]",TRUE,FALSE,FALSE,64,FALSE,FALSE,FALSE,FALSE,TRUE,N/A,N/A,N/A,N/A,1,0,1,4,N/A,N/A,N/A,FALSE,FALSE,FALSE,N/A,N/A,FALSE,FALSE,FALSE,FALSE,FALSE,FALSE,FALSE,FALSE,FALSE,FALSE,FALSE,FALSE,FALSE,FALSE,FALSE,FALSE,TRUE,TRUE,FALSE,FALSE,FALSE,FALSE,TRUE,869
,Item Frame,item_frame,FALSE,FALSE,FALSE,64,TRUE,TRUE,FALSE,FALSE,TRUE,N/A,N/A,N/A,N/A,1,0,1,4,N/A,N/A,N/A,FALSE,FALSE,FALSE,N/A,N/A,FALSE,FALSE,FALSE,FALSE,FALSE,TRUE,FALSE,FALSE,FALSE,TRUE,TRUE,FALSE,FALSE,FALSE,FALSE,FALSE,TRUE,TRUE,FALSE,FALSE,FALSE,FALSE,FALSE,870
,Glow Item Frame,glow_item_frame,FALSE,FALSE,FALSE,64,TRUE,TRUE,FALSE,FALSE,TRUE,N/A,N/A,N/A,N/A,1,0,1,4,N/A,N/A,N/A,FALSE,FALSE,FALSE,N/A,N/A,FALSE,FALSE,FALSE,FALSE,FALSE,FALSE,FALSE,FALSE,FALSE,FALSE,TRUE,FALSE,FALSE,FALSE,FALSE,FALSE,TRUE,TRUE,FALSE,FALSE,FALSE,FALSE,FALSE,871
,Ladder,ladder,FALSE,FALSE,FALSE,64,TRUE,TRUE,FALSE,TRUE,FALSE,N/A,15,N/A,N/A,1,0,1,4,N/A,N/A,N/A,FALSE,FALSE,FALSE,N/A,N/A,FALSE,FALSE,FALSE,FALSE,FALSE,FALSE,FALSE,FALSE,FALSE,FALSE,TRUE,FALSE,FALSE,FALSE,FALSE,FALSE,TRUE,TRUE,FALSE,FALSE,FALSE,TRUE,FALSE,872
,Scaffolding,scaffolding,FALSE,FALSE,FALSE,64,TRUE,TRUE,FALSE,TRUE,FALSE,N/A,2.5,N/A,N/A,1,0,1,4,N/A,N/A,N/A,FALSE,FALSE,FALSE,N/A,N/A,FALSE,FALSE,FALSE,FALSE,FALSE,FALSE,FALSE,FALSE,FALSE,FALSE,TRUE,FALSE,FALSE,FALSE,FALSE,FALSE,TRUE,TRUE,FALSE,FALSE,FALSE,FALSE,FALSE,873
,Iron Bars,iron_bars,FALSE,FALSE,FALSE,64,TRUE,TRUE,FALSE,TRUE,FALSE,N/A,N/A,N/A,N/A,1,0,1,4,N/A,N/A,N/A,FALSE,FALSE,FALSE,N/A,N/A,FALSE,FALSE,FALSE,FALSE,FALSE,FALSE,FALSE,FALSE,FALSE,FALSE,TRUE,FALSE,FALSE,FALSE,FALSE,FALSE,TRUE,TRUE,FALSE,FALSE,FALSE,TRUE,FALSE,874
,Chain,chain,FALSE,FALSE,FALSE,64,TRUE,TRUE,FALSE,TRUE,FALSE,N/A,N/A,N/A,N/A,1,0,1,4,N/A,N/A,N/A,FALSE,FALSE,FALSE,N/A,N/A,FALSE,FALSE,FALSE,FALSE,FALSE,FALSE,FALSE,FALSE,FALSE,TRUE,TRUE,FALSE,FALSE,FALSE,FALSE,FALSE,TRUE,TRUE,FALSE,FALSE,FALSE,TRUE,FALSE,875
,Cobweb,cobweb,FALSE,FALSE,FALSE,64,TRUE,TRUE,TRUE,TRUE,FALSE,N/A,N/A,N/A,N/A,1,0,1,4,N/A,N/A,N/A,FALSE,FALSE,FALSE,N/A,N/A,FALSE,FALSE,FALSE,FALSE,FALSE,FALSE,FALSE,FALSE,FALSE,FALSE,FALSE,FALSE,FALSE,FALSE,FALSE,FALSE,TRUE,TRUE,FALSE,FALSE,FALSE,TRUE,FALSE,876
,End Crystal,end_crystal,FALSE,FALSE,FALSE,64,TRUE,FALSE,FALSE,FALSE,TRUE,N/A,N/A,N/A,N/A,1,0,1,4,N/A,N/A,N/A,FALSE,FALSE,FALSE,N/A,N/A,FALSE,FALSE,FALSE,FALSE,FALSE,FALSE,FALSE,FALSE,FALSE,FALSE,TRUE,FALSE,FALSE,FALSE,FALSE,FALSE,TRUE,TRUE,FALSE,FALSE,FALSE,FALSE,FALSE,877
,Nether Star,nether_star,FALSE,FALSE,FALSE,64,TRUE,TRUE,TRUE,FALSE,FALSE,N/A,N/A,N/A,N/A,1,0,1,4,N/A,N/A,N/A,FALSE,FALSE,FALSE,N/A,N/A,FALSE,TRUE,FALSE,FALSE,FALSE,FALSE,FALSE,FALSE,FALSE,TRUE,FALSE,FALSE,FALSE,FALSE,FALSE,FALSE,FALSE,FALSE,FALSE,TRUE,FALSE,FALSE,FALSE,878
,Beacon,beacon,FALSE,FALSE,FALSE,64,TRUE,FALSE,FALSE,TRUE,FALSE,N/A,N/A,N/A,N/A,1,0,1,4,N/A,N/A,N/A,FALSE,FALSE,FALSE,N/A,N/A,FALSE,FALSE,FALSE,FALSE,FALSE,FALSE,FALSE,FALSE,FALSE,FALSE,TRUE,FALSE,FALSE,FALSE,FALSE,FALSE,TRUE,FALSE,FALSE,TRUE,FALSE,FALSE,FALSE,879
,Nautilus Shell,nautlius_shell,FALSE,FALSE,FALSE,64,TRUE,TRUE,FALSE,FALSE,FALSE,N/A,N/A,N/A,N/A,1,0,1,4,N/A,N/A,N/A,FALSE,FALSE,FALSE,N/A,N/A,FALSE,FALSE,FALSE,FALSE,FALSE,FALSE,FALSE,TRUE,FALSE,TRUE,FALSE,FALSE,FALSE,FALSE,FALSE,FALSE,FALSE,FALSE,TRUE,FALSE,FALSE,FALSE,FALSE,880
,Heart Of The Sea,heart_of_the_sea,FALSE,FALSE,FALSE,64,FALSE,FALSE,FALSE,FALSE,FALSE,N/A,N/A,N/A,N/A,1,0,1,4,N/A,N/A,N/A,FALSE,FALSE,FALSE,N/A,N/A,FALSE,FALSE,FALSE,FALSE,FALSE,FALSE,FALSE,FALSE,FALSE,TRUE,FALSE,FALSE,FALSE,FALSE,FALSE,FALSE,FALSE,FALSE,TRUE,FALSE,FALSE,FALSE,FALSE,881
,Conduit,conduit,FALSE,FALSE,FALSE,64,FALSE,FALSE,FALSE,TRUE,FALSE,N/A,N/A,N/A,N/A,1,0,1,4,N/A,N/A,N/A,FALSE,FALSE,FALSE,N/A,N/A,FALSE,FALSE,FALSE,FALSE,FALSE,FALSE,FALSE,FALSE,FALSE,FALSE,TRUE,FALSE,FALSE,FALSE,FALSE,FALSE,TRUE,FALSE,TRUE,FALSE,FALSE,FALSE,FALSE,882
,End Rod,end_rod,FALSE,FALSE,FALSE,64,TRUE,TRUE,TRUE,TRUE,FALSE,N/A,N/A,N/A,N/A,1,0,1,4,N/A,N/A,N/A,FALSE,FALSE,FALSE,N/A,N/A,FALSE,FALSE,FALSE,FALSE,FALSE,FALSE,FALSE,FALSE,FALSE,FALSE,TRUE,FALSE,FALSE,FALSE,FALSE,FALSE,TRUE,TRUE,FALSE,FALSE,FALSE,FALSE,FALSE,883
,Torch,torch,FALSE,FALSE,FALSE,64,TRUE,TRUE,FALSE,TRUE,FALSE,N/A,N/A,N/A,N/A,1,0,1,4,N/A,N/A,N/A,FALSE,FALSE,FALSE,N/A,N/A,FALSE,FALSE,FALSE,FALSE,FALSE,FALSE,FALSE,FALSE,FALSE,TRUE,TRUE,FALSE,FALSE,FALSE,FALSE,FALSE,TRUE,TRUE,FALSE,FALSE,FALSE,TRUE,FALSE,884
,Soul Torch,soul_torch,FALSE,FALSE,FALSE,64,TRUE,TRUE,FALSE,TRUE,FALSE,N/A,N/A,N/A,N/A,1,0,1,4,N/A,N/A,N/A,FALSE,FALSE,FALSE,N/A,N/A,FALSE,FALSE,FALSE,FALSE,FALSE,FALSE,FALSE,FALSE,FALSE,TRUE,TRUE,FALSE,FALSE,FALSE,FALSE,FALSE,TRUE,TRUE,FALSE,FALSE,FALSE,TRUE,FALSE,885
,Lantern,lantern,FALSE,FALSE,FALSE,64,TRUE,TRUE,FALSE,TRUE,FALSE,N/A,N/A,N/A,N/A,1,0,1,4,N/A,N/A,N/A,FALSE,FALSE,FALSE,N/A,N/A,FALSE,FALSE,FALSE,FALSE,FALSE,TRUE,FALSE,FALSE,FALSE,FALSE,TRUE,FALSE,FALSE,FALSE,FALSE,FALSE,TRUE,TRUE,FALSE,FALSE,FALSE,TRUE,FALSE,886
,Soul Lantern,soul_lantern,FALSE,FALSE,FALSE,64,TRUE,TRUE,FALSE,TRUE,FALSE,N/A,N/A,N/A,N/A,1,0,1,4,N/A,N/A,N/A,FALSE,FALSE,FALSE,N/A,N/A,FALSE,FALSE,FALSE,FALSE,FALSE,FALSE,FALSE,FALSE,FALSE,FALSE,TRUE,FALSE,FALSE,FALSE,FALSE,FALSE,TRUE,TRUE,FALSE,FALSE,FALSE,TRUE,FALSE,887
,Campfire,campfire,FALSE,FALSE,FALSE,64,TRUE,TRUE,FALSE,TRUE,FALSE,N/A,N/A,N/A,N/A,1,0,1,4,N/A,N/A,N/A,FALSE,FALSE,FALSE,N/A,N/A,FALSE,FALSE,FALSE,FALSE,FALSE,TRUE,FALSE,FALSE,FALSE,FALSE,TRUE,FALSE,FALSE,FALSE,FALSE,FALSE,TRUE,TRUE,FALSE,FALSE,FALSE,TRUE,FALSE,888
,Soul Campfire,soul_campfire,FALSE,FALSE,FALSE,64,TRUE,TRUE,FALSE,TRUE,FALSE,N/A,N/A,N/A,N/A,1,0,1,4,N/A,N/A,N/A,FALSE,FALSE,FALSE,N/A,N/A,FALSE,FALSE,FALSE,FALSE,FALSE,FALSE,FALSE,FALSE,FALSE,FALSE,TRUE,FALSE,FALSE,FALSE,FALSE,FALSE,TRUE,TRUE,FALSE,FALSE,FALSE,TRUE,FALSE,889
,Redstone Torch,redstone_torch,FALSE,FALSE,FALSE,64,TRUE,TRUE,FALSE,TRUE,FALSE,N/A,N/A,N/A,N/A,1,0,1,4,N/A,N/A,N/A,FALSE,FALSE,FALSE,N/A,N/A,FALSE,FALSE,FALSE,FALSE,FALSE,FALSE,FALSE,FALSE,FALSE,TRUE,TRUE,FALSE,FALSE,FALSE,FALSE,FALSE,TRUE,TRUE,FALSE,FALSE,FALSE,TRUE,FALSE,890
,Redstone Repeater,repeater,FALSE,FALSE,FALSE,64,TRUE,TRUE,FALSE,TRUE,FALSE,N/A,N/A,N/A,N/A,1,0,1,4,N/A,N/A,N/A,FALSE,FALSE,FALSE,N/A,N/A,FALSE,FALSE,FALSE,FALSE,FALSE,FALSE,FALSE,FALSE,FALSE,FALSE,TRUE,FALSE,FALSE,FALSE,FALSE,FALSE,TRUE,TRUE,FALSE,FALSE,FALSE,TRUE,FALSE,891
,Redstone Comparator,comparator,FALSE,FALSE,FALSE,64,TRUE,TRUE,FALSE,TRUE,FALSE,N/A,N/A,N/A,N/A,1,0,1,4,N/A,N/A,N/A,FALSE,FALSE,FALSE,N/A,N/A,FALSE,FALSE,FALSE,FALSE,FALSE,FALSE,FALSE,FALSE,FALSE,FALSE,TRUE,FALSE,FALSE,FALSE,FALSE,FALSE,TRUE,TRUE,FALSE,FALSE,FALSE,TRUE,FALSE,892
,Lever,lever,FALSE,FALSE,FALSE,64,TRUE,TRUE,FALSE,TRUE,FALSE,N/A,N/A,N/A,N/A,1,0,1,4,N/A,N/A,N/A,FALSE,FALSE,FALSE,N/A,N/A,FALSE,FALSE,FALSE,FALSE,FALSE,FALSE,FALSE,FALSE,FALSE,FALSE,TRUE,FALSE,FALSE,FALSE,FALSE,FALSE,TRUE,TRUE,FALSE,FALSE,FALSE,TRUE,FALSE,893
,Hopper,hopper,FALSE,FALSE,FALSE,64,TRUE,TRUE,FALSE,TRUE,FALSE,N/A,N/A,N/A,N/A,1,0,1,4,N/A,N/A,N/A,FALSE,FALSE,FALSE,N/A,N/A,FALSE,FALSE,FALSE,FALSE,FALSE,FALSE,FALSE,FALSE,FALSE,TRUE,TRUE,FALSE,FALSE,FALSE,FALSE,FALSE,TRUE,TRUE,FALSE,FALSE,FALSE,TRUE,FALSE,894
,Observer,observer,FALSE,FALSE,FALSE,64,TRUE,TRUE,FALSE,TRUE,FALSE,N/A,N/A,N/A,N/A,1,0,1,4,N/A,N/A,N/A,FALSE,FALSE,FALSE,N/A,N/A,FALSE,FALSE,FALSE,FALSE,FALSE,FALSE,FALSE,FALSE,FALSE,FALSE,TRUE,FALSE,FALSE,FALSE,FALSE,FALSE,TRUE,TRUE,FALSE,FALSE,FALSE,FALSE,FALSE,895
,Dispenser,dispenser,FALSE,FALSE,FALSE,64,TRUE,TRUE,FALSE,TRUE,FALSE,N/A,N/A,N/A,N/A,1,0,1,4,N/A,N/A,N/A,FALSE,FALSE,FALSE,N/A,N/A,FALSE,FALSE,FALSE,FALSE,FALSE,FALSE,FALSE,FALSE,FALSE,FALSE,TRUE,FALSE,FALSE,FALSE,FALSE,FALSE,TRUE,TRUE,FALSE,FALSE,FALSE,FALSE,FALSE,896
,Dropper,dropper,FALSE,FALSE,FALSE,64,TRUE,TRUE,FALSE,TRUE,FALSE,N/A,N/A,N/A,N/A,1,0,1,4,N/A,N/A,N/A,FALSE,FALSE,FALSE,N/A,N/A,FALSE,FALSE,FALSE,FALSE,FALSE,FALSE,FALSE,FALSE,FALSE,FALSE,TRUE,FALSE,FALSE,FALSE,FALSE,FALSE,TRUE,TRUE,FALSE,FALSE,FALSE,FALSE,FALSE,897
,Crafter,crafter,FALSE,FALSE,FALSE,64,TRUE,TRUE,FALSE,TRUE,FALSE,N/A,N/A,N/A,N/A,1,0,1,4,N/A,N/A,N/A,FALSE,FALSE,FALSE,N/A,N/A,FALSE,FALSE,FALSE,FALSE,FALSE,FALSE,FALSE,FALSE,FALSE,FALSE,TRUE,FALSE,FALSE,FALSE,FALSE,FALSE,TRUE,TRUE,FALSE,FALSE,FALSE,FALSE,FALSE,898
,Piston,piston,FALSE,FALSE,FALSE,64,TRUE,TRUE,FALSE,TRUE,FALSE,N/A,N/A,N/A,N/A,1,0,1,4,N/A,N/A,N/A,FALSE,FALSE,FALSE,N/A,N/A,FALSE,FALSE,FALSE,FALSE,FALSE,FALSE,FALSE,FALSE,FALSE,TRUE,TRUE,FALSE,FALSE,FALSE,FALSE,FALSE,TRUE,TRUE,FALSE,FALSE,FALSE,FALSE,FALSE,899
,Sticky Piston,sticky_piston,FALSE,FALSE,FALSE,64,TRUE,TRUE,FALSE,TRUE,FALSE,N/A,N/A,N/A,N/A,1,0,1,4,N/A,N/A,N/A,FALSE,FALSE,FALSE,N/A,N/A,FALSE,FALSE,FALSE,FALSE,FALSE,FALSE,FALSE,FALSE,FALSE,FALSE,TRUE,FALSE,FALSE,FALSE,FALSE,FALSE,TRUE,TRUE,FALSE,FALSE,FALSE,FALSE,FALSE,900
,Note Block,note_block,FALSE,FALSE,FALSE,64,TRUE,TRUE,FALSE,TRUE,FALSE,N/A,15,N/A,N/A,1,0,1,4,N/A,N/A,N/A,FALSE,FALSE,FALSE,N/A,N/A,FALSE,FALSE,FALSE,FALSE,FALSE,FALSE,FALSE,FALSE,FALSE,FALSE,TRUE,FALSE,FALSE,FALSE,FALSE,FALSE,TRUE,TRUE,FALSE,FALSE,FALSE,FALSE,FALSE,901
,TNT,tnt,FALSE,FALSE,FALSE,64,TRUE,FALSE,FALSE,TRUE,TRUE,N/A,N/A,N/A,N/A,1,0,1,4,N/A,N/A,N/A,FALSE,FALSE,FALSE,N/A,N/A,FALSE,FALSE,FALSE,TRUE,FALSE,FALSE,FALSE,FALSE,FALSE,TRUE,TRUE,FALSE,FALSE,FALSE,FALSE,FALSE,TRUE,TRUE,FALSE,FALSE,FALSE,FALSE,FALSE,902
,Redstone Lamp,redstone_lamp,FALSE,FALSE,FALSE,64,TRUE,TRUE,FALSE,TRUE,FALSE,N/A,N/A,N/A,N/A,1,0,1,4,N/A,N/A,N/A,FALSE,FALSE,FALSE,N/A,N/A,FALSE,FALSE,FALSE,FALSE,FALSE,FALSE,FALSE,FALSE,FALSE,FALSE,TRUE,FALSE,FALSE,FALSE,FALSE,FALSE,TRUE,TRUE,FALSE,FALSE,FALSE,FALSE,FALSE,903
,Daylight Detector,daylight_detector,FALSE,FALSE,FALSE,64,TRUE,TRUE,FALSE,TRUE,FALSE,N/A,15,N/A,N/A,1,0,1,4,N/A,N/A,N/A,FALSE,FALSE,FALSE,N/A,N/A,FALSE,FALSE,FALSE,FALSE,FALSE,FALSE,FALSE,FALSE,FALSE,FALSE,TRUE,FALSE,FALSE,FALSE,FALSE,FALSE,TRUE,TRUE,FALSE,FALSE,FALSE,FALSE,FALSE,904
,Tripwire Hook,tripwire_hook,FALSE,FALSE,FALSE,64,TRUE,TRUE,FALSE,TRUE,FALSE,N/A,N/A,N/A,N/A,1,0,1,4,N/A,N/A,N/A,FALSE,FALSE,FALSE,N/A,N/A,FALSE,FALSE,FALSE,FALSE,FALSE,FALSE,TRUE,FALSE,FALSE,TRUE,TRUE,FALSE,FALSE,FALSE,FALSE,FALSE,TRUE,TRUE,FALSE,FALSE,FALSE,TRUE,FALSE,905
,Lightning Rod,lightning_rod,FALSE,FALSE,FALSE,64,TRUE,TRUE,FALSE,TRUE,FALSE,N/A,N/A,N/A,N/A,1,0,1,4,N/A,N/A,N/A,FALSE,FALSE,FALSE,N/A,N/A,FALSE,FALSE,FALSE,FALSE,FALSE,FALSE,FALSE,FALSE,FALSE,FALSE,TRUE,FALSE,FALSE,FALSE,FALSE,FALSE,TRUE,TRUE,FALSE,FALSE,FALSE,FALSE,FALSE,906
,Target,target,FALSE,FALSE,FALSE,64,TRUE,TRUE,FALSE,TRUE,FALSE,N/A,N/A,N/A,N/A,1,0,1,4,N/A,N/A,N/A,FALSE,FALSE,FALSE,N/A,N/A,FALSE,FALSE,FALSE,FALSE,FALSE,FALSE,FALSE,FALSE,FALSE,FALSE,TRUE,FALSE,FALSE,FALSE,FALSE,FALSE,TRUE,TRUE,FALSE,FALSE,FALSE,FALSE,FALSE,907
,Rail,rail,FALSE,FALSE,FALSE,64,TRUE,TRUE,FALSE,TRUE,FALSE,N/A,N/A,N/A,N/A,1,0,1,4,N/A,N/A,N/A,FALSE,FALSE,FALSE,N/A,N/A,FALSE,FALSE,FALSE,FALSE,FALSE,FALSE,FALSE,FALSE,FALSE,FALSE,TRUE,FALSE,FALSE,FALSE,FALSE,FALSE,TRUE,TRUE,FALSE,FALSE,FALSE,TRUE,FALSE,908
,Powered Rail,powered_rail,FALSE,FALSE,FALSE,64,TRUE,TRUE,FALSE,TRUE,FALSE,N/A,N/A,N/A,N/A,1,0,1,4,N/A,N/A,N/A,FALSE,FALSE,FALSE,N/A,N/A,FALSE,FALSE,FALSE,FALSE,FALSE,FALSE,FALSE,FALSE,FALSE,FALSE,TRUE,FALSE,FALSE,FALSE,FALSE,FALSE,TRUE,TRUE,FALSE,FALSE,FALSE,TRUE,FALSE,909
,Detector Rail,detector_rail,FALSE,FALSE,FALSE,64,TRUE,TRUE,FALSE,TRUE,FALSE,N/A,N/A,N/A,N/A,1,0,1,4,N/A,N/A,N/A,FALSE,FALSE,FALSE,N/A,N/A,FALSE,FALSE,FALSE,FALSE,FALSE,FALSE,FALSE,FALSE,FALSE,FALSE,TRUE,FALSE,FALSE,FALSE,FALSE,FALSE,TRUE,TRUE,FALSE,FALSE,FALSE,TRUE,FALSE,910
,Activator Rail,activator_rail,FALSE,FALSE,FALSE,64,TRUE,TRUE,FALSE,TRUE,FALSE,N/A,N/A,N/A,N/A,1,0,1,4,N/A,N/A,N/A,FALSE,FALSE,FALSE,N/A,N/A,FALSE,FALSE,FALSE,FALSE,FALSE,FALSE,FALSE,FALSE,FALSE,FALSE,TRUE,FALSE,FALSE,FALSE,FALSE,FALSE,TRUE,TRUE,FALSE,FALSE,FALSE,TRUE,FALSE,911
,Minecart,minecart,FALSE,FALSE,FALSE,1,TRUE,TRUE,FALSE,FALSE,TRUE,N/A,N/A,N/A,N/A,1,0,1,4,N/A,N/A,N/A,FALSE,FALSE,FALSE,N/A,N/A,FALSE,FALSE,FALSE,TRUE,FALSE,FALSE,FALSE,FALSE,FALSE,TRUE,TRUE,FALSE,FALSE,FALSE,FALSE,FALSE,TRUE,TRUE,FALSE,FALSE,FALSE,FALSE,FALSE,912
,Minecart With Chest,chest_minecart,FALSE,FALSE,FALSE,1,TRUE,TRUE,FALSE,FALSE,TRUE,N/A,N/A,N/A,N/A,1,0,1,4,N/A,N/A,N/A,FALSE,FALSE,FALSE,N/A,N/A,FALSE,FALSE,FALSE,TRUE,FALSE,FALSE,FALSE,FALSE,FALSE,FALSE,TRUE,FALSE,FALSE,FALSE,FALSE,FALSE,TRUE,TRUE,FALSE,FALSE,FALSE,FALSE,FALSE,913
,Minecart With Hopper,hopper_minecart,FALSE,FALSE,FALSE,1,TRUE,TRUE,FALSE,FALSE,TRUE,N/A,N/A,N/A,N/A,1,0,1,4,N/A,N/A,N/A,FALSE,FALSE,FALSE,N/A,N/A,FALSE,FALSE,FALSE,TRUE,FALSE,FALSE,FALSE,FALSE,FALSE,FALSE,TRUE,FALSE,FALSE,FALSE,FALSE,FALSE,TRUE,TRUE,FALSE,FALSE,FALSE,FALSE,FALSE,914
,Minecart With TNT,tnt_minecart,FALSE,FALSE,FALSE,1,TRUE,FALSE,FALSE,FALSE,TRUE,N/A,N/A,N/A,N/A,1,0,1,4,N/A,N/A,N/A,FALSE,FALSE,FALSE,N/A,N/A,FALSE,FALSE,FALSE,TRUE,FALSE,FALSE,FALSE,FALSE,FALSE,FALSE,TRUE,FALSE,FALSE,FALSE,FALSE,FALSE,TRUE,TRUE,FALSE,FALSE,FALSE,FALSE,FALSE,915
,Minecart With Furnace,furnace_minecart,FALSE,FALSE,FALSE,1,TRUE,TRUE,FALSE,FALSE,TRUE,N/A,N/A,N/A,N/A,1,0,1,4,N/A,N/A,N/A,FALSE,FALSE,FALSE,N/A,N/A,FALSE,FALSE,FALSE,TRUE,FALSE,FALSE,FALSE,FALSE,FALSE,FALSE,TRUE,FALSE,FALSE,FALSE,FALSE,FALSE,TRUE,TRUE,FALSE,FALSE,FALSE,FALSE,FALSE,916
,Minecart With Command Block,command_block_minecart,TRUE,TRUE,FALSE,1,FALSE,FALSE,FALSE,FALSE,TRUE,N/A,N/A,N/A,N/A,1,0,1,4,N/A,N/A,N/A,FALSE,FALSE,FALSE,N/A,N/A,FALSE,FALSE,FALSE,TRUE,FALSE,FALSE,FALSE,FALSE,FALSE,FALSE,FALSE,FALSE,FALSE,FALSE,FALSE,FALSE,TRUE,FALSE,FALSE,FALSE,TRUE,FALSE,FALSE,917
,Sculk Vein,sculk_vein,FALSE,FALSE,FALSE,64,TRUE,TRUE,FALSE,TRUE,FALSE,N/A,N/A,N/A,N/A,1,0,1,4,N/A,N/A,N/A,FALSE,FALSE,FALSE,N/A,N/A,FALSE,FALSE,FALSE,FALSE,FALSE,FALSE,FALSE,FALSE,FALSE,FALSE,FALSE,FALSE,FALSE,FALSE,FALSE,FALSE,TRUE,TRUE,FALSE,FALSE,FALSE,FALSE,FALSE,918
,Sculk,sculk,FALSE,FALSE,FALSE,64,TRUE,TRUE,FALSE,TRUE,FALSE,N/A,N/A,N/A,N/A,1,0,1,4,N/A,N/A,N/A,FALSE,FALSE,FALSE,N/A,N/A,FALSE,FALSE,FALSE,FALSE,FALSE,FALSE,FALSE,FALSE,FALSE,FALSE,FALSE,FALSE,FALSE,FALSE,FALSE,FALSE,TRUE,TRUE,FALSE,FALSE,FALSE,FALSE,FALSE,919
,Sculk Sensor,sculk_sensor,FALSE,FALSE,FALSE,64,TRUE,TRUE,FALSE,TRUE,FALSE,N/A,N/A,N/A,N/A,1,0,1,4,N/A,N/A,N/A,FALSE,FALSE,FALSE,N/A,N/A,FALSE,FALSE,FALSE,FALSE,FALSE,FALSE,FALSE,FALSE,FALSE,FALSE,FALSE,FALSE,FALSE,FALSE,FALSE,FALSE,TRUE,TRUE,FALSE,FALSE,FALSE,FALSE,FALSE,920
,Calibrated Sculk Sensor,calibrated_sculk_sensor,FALSE,FALSE,FALSE,64,TRUE,TRUE,FALSE,TRUE,FALSE,N/A,N/A,N/A,N/A,1,0,1,4,N/A,N/A,N/A,FALSE,FALSE,FALSE,N/A,N/A,FALSE,FALSE,FALSE,FALSE,FALSE,FALSE,FALSE,FALSE,FALSE,FALSE,TRUE,FALSE,FALSE,FALSE,FALSE,FALSE,TRUE,TRUE,FALSE,FALSE,FALSE,FALSE,FALSE,921
,Sculk Catalyst,sculk_catalyst,FALSE,FALSE,FALSE,64,TRUE,TRUE,FALSE,TRUE,FALSE,N/A,N/A,N/A,N/A,1,0,1,4,N/A,N/A,N/A,FALSE,FALSE,FALSE,N/A,N/A,FALSE,FALSE,FALSE,FALSE,FALSE,FALSE,FALSE,FALSE,FALSE,FALSE,FALSE,FALSE,FALSE,FALSE,FALSE,FALSE,TRUE,TRUE,FALSE,FALSE,FALSE,FALSE,FALSE,922
,Sculk Shrieker,sculk_shrieker,FALSE,FALSE,FALSE,64,TRUE,TRUE,FALSE,TRUE,FALSE,N/A,N/A,N/A,N/A,1,0,1,4,N/A,N/A,N/A,FALSE,FALSE,FALSE,N/A,N/A,FALSE,FALSE,FALSE,FALSE,FALSE,FALSE,FALSE,FALSE,FALSE,FALSE,FALSE,FALSE,FALSE,FALSE,FALSE,FALSE,TRUE,TRUE,FALSE,FALSE,FALSE,FALSE,FALSE,923
,Red Mushroom,red_mushroom,FALSE,FALSE,FALSE,64,TRUE,TRUE,FALSE,TRUE,FALSE,N/A,N/A,N/A,N/A,1,0,1,4,N/A,N/A,N/A,FALSE,FALSE,FALSE,N/A,N/A,FALSE,FALSE,FALSE,FALSE,FALSE,FALSE,FALSE,TRUE,FALSE,TRUE,FALSE,FALSE,FALSE,FALSE,FALSE,FALSE,TRUE,TRUE,FALSE,FALSE,FALSE,TRUE,FALSE,924
,Brown Mushroom,brown_mushroom,FALSE,FALSE,FALSE,64,TRUE,TRUE,FALSE,TRUE,FALSE,N/A,N/A,N/A,N/A,1,0,1,4,N/A,N/A,N/A,FALSE,FALSE,FALSE,N/A,N/A,FALSE,FALSE,FALSE,FALSE,FALSE,FALSE,FALSE,TRUE,FALSE,TRUE,FALSE,FALSE,FALSE,FALSE,FALSE,FALSE,TRUE,TRUE,FALSE,FALSE,FALSE,TRUE,FALSE,925
,Red Mushroom Block,red_mushroom_block,FALSE,FALSE,FALSE,64,TRUE,TRUE,FALSE,TRUE,FALSE,N/A,N/A,N/A,N/A,1,0,1,4,N/A,N/A,N/A,FALSE,FALSE,FALSE,N/A,N/A,FALSE,FALSE,FALSE,FALSE,FALSE,FALSE,FALSE,FALSE,FALSE,FALSE,FALSE,FALSE,FALSE,FALSE,FALSE,FALSE,TRUE,TRUE,FALSE,FALSE,FALSE,FALSE,FALSE,926
,Brown Mushroom Block,brown_mushroom_block,FALSE,FALSE,FALSE,64,TRUE,TRUE,FALSE,TRUE,FALSE,N/A,N/A,N/A,N/A,1,0,1,4,N/A,N/A,N/A,FALSE,FALSE,FALSE,N/A,N/A,FALSE,FALSE,FALSE,FALSE,FALSE,FALSE,FALSE,FALSE,FALSE,FALSE,FALSE,FALSE,FALSE,FALSE,FALSE,FALSE,TRUE,TRUE,FALSE,FALSE,FALSE,FALSE,FALSE,927
,Mushroom Stem,mushroom_stem,FALSE,FALSE,FALSE,64,TRUE,TRUE,FALSE,TRUE,FALSE,N/A,N/A,N/A,N/A,1,0,1,4,N/A,N/A,N/A,FALSE,FALSE,FALSE,N/A,N/A,FALSE,FALSE,FALSE,FALSE,FALSE,FALSE,FALSE,FALSE,FALSE,FALSE,FALSE,FALSE,FALSE,FALSE,FALSE,FALSE,TRUE,TRUE,FALSE,FALSE,FALSE,FALSE,FALSE,928
,Oak Sapling,oak_sapling,FALSE,FALSE,FALSE,64,TRUE,TRUE,TRUE,TRUE,FALSE,N/A,5,N/A,N/A,1,0,1,4,N/A,N/A,N/A,FALSE,FALSE,FALSE,N/A,N/A,FALSE,FALSE,FALSE,FALSE,FALSE,FALSE,FALSE,TRUE,FALSE,FALSE,FALSE,FALSE,FALSE,FALSE,FALSE,FALSE,TRUE,TRUE,FALSE,FALSE,FALSE,TRUE,FALSE,929
,Birch Sapling,birch_sapling,FALSE,FALSE,FALSE,64,TRUE,TRUE,TRUE,TRUE,FALSE,N/A,5,N/A,N/A,1,0,1,4,N/A,N/A,N/A,FALSE,FALSE,FALSE,N/A,N/A,FALSE,FALSE,FALSE,FALSE,FALSE,FALSE,FALSE,TRUE,FALSE,FALSE,FALSE,FALSE,FALSE,FALSE,FALSE,FALSE,TRUE,TRUE,FALSE,FALSE,FALSE,TRUE,FALSE,930
,Spruce Sapling,spruce_sapling,FALSE,FALSE,FALSE,64,TRUE,TRUE,TRUE,TRUE,FALSE,N/A,5,N/A,N/A,1,0,1,4,N/A,N/A,N/A,FALSE,FALSE,FALSE,N/A,N/A,FALSE,FALSE,FALSE,FALSE,FALSE,FALSE,FALSE,TRUE,FALSE,FALSE,FALSE,FALSE,FALSE,FALSE,FALSE,FALSE,TRUE,TRUE,FALSE,FALSE,FALSE,TRUE,FALSE,931
,Jungle Sapling,jungle_sapling,FALSE,FALSE,FALSE,64,TRUE,TRUE,TRUE,TRUE,FALSE,N/A,5,N/A,N/A,1,0,1,4,N/A,N/A,N/A,FALSE,FALSE,FALSE,N/A,N/A,FALSE,FALSE,FALSE,FALSE,FALSE,FALSE,FALSE,TRUE,FALSE,FALSE,FALSE,FALSE,FALSE,FALSE,FALSE,FALSE,TRUE,TRUE,FALSE,FALSE,FALSE,TRUE,FALSE,932
,Dark Oak Sapling,dark_oak_sapling,FALSE,FALSE,FALSE,64,TRUE,TRUE,TRUE,TRUE,FALSE,N/A,5,N/A,N/A,1,0,1,4,N/A,N/A,N/A,FALSE,FALSE,FALSE,N/A,N/A,FALSE,FALSE,FALSE,FALSE,FALSE,FALSE,FALSE,TRUE,FALSE,FALSE,FALSE,FALSE,FALSE,FALSE,FALSE,FALSE,TRUE,TRUE,FALSE,FALSE,FALSE,TRUE,FALSE,933
,Acacia Sapling,acacia_sapling,FALSE,FALSE,FALSE,64,TRUE,TRUE,TRUE,TRUE,FALSE,N/A,5,N/A,N/A,1,0,1,4,N/A,N/A,N/A,FALSE,FALSE,FALSE,N/A,N/A,FALSE,FALSE,FALSE,FALSE,FALSE,FALSE,FALSE,TRUE,FALSE,FALSE,FALSE,FALSE,FALSE,FALSE,FALSE,FALSE,TRUE,TRUE,FALSE,FALSE,FALSE,TRUE,FALSE,934
,Mangrove Propagule,mangrove_propagule,FALSE,FALSE,FALSE,64,TRUE,TRUE,FALSE,TRUE,FALSE,N/A,5,N/A,N/A,1,0,1,4,N/A,N/A,N/A,FALSE,FALSE,FALSE,N/A,N/A,FALSE,FALSE,TRUE,FALSE,FALSE,FALSE,FALSE,TRUE,FALSE,FALSE,FALSE,FALSE,FALSE,FALSE,FALSE,FALSE,TRUE,TRUE,FALSE,FALSE,FALSE,TRUE,FALSE,935
,Cherry Sapling,cherry_sapling,FALSE,FALSE,FALSE,64,TRUE,TRUE,TRUE,TRUE,FALSE,N/A,5,N/A,N/A,1,0,1,4,N/A,N/A,N/A,FALSE,FALSE,FALSE,N/A,N/A,FALSE,FALSE,FALSE,FALSE,FALSE,FALSE,FALSE,TRUE,FALSE,FALSE,FALSE,FALSE,FALSE,FALSE,FALSE,FALSE,TRUE,TRUE,FALSE,FALSE,FALSE,TRUE,FALSE,936
,Oak Leaves,oak_leaves,FALSE,FALSE,FALSE,64,TRUE,TRUE,TRUE,TRUE,FALSE,N/A,N/A,N/A,N/A,1,0,1,4,N/A,N/A,N/A,FALSE,FALSE,FALSE,N/A,N/A,FALSE,FALSE,FALSE,FALSE,FALSE,FALSE,FALSE,FALSE,FALSE,FALSE,FALSE,FALSE,FALSE,FALSE,FALSE,FALSE,TRUE,TRUE,FALSE,FALSE,FALSE,FALSE,FALSE,937
,Birch Leaves,birch_leaves,FALSE,FALSE,FALSE,64,TRUE,TRUE,TRUE,TRUE,FALSE,N/A,N/A,N/A,N/A,1,0,1,4,N/A,N/A,N/A,FALSE,FALSE,FALSE,N/A,N/A,FALSE,FALSE,FALSE,FALSE,FALSE,FALSE,FALSE,FALSE,FALSE,FALSE,FALSE,FALSE,FALSE,FALSE,FALSE,FALSE,TRUE,TRUE,FALSE,FALSE,FALSE,FALSE,FALSE,938
,Spruce Leaves,spruce_leaves,FALSE,FALSE,FALSE,64,TRUE,TRUE,TRUE,TRUE,FALSE,N/A,N/A,N/A,N/A,1,0,1,4,N/A,N/A,N/A,FALSE,FALSE,FALSE,N/A,N/A,FALSE,FALSE,FALSE,FALSE,FALSE,FALSE,FALSE,FALSE,FALSE,FALSE,FALSE,FALSE,FALSE,FALSE,FALSE,FALSE,TRUE,TRUE,FALSE,FALSE,FALSE,FALSE,FALSE,939
,Jungle Leaves,jungle_leaves,FALSE,FALSE,FALSE,64,TRUE,TRUE,TRUE,TRUE,FALSE,N/A,N/A,N/A,N/A,1,0,1,4,N/A,N/A,N/A,FALSE,FALSE,FALSE,N/A,N/A,FALSE,FALSE,FALSE,FALSE,FALSE,FALSE,FALSE,FALSE,FALSE,FALSE,FALSE,FALSE,FALSE,FALSE,FALSE,FALSE,TRUE,TRUE,FALSE,FALSE,FALSE,FALSE,FALSE,940
,Dark Oak Leaves,dark_oak_leaves,FALSE,FALSE,FALSE,64,TRUE,TRUE,TRUE,TRUE,FALSE,N/A,N/A,N/A,N/A,1,0,1,4,N/A,N/A,N/A,FALSE,FALSE,FALSE,N/A,N/A,FALSE,FALSE,FALSE,FALSE,FALSE,FALSE,FALSE,FALSE,FALSE,FALSE,FALSE,FALSE,FALSE,FALSE,FALSE,FALSE,TRUE,TRUE,FALSE,FALSE,FALSE,FALSE,FALSE,941
,Acacia Leaves,acacia_leaves,FALSE,FALSE,FALSE,64,TRUE,TRUE,TRUE,TRUE,FALSE,N/A,N/A,N/A,N/A,1,0,1,4,N/A,N/A,N/A,FALSE,FALSE,FALSE,N/A,N/A,FALSE,FALSE,FALSE,FALSE,FALSE,FALSE,FALSE,FALSE,FALSE,FALSE,FALSE,FALSE,FALSE,FALSE,FALSE,FALSE,TRUE,TRUE,FALSE,FALSE,FALSE,FALSE,FALSE,942
,Mangrove Leaves,mangrove_leaves,FALSE,FALSE,FALSE,64,TRUE,TRUE,TRUE,TRUE,FALSE,N/A,N/A,N/A,N/A,1,0,1,4,N/A,N/A,N/A,FALSE,FALSE,FALSE,N/A,N/A,FALSE,FALSE,FALSE,FALSE,FALSE,FALSE,FALSE,FALSE,FALSE,FALSE,FALSE,FALSE,FALSE,FALSE,FALSE,FALSE,TRUE,TRUE,FALSE,FALSE,FALSE,FALSE,FALSE,943
,Cherry Leaves,cherry_leaves,FALSE,FALSE,FALSE,64,TRUE,TRUE,TRUE,TRUE,FALSE,N/A,N/A,N/A,N/A,1,0,1,4,N/A,N/A,N/A,FALSE,FALSE,FALSE,N/A,N/A,FALSE,FALSE,TRUE,FALSE,FALSE,FALSE,FALSE,FALSE,FALSE,FALSE,FALSE,FALSE,FALSE,FALSE,FALSE,FALSE,TRUE,TRUE,FALSE,FALSE,FALSE,FALSE,FALSE,944
,Azalea Leaves,azalea_leaves,FALSE,FALSE,FALSE,64,TRUE,TRUE,TRUE,TRUE,FALSE,N/A,N/A,N/A,N/A,1,0,1,4,N/A,N/A,N/A,FALSE,FALSE,FALSE,N/A,N/A,FALSE,FALSE,FALSE,FALSE,FALSE,FALSE,FALSE,FALSE,FALSE,FALSE,FALSE,FALSE,FALSE,FALSE,FALSE,FALSE,TRUE,TRUE,FALSE,FALSE,FALSE,FALSE,FALSE,945
,Flowering Azalea Leaves,flowering_azalea_leaves,FALSE,FALSE,FALSE,64,TRUE,TRUE,TRUE,TRUE,FALSE,N/A,N/A,N/A,N/A,1,0,1,4,N/A,N/A,N/A,FALSE,FALSE,FALSE,N/A,N/A,FALSE,FALSE,TRUE,FALSE,FALSE,FALSE,FALSE,FALSE,FALSE,FALSE,FALSE,FALSE,FALSE,FALSE,FALSE,FALSE,TRUE,TRUE,FALSE,FALSE,FALSE,FALSE,FALSE,946
,Dandelion,dandelion,FALSE,FALSE,FALSE,64,TRUE,TRUE,FALSE,TRUE,FALSE,N/A,N/A,N/A,N/A,1,0,1,4,N/A,N/A,N/A,FALSE,FALSE,FALSE,N/A,N/A,FALSE,FALSE,TRUE,FALSE,FALSE,FALSE,FALSE,TRUE,FALSE,TRUE,FALSE,FALSE,FALSE,FALSE,FALSE,FALSE,TRUE,TRUE,FALSE,FALSE,FALSE,TRUE,FALSE,947
,Poppy,poppy,FALSE,FALSE,FALSE,64,TRUE,TRUE,FALSE,TRUE,FALSE,N/A,N/A,N/A,N/A,1,0,1,4,N/A,N/A,N/A,FALSE,FALSE,FALSE,N/A,N/A,FALSE,FALSE,TRUE,FALSE,FALSE,FALSE,FALSE,TRUE,FALSE,TRUE,FALSE,FALSE,FALSE,FALSE,FALSE,FALSE,TRUE,TRUE,FALSE,FALSE,FALSE,TRUE,FALSE,948
,Blue Orchid,blue_orchid,FALSE,FALSE,FALSE,64,TRUE,TRUE,FALSE,TRUE,FALSE,N/A,N/A,N/A,N/A,1,0,1,4,N/A,N/A,N/A,FALSE,FALSE,FALSE,N/A,N/A,FALSE,FALSE,TRUE,FALSE,FALSE,FALSE,FALSE,TRUE,FALSE,TRUE,FALSE,FALSE,FALSE,FALSE,FALSE,FALSE,TRUE,TRUE,FALSE,FALSE,FALSE,TRUE,FALSE,949
,Allium,allium,FALSE,FALSE,FALSE,64,TRUE,TRUE,FALSE,TRUE,FALSE,N/A,N/A,N/A,N/A,1,0,1,4,N/A,N/A,N/A,FALSE,FALSE,FALSE,N/A,N/A,FALSE,FALSE,TRUE,FALSE,FALSE,FALSE,FALSE,TRUE,FALSE,TRUE,FALSE,FALSE,FALSE,FALSE,FALSE,FALSE,TRUE,TRUE,FALSE,FALSE,FALSE,TRUE,FALSE,950
,Azure Bluet,azure_bluet,FALSE,FALSE,FALSE,64,TRUE,TRUE,FALSE,TRUE,FALSE,N/A,N/A,N/A,N/A,1,0,1,4,N/A,N/A,N/A,FALSE,FALSE,FALSE,N/A,N/A,FALSE,FALSE,TRUE,FALSE,FALSE,FALSE,FALSE,TRUE,FALSE,TRUE,FALSE,FALSE,FALSE,FALSE,FALSE,FALSE,TRUE,TRUE,FALSE,FALSE,FALSE,TRUE,FALSE,951
,Red Tulip,red_tulip,FALSE,FALSE,FALSE,64,TRUE,TRUE,FALSE,TRUE,FALSE,N/A,N/A,N/A,N/A,1,0,1,4,N/A,N/A,N/A,FALSE,FALSE,FALSE,N/A,N/A,FALSE,FALSE,TRUE,FALSE,FALSE,FALSE,FALSE,TRUE,FALSE,TRUE,FALSE,FALSE,FALSE,FALSE,FALSE,FALSE,TRUE,TRUE,FALSE,FALSE,FALSE,TRUE,FALSE,952
,Orange Tulip,orange_tulip,FALSE,FALSE,FALSE,64,TRUE,TRUE,FALSE,TRUE,FALSE,N/A,N/A,N/A,N/A,1,0,1,4,N/A,N/A,N/A,FALSE,FALSE,FALSE,N/A,N/A,FALSE,FALSE,TRUE,FALSE,FALSE,FALSE,FALSE,TRUE,FALSE,TRUE,FALSE,FALSE,FALSE,FALSE,FALSE,FALSE,TRUE,TRUE,FALSE,FALSE,FALSE,TRUE,FALSE,953
,White Tulip,white_tulip,FALSE,FALSE,FALSE,64,TRUE,TRUE,FALSE,TRUE,FALSE,N/A,N/A,N/A,N/A,1,0,1,4,N/A,N/A,N/A,FALSE,FALSE,FALSE,N/A,N/A,FALSE,FALSE,TRUE,FALSE,FALSE,FALSE,FALSE,TRUE,FALSE,TRUE,FALSE,FALSE,FALSE,FALSE,FALSE,FALSE,TRUE,TRUE,FALSE,FALSE,FALSE,TRUE,FALSE,954
,Pink Tulip,pink_tulip,FALSE,FALSE,FALSE,64,TRUE,TRUE,FALSE,TRUE,FALSE,N/A,N/A,N/A,N/A,1,0,1,4,N/A,N/A,N/A,FALSE,FALSE,FALSE,N/A,N/A,FALSE,FALSE,TRUE,FALSE,FALSE,FALSE,FALSE,TRUE,FALSE,TRUE,FALSE,FALSE,FALSE,FALSE,FALSE,FALSE,TRUE,TRUE,FALSE,FALSE,FALSE,TRUE,FALSE,955
,Oxeye Daisy,oxeye_daisy,FALSE,FALSE,FALSE,64,TRUE,TRUE,FALSE,TRUE,FALSE,N/A,N/A,N/A,N/A,1,0,1,4,N/A,N/A,N/A,FALSE,FALSE,FALSE,N/A,N/A,FALSE,FALSE,TRUE,FALSE,FALSE,FALSE,FALSE,TRUE,FALSE,TRUE,FALSE,FALSE,FALSE,FALSE,FALSE,FALSE,TRUE,TRUE,FALSE,FALSE,FALSE,TRUE,FALSE,956
,Cornflower,cornflower,FALSE,FALSE,FALSE,64,TRUE,TRUE,FALSE,TRUE,FALSE,N/A,N/A,N/A,N/A,1,0,1,4,N/A,N/A,N/A,FALSE,FALSE,FALSE,N/A,N/A,FALSE,FALSE,TRUE,FALSE,FALSE,FALSE,FALSE,TRUE,FALSE,TRUE,FALSE,FALSE,FALSE,FALSE,FALSE,FALSE,TRUE,TRUE,FALSE,FALSE,FALSE,TRUE,FALSE,957
,Lily Of The Valley,lily_of_the_valley,FALSE,FALSE,FALSE,64,TRUE,TRUE,FALSE,TRUE,FALSE,N/A,N/A,N/A,N/A,1,0,1,4,N/A,N/A,N/A,FALSE,FALSE,FALSE,N/A,N/A,FALSE,FALSE,TRUE,FALSE,FALSE,FALSE,FALSE,TRUE,FALSE,TRUE,FALSE,FALSE,FALSE,FALSE,FALSE,FALSE,TRUE,TRUE,FALSE,FALSE,FALSE,TRUE,FALSE,958
,Wither Rose,wither_rose,FALSE,FALSE,FALSE,64,TRUE,TRUE,FALSE,TRUE,FALSE,N/A,N/A,N/A,N/A,1,0,1,4,N/A,N/A,N/A,FALSE,FALSE,FALSE,N/A,N/A,FALSE,FALSE,TRUE,FALSE,FALSE,FALSE,FALSE,FALSE,FALSE,TRUE,FALSE,FALSE,FALSE,FALSE,FALSE,FALSE,TRUE,TRUE,FALSE,FALSE,FALSE,TRUE,FALSE,959
,Sunflower,sunflower,FALSE,FALSE,FALSE,64,TRUE,TRUE,FALSE,TRUE,FALSE,N/A,N/A,N/A,N/A,1,0,1,4,N/A,N/A,N/A,FALSE,FALSE,FALSE,N/A,N/A,FALSE,FALSE,TRUE,FALSE,FALSE,FALSE,FALSE,FALSE,FALSE,TRUE,FALSE,FALSE,FALSE,FALSE,FALSE,FALSE,TRUE,TRUE,FALSE,FALSE,FALSE,TRUE,FALSE,960
,Peony,lilac,FALSE,FALSE,FALSE,64,TRUE,TRUE,FALSE,TRUE,FALSE,N/A,N/A,N/A,N/A,1,0,1,4,N/A,N/A,N/A,FALSE,FALSE,FALSE,N/A,N/A,FALSE,FALSE,TRUE,FALSE,FALSE,FALSE,FALSE,FALSE,FALSE,TRUE,FALSE,FALSE,FALSE,FALSE,FALSE,FALSE,TRUE,TRUE,FALSE,FALSE,FALSE,TRUE,FALSE,961
,Lilac,rose_bush,FALSE,FALSE,FALSE,64,TRUE,TRUE,FALSE,TRUE,FALSE,N/A,N/A,N/A,N/A,1,0,1,4,N/A,N/A,N/A,FALSE,FALSE,FALSE,N/A,N/A,FALSE,FALSE,TRUE,FALSE,FALSE,FALSE,FALSE,FALSE,FALSE,TRUE,FALSE,FALSE,FALSE,FALSE,FALSE,FALSE,TRUE,TRUE,FALSE,FALSE,FALSE,TRUE,FALSE,962
,Rose Bush,peony,FALSE,FALSE,FALSE,64,TRUE,TRUE,FALSE,TRUE,FALSE,N/A,N/A,N/A,N/A,1,0,1,4,N/A,N/A,N/A,FALSE,FALSE,FALSE,N/A,N/A,FALSE,FALSE,TRUE,FALSE,FALSE,FALSE,FALSE,FALSE,FALSE,TRUE,FALSE,FALSE,FALSE,FALSE,FALSE,FALSE,TRUE,TRUE,FALSE,FALSE,FALSE,TRUE,FALSE,963
,Pink Petals,pink_petals,FALSE,FALSE,FALSE,64,TRUE,TRUE,FALSE,TRUE,FALSE,N/A,N/A,N/A,N/A,1,0,1,4,N/A,N/A,N/A,FALSE,FALSE,FALSE,N/A,N/A,FALSE,FALSE,TRUE,FALSE,FALSE,FALSE,FALSE,FALSE,FALSE,TRUE,FALSE,FALSE,FALSE,FALSE,FALSE,FALSE,TRUE,TRUE,FALSE,FALSE,FALSE,TRUE,FALSE,964
,Short Grass,short_grass,FALSE,FALSE,FALSE,64,TRUE,TRUE,TRUE,TRUE,FALSE,N/A,N/A,N/A,N/A,1,0,1,4,N/A,N/A,N/A,FALSE,FALSE,FALSE,N/A,N/A,FALSE,FALSE,FALSE,FALSE,FALSE,FALSE,FALSE,FALSE,FALSE,FALSE,FALSE,FALSE,FALSE,FALSE,FALSE,FALSE,TRUE,TRUE,FALSE,FALSE,FALSE,TRUE,FALSE,965
,Tall Grass,tall_grass,FALSE,FALSE,FALSE,64,FALSE,FALSE,FALSE,TRUE,FALSE,N/A,N/A,N/A,N/A,1,0,1,4,N/A,N/A,N/A,FALSE,FALSE,FALSE,N/A,N/A,FALSE,FALSE,FALSE,FALSE,FALSE,FALSE,FALSE,FALSE,FALSE,FALSE,FALSE,FALSE,FALSE,FALSE,FALSE,FALSE,TRUE,TRUE,FALSE,FALSE,FALSE,TRUE,FALSE,966
,Fern,fern,FALSE,FALSE,FALSE,64,TRUE,TRUE,TRUE,TRUE,FALSE,N/A,N/A,N/A,N/A,1,0,1,4,N/A,N/A,N/A,FALSE,FALSE,FALSE,N/A,N/A,FALSE,FALSE,FALSE,FALSE,FALSE,FALSE,FALSE,TRUE,FALSE,FALSE,FALSE,FALSE,FALSE,FALSE,FALSE,FALSE,TRUE,TRUE,FALSE,FALSE,FALSE,TRUE,FALSE,967
,Large Fern,large_fern,FALSE,FALSE,FALSE,64,FALSE,FALSE,FALSE,TRUE,FALSE,N/A,N/A,N/A,N/A,1,0,1,4,N/A,N/A,N/A,FALSE,FALSE,FALSE,N/A,N/A,FALSE,FALSE,FALSE,FALSE,FALSE,FALSE,FALSE,FALSE,FALSE,FALSE,FALSE,FALSE,FALSE,FALSE,FALSE,FALSE,TRUE,TRUE,FALSE,FALSE,FALSE,TRUE,FALSE,968
,Vines,vine,FALSE,FALSE,FALSE,64,TRUE,TRUE,TRUE,TRUE,FALSE,N/A,N/A,N/A,N/A,1,0,1,4,N/A,N/A,N/A,FALSE,FALSE,FALSE,N/A,N/A,FALSE,FALSE,FALSE,FALSE,FALSE,FALSE,FALSE,TRUE,FALSE,TRUE,FALSE,FALSE,FALSE,FALSE,FALSE,FALSE,TRUE,TRUE,FALSE,FALSE,FALSE,TRUE,FALSE,969
,Lily Pad,lily_pad,FALSE,FALSE,FALSE,64,TRUE,TRUE,TRUE,TRUE,FALSE,N/A,N/A,N/A,N/A,1,0,1,4,N/A,N/A,N/A,FALSE,FALSE,FALSE,N/A,N/A,FALSE,FALSE,FALSE,FALSE,FALSE,FALSE,FALSE,TRUE,FALSE,FALSE,FALSE,FALSE,FALSE,FALSE,FALSE,FALSE,TRUE,TRUE,FALSE,FALSE,FALSE,TRUE,FALSE,970
,Dead Bush,dead_bush,FALSE,FALSE,FALSE,64,FALSE,FALSE,FALSE,TRUE,FALSE,N/A,N/A,N/A,N/A,1,0,1,4,N/A,N/A,N/A,FALSE,FALSE,FALSE,N/A,N/A,FALSE,FALSE,FALSE,FALSE,FALSE,FALSE,FALSE,FALSE,FALSE,FALSE,FALSE,FALSE,FALSE,FALSE,FALSE,FALSE,TRUE,TRUE,FALSE,FALSE,FALSE,TRUE,FALSE,971
,Cactus,cactus,FALSE,FALSE,FALSE,64,TRUE,TRUE,FALSE,TRUE,FALSE,N/A,N/A,1,N/A,1,0,1,4,N/A,N/A,N/A,FALSE,FALSE,FALSE,N/A,N/A,FALSE,FALSE,FALSE,FALSE,FALSE,FALSE,FALSE,TRUE,FALSE,FALSE,FALSE,FALSE,TRUE,FALSE,FALSE,FALSE,TRUE,TRUE,FALSE,FALSE,FALSE,FALSE,FALSE,972
,Sugarcane,sugar_cane,FALSE,FALSE,FALSE,64,TRUE,TRUE,FALSE,TRUE,FALSE,N/A,N/A,N/A,N/A,1,0,1,4,N/A,N/A,N/A,FALSE,FALSE,FALSE,N/A,N/A,FALSE,FALSE,FALSE,FALSE,FALSE,FALSE,FALSE,TRUE,FALSE,TRUE,FALSE,FALSE,FALSE,FALSE,FALSE,FALSE,TRUE,TRUE,FALSE,FALSE,FALSE,TRUE,FALSE,973
,Bamboo,bamboo,FALSE,FALSE,FALSE,64,TRUE,TRUE,FALSE,TRUE,FALSE,N/A,2.5,N/A,N/A,1,0,1,4,N/A,N/A,N/A,FALSE,FALSE,FALSE,N/A,N/A,FALSE,FALSE,TRUE,FALSE,FALSE,FALSE,FALSE,FALSE,FALSE,TRUE,FALSE,FALSE,FALSE,FALSE,FALSE,FALSE,TRUE,TRUE,FALSE,FALSE,FALSE,TRUE,FALSE,974
,Sweet Berries,sweet_berries,FALSE,FALSE,FALSE,64,TRUE,TRUE,FALSE,TRUE,FALSE,N/A,N/A,N/A,N/A,1,0,1,4,N/A,N/A,N/A,FALSE,TRUE,FALSE,2,0.4,FALSE,FALSE,FALSE,FALSE,FALSE,FALSE,TRUE,FALSE,FALSE,FALSE,FALSE,FALSE,FALSE,FALSE,FALSE,FALSE,TRUE,TRUE,FALSE,FALSE,FALSE,TRUE,FALSE,975
,Glow Berries,glow_berries,FALSE,FALSE,FALSE,64,TRUE,TRUE,FALSE,TRUE,FALSE,N/A,N/A,N/A,N/A,1,0,1,4,N/A,N/A,N/A,FALSE,TRUE,FALSE,2,0.4,FALSE,FALSE,FALSE,FALSE,FALSE,FALSE,FALSE,FALSE,FALSE,FALSE,FALSE,FALSE,FALSE,FALSE,FALSE,FALSE,TRUE,TRUE,FALSE,FALSE,FALSE,TRUE,FALSE,976
,Moss Block,moss_block,FALSE,FALSE,FALSE,64,TRUE,TRUE,FALSE,TRUE,FALSE,N/A,N/A,N/A,N/A,1,0,1,4,N/A,N/A,N/A,FALSE,FALSE,FALSE,N/A,N/A,FALSE,FALSE,FALSE,FALSE,FALSE,FALSE,FALSE,TRUE,FALSE,TRUE,FALSE,FALSE,FALSE,FALSE,FALSE,FALSE,TRUE,TRUE,FALSE,FALSE,FALSE,FALSE,FALSE,977
,Moss Carpet,moss_carpet,FALSE,FALSE,FALSE,64,TRUE,TRUE,FALSE,TRUE,FALSE,N/A,N/A,N/A,N/A,1,0,1,4,N/A,N/A,N/A,FALSE,FALSE,FALSE,N/A,N/A,FALSE,FALSE,FALSE,FALSE,FALSE,FALSE,FALSE,FALSE,FALSE,FALSE,FALSE,FALSE,FALSE,FALSE,FALSE,FALSE,TRUE,TRUE,FALSE,FALSE,FALSE,FALSE,FALSE,978
,Small Dripleaf,small_dripleaf,FALSE,FALSE,FALSE,64,TRUE,FALSE,FALSE,TRUE,FALSE,N/A,N/A,N/A,N/A,1,0,1,4,N/A,N/A,N/A,FALSE,FALSE,FALSE,N/A,N/A,FALSE,FALSE,FALSE,FALSE,FALSE,FALSE,FALSE,TRUE,FALSE,FALSE,FALSE,FALSE,FALSE,FALSE,FALSE,FALSE,TRUE,TRUE,FALSE,FALSE,FALSE,FALSE,FALSE,979
,Big Dripleaf,big_dripleaf,FALSE,FALSE,FALSE,64,TRUE,TRUE,TRUE,TRUE,FALSE,N/A,N/A,N/A,N/A,1,0,1,4,N/A,N/A,N/A,FALSE,FALSE,FALSE,N/A,N/A,FALSE,FALSE,FALSE,FALSE,FALSE,FALSE,FALSE,FALSE,FALSE,FALSE,FALSE,FALSE,FALSE,FALSE,FALSE,FALSE,TRUE,TRUE,FALSE,FALSE,FALSE,FALSE,FALSE,980
,Azalea,azalea,FALSE,FALSE,FALSE,64,TRUE,TRUE,FALSE,TRUE,FALSE,N/A,5,N/A,N/A,1,0,1,4,N/A,N/A,N/A,FALSE,FALSE,FALSE,N/A,N/A,FALSE,FALSE,FALSE,FALSE,FALSE,FALSE,FALSE,FALSE,FALSE,FALSE,FALSE,FALSE,FALSE,FALSE,FALSE,FALSE,TRUE,TRUE,FALSE,FALSE,FALSE,FALSE,FALSE,981
,Flowering Azalea,flowering_azalea,FALSE,FALSE,FALSE,64,TRUE,TRUE,FALSE,TRUE,FALSE,N/A,5,N/A,N/A,1,0,1,4,N/A,N/A,N/A,FALSE,FALSE,FALSE,N/A,N/A,FALSE,FALSE,TRUE,FALSE,FALSE,FALSE,FALSE,FALSE,FALSE,FALSE,FALSE,FALSE,FALSE,FALSE,FALSE,FALSE,TRUE,TRUE,FALSE,FALSE,FALSE,FALSE,FALSE,982
,Spore Blossom,spore_blossom,FALSE,FALSE,FALSE,64,FALSE,FALSE,FALSE,TRUE,FALSE,N/A,N/A,N/A,N/A,1,0,1,4,N/A,N/A,N/A,FALSE,FALSE,FALSE,N/A,N/A,FALSE,FALSE,FALSE,FALSE,FALSE,FALSE,FALSE,FALSE,FALSE,FALSE,FALSE,FALSE,FALSE,FALSE,FALSE,FALSE,TRUE,TRUE,FALSE,FALSE,FALSE,FALSE,FALSE,983
,Hanging Roots,hanging_roots,FALSE,FALSE,FALSE,64,TRUE,TRUE,FALSE,TRUE,FALSE,N/A,N/A,N/A,N/A,1,0,1,4,N/A,N/A,N/A,FALSE,FALSE,FALSE,N/A,N/A,FALSE,FALSE,FALSE,FALSE,FALSE,FALSE,FALSE,FALSE,FALSE,FALSE,FALSE,FALSE,FALSE,FALSE,FALSE,FALSE,TRUE,TRUE,FALSE,FALSE,FALSE,TRUE,FALSE,984
,Mangrove Roots,mangrove_roots,FALSE,FALSE,FALSE,64,TRUE,TRUE,TRUE,TRUE,FALSE,N/A,15,N/A,N/A,1,0,1,4,N/A,N/A,N/A,FALSE,FALSE,FALSE,N/A,N/A,FALSE,FALSE,FALSE,FALSE,FALSE,FALSE,FALSE,FALSE,FALSE,TRUE,FALSE,FALSE,FALSE,FALSE,FALSE,FALSE,TRUE,TRUE,FALSE,FALSE,FALSE,FALSE,FALSE,985
,Muddy Mangrove Roots,muddy_mangrove_roots,FALSE,FALSE,FALSE,64,TRUE,TRUE,TRUE,TRUE,FALSE,N/A,N/A,N/A,N/A,1,0,1,4,N/A,N/A,N/A,FALSE,FALSE,FALSE,N/A,N/A,FALSE,FALSE,FALSE,FALSE,FALSE,FALSE,FALSE,FALSE,FALSE,FALSE,TRUE,FALSE,FALSE,FALSE,FALSE,FALSE,TRUE,TRUE,FALSE,FALSE,FALSE,FALSE,FALSE,986
,Glow Lichen,glow_lichen,FALSE,FALSE,FALSE,64,TRUE,TRUE,TRUE,TRUE,FALSE,N/A,N/A,N/A,N/A,1,0,1,4,N/A,N/A,N/A,FALSE,FALSE,FALSE,N/A,N/A,FALSE,FALSE,FALSE,FALSE,FALSE,FALSE,FALSE,FALSE,FALSE,FALSE,FALSE,FALSE,FALSE,FALSE,FALSE,FALSE,TRUE,TRUE,FALSE,FALSE,FALSE,TRUE,FALSE,987
,Seagrass,seagrass,FALSE,FALSE,FALSE,64,TRUE,TRUE,TRUE,TRUE,FALSE,N/A,N/A,N/A,N/A,1,0,1,4,N/A,N/A,N/A,FALSE,FALSE,FALSE,N/A,N/A,FALSE,FALSE,TRUE,FALSE,FALSE,FALSE,FALSE,FALSE,FALSE,FALSE,FALSE,FALSE,FALSE,FALSE,FALSE,FALSE,TRUE,TRUE,FALSE,FALSE,FALSE,TRUE,FALSE,988
,Sea Pickle,sea_pickle,FALSE,FALSE,FALSE,64,TRUE,TRUE,FALSE,TRUE,FALSE,N/A,N/A,0.1,N/A,1,0,1,4,N/A,N/A,N/A,FALSE,FALSE,FALSE,N/A,N/A,FALSE,FALSE,FALSE,FALSE,FALSE,FALSE,FALSE,TRUE,FALSE,FALSE,FALSE,FALSE,TRUE,FALSE,FALSE,FALSE,TRUE,TRUE,FALSE,FALSE,FALSE,TRUE,FALSE,989
,Kelp,kelp,FALSE,FALSE,FALSE,64,TRUE,TRUE,FALSE,TRUE,FALSE,N/A,N/A,0.1,N/A,1,0,1,4,N/A,N/A,N/A,FALSE,FALSE,FALSE,N/A,N/A,FALSE,FALSE,FALSE,FALSE,FALSE,FALSE,FALSE,TRUE,FALSE,FALSE,FALSE,FALSE,TRUE,TRUE,FALSE,FALSE,TRUE,TRUE,FALSE,FALSE,FALSE,TRUE,FALSE,990
,Dried Kelp,dried_kelp,FALSE,FALSE,FALSE,64,TRUE,TRUE,FALSE,FALSE,FALSE,N/A,N/A,N/A,N/A,1,0,1,4,N/A,N/A,N/A,FALSE,TRUE,FALSE,1,0.6,FALSE,FALSE,FALSE,FALSE,FALSE,FALSE,FALSE,FALSE,FALSE,TRUE,FALSE,FALSE,FALSE,FALSE,FALSE,TRUE,TRUE,TRUE,FALSE,FALSE,FALSE,FALSE,FALSE,991
,Dried Kelp Block,dried_kelp_block,FALSE,FALSE,FALSE,64,TRUE,TRUE,FALSE,TRUE,FALSE,N/A,200,N/A,N/A,1,0,1,4,N/A,N/A,N/A,FALSE,FALSE,FALSE,N/A,N/A,FALSE,FALSE,FALSE,FALSE,FALSE,FALSE,TRUE,FALSE,FALSE,TRUE,TRUE,FALSE,FALSE,FALSE,FALSE,FALSE,TRUE,TRUE,FALSE,FALSE,FALSE,FALSE,FALSE,992
,Tube Coral Block,tube_coral_block,FALSE,FALSE,FALSE,64,TRUE,FALSE,FALSE,TRUE,FALSE,N/A,N/A,N/A,N/A,1,0,1,4,N/A,N/A,N/A,FALSE,FALSE,FALSE,N/A,N/A,FALSE,FALSE,FALSE,FALSE,FALSE,FALSE,FALSE,TRUE,FALSE,FALSE,FALSE,FALSE,FALSE,FALSE,FALSE,FALSE,TRUE,TRUE,FALSE,FALSE,FALSE,FALSE,FALSE,993
,Brain Coral Block,brain_coral_block,FALSE,FALSE,FALSE,64,TRUE,FALSE,FALSE,TRUE,FALSE,N/A,N/A,N/A,N/A,1,0,1,4,N/A,N/A,N/A,FALSE,FALSE,FALSE,N/A,N/A,FALSE,FALSE,FALSE,FALSE,FALSE,FALSE,FALSE,TRUE,FALSE,FALSE,FALSE,FALSE,FALSE,FALSE,FALSE,FALSE,TRUE,TRUE,FALSE,FALSE,FALSE,FALSE,FALSE,994
,Bubble Coral Block,bubble_coral_block,FALSE,FALSE,FALSE,64,TRUE,FALSE,FALSE,TRUE,FALSE,N/A,N/A,N/A,N/A,1,0,1,4,N/A,N/A,N/A,FALSE,FALSE,FALSE,N/A,N/A,FALSE,FALSE,FALSE,FALSE,FALSE,FALSE,FALSE,TRUE,FALSE,FALSE,FALSE,FALSE,FALSE,FALSE,FALSE,FALSE,TRUE,TRUE,FALSE,FALSE,FALSE,FALSE,FALSE,995
,Fire Coral Block,fire_coral_block,FALSE,FALSE,FALSE,64,TRUE,FALSE,FALSE,TRUE,FALSE,N/A,N/A,N/A,N/A,1,0,1,4,N/A,N/A,N/A,FALSE,FALSE,FALSE,N/A,N/A,FALSE,FALSE,FALSE,FALSE,FALSE,FALSE,FALSE,TRUE,FALSE,FALSE,FALSE,FALSE,FALSE,FALSE,FALSE,FALSE,TRUE,TRUE,FALSE,FALSE,FALSE,FALSE,FALSE,996
,Horn Coral Block,horn_coral_block,FALSE,FALSE,FALSE,64,TRUE,FALSE,FALSE,TRUE,FALSE,N/A,N/A,N/A,N/A,1,0,1,4,N/A,N/A,N/A,FALSE,FALSE,FALSE,N/A,N/A,FALSE,FALSE,FALSE,FALSE,FALSE,FALSE,FALSE,TRUE,FALSE,FALSE,FALSE,FALSE,FALSE,FALSE,FALSE,FALSE,TRUE,TRUE,FALSE,FALSE,FALSE,FALSE,FALSE,997
,Dead Tube Coral Block,dead_tube_coral_block,FALSE,FALSE,FALSE,64,TRUE,FALSE,FALSE,TRUE,FALSE,N/A,N/A,N/A,N/A,1,0,1,4,N/A,N/A,N/A,FALSE,FALSE,FALSE,N/A,N/A,FALSE,FALSE,FALSE,FALSE,FALSE,FALSE,FALSE,FALSE,FALSE,FALSE,FALSE,FALSE,FALSE,FALSE,FALSE,FALSE,TRUE,TRUE,FALSE,FALSE,FALSE,FALSE,FALSE,998
,Dead Brain Coral Block,dead_brain_coral_block,FALSE,FALSE,FALSE,64,TRUE,FALSE,FALSE,TRUE,FALSE,N/A,N/A,N/A,N/A,1,0,1,4,N/A,N/A,N/A,FALSE,FALSE,FALSE,N/A,N/A,FALSE,FALSE,FALSE,FALSE,FALSE,FALSE,FALSE,FALSE,FALSE,FALSE,FALSE,FALSE,FALSE,FALSE,FALSE,FALSE,TRUE,TRUE,FALSE,FALSE,FALSE,FALSE,FALSE,999
,Dead Bubble Coral Block,dead_bubble_coral_block,FALSE,FALSE,FALSE,64,TRUE,FALSE,FALSE,TRUE,FALSE,N/A,N/A,N/A,N/A,1,0,1,4,N/A,N/A,N/A,FALSE,FALSE,FALSE,N/A,N/A,FALSE,FALSE,FALSE,FALSE,FALSE,FALSE,FALSE,FALSE,FALSE,FALSE,FALSE,FALSE,FALSE,FALSE,FALSE,FALSE,TRUE,TRUE,FALSE,FALSE,FALSE,FALSE,FALSE,1000
,Dead Fire Coral Block,dead_fire_coral_block,FALSE,FALSE,FALSE,64,TRUE,FALSE,FALSE,TRUE,FALSE,N/A,N/A,N/A,N/A,1,0,1,4,N/A,N/A,N/A,FALSE,FALSE,FALSE,N/A,N/A,FALSE,FALSE,FALSE,FALSE,FALSE,FALSE,FALSE,FALSE,FALSE,FALSE,FALSE,FALSE,FALSE,FALSE,FALSE,FALSE,TRUE,TRUE,FALSE,FALSE,FALSE,FALSE,FALSE,1001
,Dead Horn Coral Block,dead_horn_coral_block,FALSE,FALSE,FALSE,64,TRUE,FALSE,FALSE,TRUE,FALSE,N/A,N/A,N/A,N/A,1,0,1,4,N/A,N/A,N/A,FALSE,FALSE,FALSE,N/A,N/A,FALSE,FALSE,FALSE,FALSE,FALSE,FALSE,FALSE,FALSE,FALSE,FALSE,FALSE,FALSE,FALSE,FALSE,FALSE,FALSE,TRUE,TRUE,FALSE,FALSE,FALSE,FALSE,FALSE,1002
,Tube Coral,tube_coral,FALSE,FALSE,FALSE,64,TRUE,TRUE,TRUE,TRUE,FALSE,N/A,N/A,N/A,N/A,1,0,1,4,N/A,N/A,N/A,FALSE,FALSE,FALSE,N/A,N/A,FALSE,FALSE,FALSE,FALSE,FALSE,FALSE,FALSE,FALSE,FALSE,FALSE,FALSE,FALSE,FALSE,FALSE,FALSE,FALSE,TRUE,TRUE,FALSE,FALSE,FALSE,TRUE,FALSE,1003
,Brain Coral,brain_coral,FALSE,FALSE,FALSE,64,TRUE,TRUE,TRUE,TRUE,FALSE,N/A,N/A,N/A,N/A,1,0,1,4,N/A,N/A,N/A,FALSE,FALSE,FALSE,N/A,N/A,FALSE,FALSE,FALSE,FALSE,FALSE,FALSE,FALSE,FALSE,FALSE,FALSE,FALSE,FALSE,FALSE,FALSE,FALSE,FALSE,TRUE,TRUE,FALSE,FALSE,FALSE,TRUE,FALSE,1004
,Bubble Coral,bubble_coral,FALSE,FALSE,FALSE,64,TRUE,TRUE,TRUE,TRUE,FALSE,N/A,N/A,N/A,N/A,1,0,1,4,N/A,N/A,N/A,FALSE,FALSE,FALSE,N/A,N/A,FALSE,FALSE,FALSE,FALSE,FALSE,FALSE,FALSE,FALSE,FALSE,FALSE,FALSE,FALSE,FALSE,FALSE,FALSE,FALSE,TRUE,TRUE,FALSE,FALSE,FALSE,TRUE,FALSE,1005
,Fire Coral,fire_coral,FALSE,FALSE,FALSE,64,TRUE,TRUE,TRUE,TRUE,FALSE,N/A,N/A,N/A,N/A,1,0,1,4,N/A,N/A,N/A,FALSE,FALSE,FALSE,N/A,N/A,FALSE,FALSE,FALSE,FALSE,FALSE,FALSE,FALSE,FALSE,FALSE,FALSE,FALSE,FALSE,FALSE,FALSE,FALSE,FALSE,TRUE,TRUE,FALSE,FALSE,FALSE,TRUE,FALSE,1006
,Horn Coral,horn_coral,FALSE,FALSE,FALSE,64,TRUE,TRUE,TRUE,TRUE,FALSE,N/A,N/A,N/A,N/A,1,0,1,4,N/A,N/A,N/A,FALSE,FALSE,FALSE,N/A,N/A,FALSE,FALSE,FALSE,FALSE,FALSE,FALSE,FALSE,FALSE,FALSE,FALSE,FALSE,FALSE,FALSE,FALSE,FALSE,FALSE,TRUE,TRUE,FALSE,FALSE,FALSE,TRUE,FALSE,1007
,Dead Tube Coral,dead_tube_coral,FALSE,FALSE,FALSE,64,TRUE,TRUE,TRUE,TRUE,FALSE,N/A,N/A,N/A,N/A,1,0,1,4,N/A,N/A,N/A,FALSE,FALSE,FALSE,N/A,N/A,FALSE,FALSE,FALSE,FALSE,FALSE,FALSE,FALSE,FALSE,FALSE,FALSE,FALSE,FALSE,FALSE,FALSE,FALSE,FALSE,TRUE,TRUE,FALSE,FALSE,FALSE,TRUE,FALSE,1008
,Dead Brain Coral,dead_brain_coral,FALSE,FALSE,FALSE,64,TRUE,TRUE,TRUE,TRUE,FALSE,N/A,N/A,N/A,N/A,1,0,1,4,N/A,N/A,N/A,FALSE,FALSE,FALSE,N/A,N/A,FALSE,FALSE,FALSE,FALSE,FALSE,FALSE,FALSE,FALSE,FALSE,FALSE,FALSE,FALSE,FALSE,FALSE,FALSE,FALSE,TRUE,TRUE,FALSE,FALSE,FALSE,TRUE,FALSE,1009
,Dead Bubble Coral,dead_bubble_coral,FALSE,FALSE,FALSE,64,TRUE,TRUE,TRUE,TRUE,FALSE,N/A,N/A,N/A,N/A,1,0,1,4,N/A,N/A,N/A,FALSE,FALSE,FALSE,N/A,N/A,FALSE,FALSE,FALSE,FALSE,FALSE,FALSE,FALSE,FALSE,FALSE,FALSE,FALSE,FALSE,FALSE,FALSE,FALSE,FALSE,TRUE,TRUE,FALSE,FALSE,FALSE,TRUE,FALSE,1010
,Dead Fire Coral,dead_fire_coral,FALSE,FALSE,FALSE,64,TRUE,TRUE,TRUE,TRUE,FALSE,N/A,N/A,N/A,N/A,1,0,1,4,N/A,N/A,N/A,FALSE,FALSE,FALSE,N/A,N/A,FALSE,FALSE,FALSE,FALSE,FALSE,FALSE,FALSE,FALSE,FALSE,FALSE,FALSE,FALSE,FALSE,FALSE,FALSE,FALSE,TRUE,TRUE,FALSE,FALSE,FALSE,TRUE,FALSE,1011
,Dead Horn Coral,dead_horn_coral,FALSE,FALSE,FALSE,64,TRUE,TRUE,TRUE,TRUE,FALSE,N/A,N/A,N/A,N/A,1,0,1,4,N/A,N/A,N/A,FALSE,FALSE,FALSE,N/A,N/A,FALSE,FALSE,FALSE,FALSE,FALSE,FALSE,FALSE,FALSE,FALSE,FALSE,FALSE,FALSE,FALSE,FALSE,FALSE,FALSE,TRUE,TRUE,FALSE,FALSE,FALSE,TRUE,FALSE,1012
,Tube Coral Fan,tube_coral_fan,FALSE,FALSE,FALSE,64,TRUE,TRUE,TRUE,TRUE,FALSE,N/A,N/A,N/A,N/A,1,0,1,4,N/A,N/A,N/A,FALSE,FALSE,FALSE,N/A,N/A,FALSE,FALSE,FALSE,FALSE,FALSE,FALSE,FALSE,FALSE,FALSE,FALSE,FALSE,FALSE,FALSE,FALSE,FALSE,FALSE,TRUE,TRUE,FALSE,FALSE,FALSE,TRUE,FALSE,1013
,Brain Coral Fan,brain_coral_fan,FALSE,FALSE,FALSE,64,TRUE,TRUE,TRUE,TRUE,FALSE,N/A,N/A,N/A,N/A,1,0,1,4,N/A,N/A,N/A,FALSE,FALSE,FALSE,N/A,N/A,FALSE,FALSE,FALSE,FALSE,FALSE,FALSE,FALSE,FALSE,FALSE,FALSE,FALSE,FALSE,FALSE,FALSE,FALSE,FALSE,TRUE,TRUE,FALSE,FALSE,FALSE,TRUE,FALSE,1014
,Bubble Coral Fan,bubble_coral_fan,FALSE,FALSE,FALSE,64,TRUE,TRUE,TRUE,TRUE,FALSE,N/A,N/A,N/A,N/A,1,0,1,4,N/A,N/A,N/A,FALSE,FALSE,FALSE,N/A,N/A,FALSE,FALSE,FALSE,FALSE,FALSE,FALSE,FALSE,FALSE,FALSE,FALSE,FALSE,FALSE,FALSE,FALSE,FALSE,FALSE,TRUE,TRUE,FALSE,FALSE,FALSE,TRUE,FALSE,1015
,Fire Coral Fan,fire_coral_fan,FALSE,FALSE,FALSE,64,TRUE,TRUE,TRUE,TRUE,FALSE,N/A,N/A,N/A,N/A,1,0,1,4,N/A,N/A,N/A,FALSE,FALSE,FALSE,N/A,N/A,FALSE,FALSE,FALSE,FALSE,FALSE,FALSE,FALSE,FALSE,FALSE,FALSE,FALSE,FALSE,FALSE,FALSE,FALSE,FALSE,TRUE,TRUE,FALSE,FALSE,FALSE,TRUE,FALSE,1016
,Horn Coral Fan,horn_coral_fan,FALSE,FALSE,FALSE,64,TRUE,TRUE,TRUE,TRUE,FALSE,N/A,N/A,N/A,N/A,1,0,1,4,N/A,N/A,N/A,FALSE,FALSE,FALSE,N/A,N/A,FALSE,FALSE,FALSE,FALSE,FALSE,FALSE,FALSE,FALSE,FALSE,FALSE,FALSE,FALSE,FALSE,FALSE,FALSE,FALSE,TRUE,TRUE,FALSE,FALSE,FALSE,TRUE,FALSE,1017
,Dead Tube Coral Fan,dead_tube_coral_fan,FALSE,FALSE,FALSE,64,TRUE,TRUE,TRUE,TRUE,FALSE,N/A,N/A,N/A,N/A,1,0,1,4,N/A,N/A,N/A,FALSE,FALSE,FALSE,N/A,N/A,FALSE,FALSE,FALSE,FALSE,FALSE,FALSE,FALSE,FALSE,FALSE,FALSE,FALSE,FALSE,FALSE,FALSE,FALSE,FALSE,TRUE,TRUE,FALSE,FALSE,FALSE,TRUE,FALSE,1018
,Dead Brain Coral Fan,dead_brain_coral_fan,FALSE,FALSE,FALSE,64,TRUE,TRUE,TRUE,TRUE,FALSE,N/A,N/A,N/A,N/A,1,0,1,4,N/A,N/A,N/A,FALSE,FALSE,FALSE,N/A,N/A,FALSE,FALSE,FALSE,FALSE,FALSE,FALSE,FALSE,FALSE,FALSE,FALSE,FALSE,FALSE,FALSE,FALSE,FALSE,FALSE,TRUE,TRUE,FALSE,FALSE,FALSE,TRUE,FALSE,1019
,Dead Bubble Coral Fan,dead_bubble_coral_fan,FALSE,FALSE,FALSE,64,TRUE,TRUE,TRUE,TRUE,FALSE,N/A,N/A,N/A,N/A,1,0,1,4,N/A,N/A,N/A,FALSE,FALSE,FALSE,N/A,N/A,FALSE,FALSE,FALSE,FALSE,FALSE,FALSE,FALSE,FALSE,FALSE,FALSE,FALSE,FALSE,FALSE,FALSE,FALSE,FALSE,TRUE,TRUE,FALSE,FALSE,FALSE,TRUE,FALSE,1020
,Dead Fire Coral Fan,dead_fire_coral_fan,FALSE,FALSE,FALSE,64,TRUE,TRUE,TRUE,TRUE,FALSE,N/A,N/A,N/A,N/A,1,0,1,4,N/A,N/A,N/A,FALSE,FALSE,FALSE,N/A,N/A,FALSE,FALSE,FALSE,FALSE,FALSE,FALSE,FALSE,FALSE,FALSE,FALSE,FALSE,FALSE,FALSE,FALSE,FALSE,FALSE,TRUE,TRUE,FALSE,FALSE,FALSE,TRUE,FALSE,1021
,Dead Horn Coral Fan,dead_horn_coral_fan,FALSE,FALSE,FALSE,64,TRUE,TRUE,TRUE,TRUE,FALSE,N/A,N/A,N/A,N/A,1,0,1,4,N/A,N/A,N/A,FALSE,FALSE,FALSE,N/A,N/A,FALSE,FALSE,FALSE,FALSE,FALSE,FALSE,FALSE,FALSE,FALSE,FALSE,FALSE,FALSE,FALSE,FALSE,FALSE,FALSE,TRUE,TRUE,FALSE,FALSE,FALSE,TRUE,FALSE,1022
,Torchflower Seeds,torchflower_seeds,FALSE,FALSE,FALSE,64,TRUE,TRUE,FALSE,TRUE,FALSE,N/A,N/A,N/A,N/A,1,0,1,4,N/A,N/A,N/A,FALSE,FALSE,FALSE,N/A,N/A,FALSE,FALSE,TRUE,FALSE,FALSE,FALSE,FALSE,FALSE,FALSE,FALSE,FALSE,FALSE,FALSE,FALSE,FALSE,FALSE,TRUE,TRUE,FALSE,FALSE,FALSE,TRUE,FALSE,1023
,Torchflower,torchflower,FALSE,FALSE,FALSE,64,TRUE,TRUE,FALSE,TRUE,FALSE,N/A,N/A,N/A,N/A,1,0,1,4,N/A,N/A,N/A,FALSE,FALSE,FALSE,N/A,N/A,FALSE,FALSE,TRUE,FALSE,FALSE,FALSE,FALSE,FALSE,FALSE,TRUE,FALSE,FALSE,FALSE,FALSE,FALSE,FALSE,TRUE,TRUE,FALSE,FALSE,FALSE,TRUE,FALSE,1024
,Pitcher Pod,pitcher_pod,FALSE,FALSE,FALSE,64,TRUE,TRUE,FALSE,TRUE,FALSE,N/A,N/A,N/A,N/A,1,0,1,4,N/A,N/A,N/A,FALSE,FALSE,FALSE,N/A,N/A,FALSE,FALSE,TRUE,FALSE,FALSE,FALSE,FALSE,FALSE,FALSE,FALSE,FALSE,FALSE,FALSE,FALSE,FALSE,FALSE,TRUE,TRUE,FALSE,FALSE,FALSE,TRUE,FALSE,1025
,Pitcher Plant,pitcher_plant,FALSE,FALSE,FALSE,64,TRUE,TRUE,FALSE,TRUE,FALSE,N/A,N/A,N/A,N/A,1,0,1,4,N/A,N/A,N/A,FALSE,FALSE,FALSE,N/A,N/A,FALSE,FALSE,TRUE,FALSE,FALSE,FALSE,FALSE,FALSE,FALSE,TRUE,FALSE,FALSE,FALSE,FALSE,FALSE,FALSE,TRUE,TRUE,FALSE,FALSE,FALSE,TRUE,FALSE,1026
,Wheat Seeds,wheat_seeds,FALSE,FALSE,FALSE,64,TRUE,TRUE,FALSE,TRUE,FALSE,N/A,N/A,N/A,N/A,1,0,1,4,N/A,N/A,N/A,FALSE,FALSE,FALSE,N/A,N/A,FALSE,FALSE,TRUE,FALSE,FALSE,FALSE,FALSE,TRUE,FALSE,FALSE,FALSE,FALSE,FALSE,FALSE,FALSE,FALSE,TRUE,TRUE,FALSE,FALSE,FALSE,TRUE,FALSE,1027
,Wheat,wheat,FALSE,FALSE,FALSE,64,TRUE,TRUE,FALSE,FALSE,FALSE,N/A,N/A,N/A,N/A,1,0,1,4,N/A,N/A,N/A,FALSE,FALSE,FALSE,N/A,N/A,FALSE,FALSE,TRUE,FALSE,FALSE,FALSE,TRUE,FALSE,FALSE,TRUE,FALSE,FALSE,FALSE,FALSE,FALSE,FALSE,TRUE,TRUE,FALSE,FALSE,FALSE,FALSE,FALSE,1028
,Hay Bale,hay_block,FALSE,FALSE,FALSE,64,TRUE,TRUE,FALSE,TRUE,FALSE,N/A,N/A,N/A,N/A,1,0,1,4,N/A,N/A,N/A,FALSE,FALSE,FALSE,N/A,N/A,FALSE,FALSE,TRUE,FALSE,FALSE,FALSE,FALSE,FALSE,FALSE,TRUE,TRUE,FALSE,FALSE,FALSE,FALSE,FALSE,TRUE,TRUE,FALSE,FALSE,FALSE,FALSE,FALSE,1029
,Beetroot Seeds,beetroot_seeds,FALSE,FALSE,FALSE,64,TRUE,TRUE,FALSE,TRUE,FALSE,N/A,N/A,N/A,N/A,1,0,1,4,N/A,N/A,N/A,FALSE,FALSE,FALSE,N/A,N/A,FALSE,FALSE,TRUE,FALSE,FALSE,FALSE,FALSE,TRUE,FALSE,FALSE,FALSE,FALSE,FALSE,FALSE,FALSE,FALSE,TRUE,TRUE,FALSE,FALSE,FALSE,TRUE,FALSE,1030
,Beetroot,beetroot,FALSE,FALSE,FALSE,64,TRUE,TRUE,FALSE,FALSE,FALSE,N/A,N/A,N/A,N/A,1,0,1,4,N/A,N/A,N/A,FALSE,TRUE,FALSE,1,1.2,FALSE,FALSE,TRUE,FALSE,FALSE,FALSE,TRUE,FALSE,FALSE,TRUE,FALSE,FALSE,FALSE,FALSE,FALSE,FALSE,TRUE,TRUE,FALSE,FALSE,FALSE,FALSE,FALSE,1031
,Carrot,carrot,FALSE,FALSE,FALSE,64,TRUE,TRUE,FALSE,TRUE,FALSE,N/A,N/A,N/A,N/A,1,0,1,4,N/A,N/A,N/A,FALSE,TRUE,FALSE,3,3.6,FALSE,FALSE,TRUE,FALSE,FALSE,FALSE,TRUE,FALSE,FALSE,TRUE,FALSE,FALSE,FALSE,FALSE,FALSE,FALSE,TRUE,TRUE,FALSE,FALSE,FALSE,TRUE,FALSE,1032
,Golden Carrot,golden_carrot,FALSE,FALSE,FALSE,64,TRUE,TRUE,FALSE,FALSE,FALSE,N/A,N/A,N/A,N/A,1,0,1,4,N/A,N/A,N/A,FALSE,TRUE,FALSE,6,14.4,FALSE,FALSE,TRUE,FALSE,FALSE,TRUE,FALSE,FALSE,FALSE,FALSE,TRUE,FALSE,FALSE,FALSE,FALSE,FALSE,TRUE,TRUE,FALSE,FALSE,FALSE,FALSE,FALSE,1033
,Potato,potato,FALSE,FALSE,FALSE,64,TRUE,TRUE,FALSE,TRUE,FALSE,N/A,N/A,0.35,N/A,1,0,1,4,N/A,N/A,N/A,FALSE,TRUE,FALSE,1,0.6,FALSE,FALSE,TRUE,FALSE,FALSE,FALSE,TRUE,FALSE,FALSE,FALSE,FALSE,FALSE,TRUE,TRUE,FALSE,FALSE,TRUE,TRUE,FALSE,FALSE,FALSE,TRUE,FALSE,1034
,Baked Potato,baked_potato,FALSE,FALSE,FALSE,64,TRUE,TRUE,FALSE,FALSE,FALSE,N/A,N/A,N/A,N/A,1,0,1,4,N/A,N/A,N/A,FALSE,TRUE,FALSE,5,6,FALSE,FALSE,FALSE,FALSE,FALSE,FALSE,FALSE,FALSE,FALSE,TRUE,FALSE,FALSE,FALSE,FALSE,FALSE,TRUE,TRUE,TRUE,FALSE,FALSE,FALSE,FALSE,FALSE,1035
,Poisonous Potato,poisonous_potato,FALSE,FALSE,FALSE,64,TRUE,TRUE,FALSE,FALSE,FALSE,N/A,N/A,N/A,N/A,1,0,1,4,N/A,N/A,N/A,FALSE,TRUE,FALSE,2,1.2,FALSE,FALSE,FALSE,FALSE,FALSE,FALSE,FALSE,FALSE,FALSE,FALSE,FALSE,FALSE,FALSE,FALSE,FALSE,FALSE,TRUE,TRUE,FALSE,FALSE,FALSE,FALSE,FALSE,1036
,Pumpkin Seeds,pumpkin_seeds,FALSE,FALSE,FALSE,64,TRUE,TRUE,FALSE,TRUE,FALSE,N/A,N/A,N/A,N/A,1,0,1,4,N/A,N/A,N/A,FALSE,FALSE,FALSE,N/A,N/A,FALSE,FALSE,TRUE,FALSE,FALSE,FALSE,FALSE,TRUE,FALSE,FALSE,TRUE,FALSE,FALSE,FALSE,FALSE,FALSE,TRUE,TRUE,FALSE,FALSE,FALSE,TRUE,FALSE,1037
,Pumpkin,pumpkin,FALSE,FALSE,FALSE,64,TRUE,TRUE,FALSE,TRUE,FALSE,N/A,N/A,N/A,N/A,1,0,1,4,N/A,N/A,N/A,FALSE,FALSE,FALSE,N/A,N/A,FALSE,FALSE,FALSE,FALSE,FALSE,FALSE,TRUE,TRUE,FALSE,TRUE,FALSE,FALSE,FALSE,FALSE,FALSE,FALSE,TRUE,TRUE,FALSE,FALSE,FALSE,FALSE,FALSE,1038
,Carved Pumpkin,carved_pumpkin,FALSE,FALSE,FALSE,64,TRUE,TRUE,TRUE,TRUE,FALSE,N/A,N/A,N/A,N/A,1,0,1,4,N/A,N/A,N/A,TRUE,FALSE,FALSE,N/A,N/A,FALSE,FALSE,FALSE,TRUE,FALSE,FALSE,FALSE,FALSE,TRUE,TRUE,FALSE,FALSE,FALSE,FALSE,FALSE,FALSE,TRUE,TRUE,FALSE,FALSE,FALSE,FALSE,FALSE,1039
,Jack O' Lantern,jack_o_lantern,FALSE,FALSE,FALSE,64,TRUE,TRUE,TRUE,TRUE,FALSE,N/A,N/A,N/A,N/A,1,0,1,4,N/A,N/A,N/A,FALSE,FALSE,FALSE,N/A,N/A,FALSE,FALSE,FALSE,FALSE,FALSE,FALSE,FALSE,FALSE,FALSE,FALSE,TRUE,FALSE,FALSE,FALSE,FALSE,FALSE,TRUE,TRUE,FALSE,FALSE,FALSE,FALSE,FALSE,1040
,Melon Seeds,melon_seeds,FALSE,FALSE,FALSE,64,TRUE,TRUE,FALSE,TRUE,FALSE,N/A,N/A,N/A,N/A,1,0,1,4,N/A,N/A,N/A,FALSE,FALSE,FALSE,N/A,N/A,FALSE,FALSE,TRUE,FALSE,FALSE,FALSE,FALSE,TRUE,FALSE,FALSE,TRUE,FALSE,FALSE,FALSE,FALSE,FALSE,TRUE,TRUE,FALSE,FALSE,FALSE,TRUE,FALSE,1041
,Melon,melon,FALSE,FALSE,FALSE,64,TRUE,TRUE,FALSE,TRUE,FALSE,N/A,N/A,N/A,N/A,1,0,1,4,N/A,N/A,N/A,FALSE,FALSE,FALSE,N/A,N/A,FALSE,FALSE,FALSE,FALSE,FALSE,FALSE,TRUE,FALSE,FALSE,FALSE,TRUE,FALSE,FALSE,FALSE,FALSE,FALSE,TRUE,TRUE,FALSE,FALSE,FALSE,FALSE,FALSE,1042
,Melon Slice,melon_slice,FALSE,FALSE,FALSE,64,TRUE,TRUE,FALSE,FALSE,FALSE,N/A,N/A,N/A,N/A,1,0,1,4,N/A,N/A,N/A,FALSE,TRUE,FALSE,2,1.2,FALSE,FALSE,FALSE,FALSE,FALSE,FALSE,FALSE,FALSE,FALSE,TRUE,FALSE,FALSE,FALSE,FALSE,FALSE,FALSE,TRUE,TRUE,FALSE,FALSE,FALSE,FALSE,FALSE,1043
,Glistering Melon Slice,glistering_melon_slice,FALSE,FALSE,FALSE,64,TRUE,TRUE,FALSE,FALSE,FALSE,N/A,N/A,N/A,N/A,1,0,1,4,N/A,N/A,N/A,FALSE,FALSE,FALSE,N/A,N/A,FALSE,FALSE,FALSE,FALSE,FALSE,TRUE,FALSE,FALSE,FALSE,FALSE,TRUE,FALSE,FALSE,FALSE,FALSE,FALSE,FALSE,TRUE,FALSE,FALSE,FALSE,FALSE,FALSE,1044
,Cocoa Beans,cocoa_beans,FALSE,FALSE,FALSE,64,TRUE,TRUE,TRUE,TRUE,FALSE,N/A,N/A,N/A,N/A,1,0,1,4,N/A,N/A,N/A,FALSE,FALSE,FALSE,N/A,N/A,FALSE,FALSE,FALSE,FALSE,FALSE,FALSE,FALSE,FALSE,FALSE,TRUE,FALSE,FALSE,FALSE,FALSE,FALSE,FALSE,TRUE,TRUE,FALSE,FALSE,FALSE,TRUE,FALSE,1045
,Apple,apple,FALSE,FALSE,FALSE,64,TRUE,TRUE,TRUE,FALSE,FALSE,N/A,N/A,N/A,N/A,1,0,1,4,N/A,N/A,N/A,FALSE,TRUE,FALSE,4,2.4,FALSE,FALSE,FALSE,FALSE,FALSE,TRUE,FALSE,FALSE,FALSE,TRUE,FALSE,FALSE,FALSE,FALSE,FALSE,FALSE,TRUE,TRUE,FALSE,FALSE,FALSE,FALSE,FALSE,1046
,Golden Apple,golden_apple,FALSE,FALSE,FALSE,64,TRUE,TRUE,FALSE,FALSE,FALSE,N/A,N/A,N/A,N/A,1,0,1,4,N/A,N/A,N/A,FALSE,TRUE,TRUE,4,9.6,FALSE,FALSE,TRUE,FALSE,FALSE,FALSE,FALSE,FALSE,FALSE,FALSE,TRUE,FALSE,FALSE,FALSE,FALSE,FALSE,TRUE,TRUE,FALSE,FALSE,FALSE,FALSE,FALSE,1047
,Enchanted Golden Apple,enchanted_golden_apple,FALSE,FALSE,FALSE,64,FALSE,FALSE,FALSE,FALSE,FALSE,N/A,N/A,N/A,N/A,1,0,1,4,N/A,N/A,N/A,FALSE,TRUE,TRUE,4,9.6,FALSE,FALSE,TRUE,FALSE,FALSE,FALSE,FALSE,FALSE,FALSE,TRUE,FALSE,FALSE,FALSE,FALSE,FALSE,FALSE,TRUE,FALSE,FALSE,TRUE,FALSE,FALSE,FALSE,1048
,Bread,bread,FALSE,FALSE,FALSE,64,TRUE,TRUE,FALSE,FALSE,FALSE,N/A,N/A,N/A,N/A,1,0,1,4,N/A,N/A,N/A,FALSE,TRUE,FALSE,5,6,FALSE,FALSE,FALSE,FALSE,FALSE,TRUE,FALSE,FALSE,FALSE,FALSE,TRUE,FALSE,FALSE,FALSE,FALSE,FALSE,TRUE,TRUE,FALSE,FALSE,FALSE,FALSE,FALSE,1049
,Pumpkin Pie,pumpkin_pie,FALSE,FALSE,FALSE,64,TRUE,TRUE,FALSE,FALSE,FALSE,N/A,N/A,N/A,N/A,1,0,1,4,N/A,N/A,N/A,FALSE,TRUE,FALSE,8,4.8,FALSE,FALSE,FALSE,FALSE,FALSE,TRUE,FALSE,FALSE,FALSE,FALSE,TRUE,FALSE,FALSE,FALSE,FALSE,FALSE,TRUE,TRUE,FALSE,FALSE,FALSE,FALSE,FALSE,1050
,Cookie,cookie,FALSE,FALSE,FALSE,64,TRUE,TRUE,FALSE,FALSE,FALSE,N/A,N/A,N/A,N/A,1,0,1,4,N/A,N/A,N/A,FALSE,TRUE,FALSE,2,0.4,FALSE,FALSE,FALSE,FALSE,FALSE,TRUE,FALSE,FALSE,FALSE,FALSE,TRUE,FALSE,FALSE,FALSE,FALSE,FALSE,TRUE,TRUE,FALSE,FALSE,FALSE,FALSE,FALSE,1051
,Cake,cake,FALSE,FALSE,FALSE,1,TRUE,TRUE,TRUE,TRUE,FALSE,N/A,N/A,N/A,N/A,1,0,1,4,N/A,N/A,N/A,FALSE,FALSE,FALSE,N/A,N/A,FALSE,FALSE,FALSE,FALSE,FALSE,TRUE,FALSE,FALSE,FALSE,FALSE,TRUE,FALSE,FALSE,FALSE,FALSE,FALSE,TRUE,TRUE,FALSE,FALSE,FALSE,TRUE,FALSE,1052
,Raw Rabbit,rabbit,FALSE,FALSE,FALSE,64,TRUE,TRUE,FALSE,FALSE,FALSE,N/A,N/A,0.35,N/A,1,0,1,4,N/A,N/A,N/A,FALSE,TRUE,FALSE,3,1.8,FALSE,FALSE,FALSE,FALSE,FALSE,FALSE,TRUE,FALSE,FALSE,FALSE,FALSE,FALSE,TRUE,TRUE,FALSE,FALSE,TRUE,TRUE,FALSE,FALSE,FALSE,FALSE,FALSE,1053
,Cooked Rabbit,cooked_rabbit,FALSE,FALSE,FALSE,64,TRUE,TRUE,FALSE,FALSE,FALSE,N/A,N/A,N/A,N/A,1,0,1,4,N/A,N/A,N/A,FALSE,TRUE,FALSE,5,6,FALSE,FALSE,FALSE,FALSE,FALSE,FALSE,FALSE,FALSE,FALSE,TRUE,FALSE,FALSE,FALSE,FALSE,FALSE,TRUE,TRUE,TRUE,FALSE,FALSE,FALSE,FALSE,FALSE,1054
,Raw Mutton,mutton,FALSE,FALSE,FALSE,64,TRUE,TRUE,FALSE,FALSE,FALSE,N/A,N/A,0.35,N/A,1,0,1,4,N/A,N/A,N/A,FALSE,TRUE,FALSE,2,1.2,FALSE,FALSE,FALSE,FALSE,FALSE,FALSE,TRUE,FALSE,FALSE,FALSE,FALSE,FALSE,TRUE,TRUE,FALSE,FALSE,TRUE,TRUE,FALSE,FALSE,FALSE,FALSE,FALSE,1055
,Cooked Mutton,cooked_mutton,FALSE,FALSE,FALSE,64,TRUE,TRUE,FALSE,FALSE,FALSE,N/A,N/A,N/A,N/A,1,0,1,4,N/A,N/A,N/A,FALSE,TRUE,FALSE,6,9.6,FALSE,FALSE,FALSE,FALSE,FALSE,FALSE,FALSE,FALSE,FALSE,FALSE,FALSE,FALSE,FALSE,FALSE,FALSE,TRUE,TRUE,TRUE,FALSE,FALSE,FALSE,FALSE,FALSE,1056
,Raw Chicken,chicken,FALSE,FALSE,FALSE,64,TRUE,TRUE,FALSE,FALSE,FALSE,N/A,N/A,0.35,N/A,1,0,1,4,N/A,N/A,N/A,FALSE,TRUE,FALSE,2,1.2,FALSE,FALSE,FALSE,FALSE,FALSE,FALSE,TRUE,FALSE,FALSE,FALSE,FALSE,FALSE,TRUE,TRUE,FALSE,FALSE,TRUE,TRUE,FALSE,FALSE,FALSE,FALSE,FALSE,1057
,Cooked Chicken,cooked_chicken,FALSE,FALSE,FALSE,64,TRUE,TRUE,FALSE,FALSE,FALSE,N/A,N/A,N/A,N/A,1,0,1,4,N/A,N/A,N/A,FALSE,TRUE,FALSE,6,7.2,FALSE,FALSE,FALSE,FALSE,FALSE,TRUE,FALSE,FALSE,FALSE,FALSE,FALSE,FALSE,FALSE,FALSE,FALSE,TRUE,TRUE,TRUE,FALSE,FALSE,FALSE,FALSE,FALSE,1058
,Raw Porkchop,porkchop,FALSE,FALSE,FALSE,64,TRUE,TRUE,FALSE,FALSE,FALSE,N/A,N/A,0.35,N/A,1,0,1,4,N/A,N/A,N/A,FALSE,TRUE,FALSE,3,1.8,FALSE,FALSE,FALSE,FALSE,FALSE,FALSE,TRUE,FALSE,FALSE,FALSE,FALSE,FALSE,TRUE,TRUE,FALSE,FALSE,TRUE,TRUE,FALSE,FALSE,FALSE,FALSE,FALSE,1059
,Cooked Porkchop,cooked_porkchop,FALSE,FALSE,FALSE,64,TRUE,TRUE,FALSE,FALSE,FALSE,N/A,N/A,N/A,N/A,1,0,1,4,N/A,N/A,N/A,FALSE,TRUE,FALSE,8,12.8,FALSE,FALSE,FALSE,FALSE,FALSE,TRUE,FALSE,FALSE,FALSE,FALSE,FALSE,FALSE,FALSE,FALSE,FALSE,TRUE,TRUE,TRUE,FALSE,FALSE,FALSE,FALSE,FALSE,1060
,Raw Beef,beef,FALSE,FALSE,FALSE,64,TRUE,TRUE,FALSE,FALSE,FALSE,N/A,N/A,0.35,N/A,1,0,1,4,N/A,N/A,N/A,FALSE,TRUE,FALSE,3,1.8,FALSE,FALSE,FALSE,FALSE,FALSE,FALSE,TRUE,FALSE,FALSE,FALSE,FALSE,FALSE,TRUE,TRUE,FALSE,FALSE,TRUE,TRUE,FALSE,FALSE,FALSE,FALSE,FALSE,1061
,Steak,cooked_beef,FALSE,FALSE,FALSE,64,TRUE,TRUE,FALSE,FALSE,FALSE,N/A,N/A,N/A,N/A,1,0,1,4,N/A,N/A,N/A,FALSE,TRUE,FALSE,8,12.8,FALSE,FALSE,FALSE,FALSE,FALSE,FALSE,FALSE,FALSE,FALSE,FALSE,FALSE,FALSE,FALSE,FALSE,FALSE,TRUE,TRUE,TRUE,FALSE,FALSE,FALSE,FALSE,FALSE,1062
,Raw Cod,cod,FALSE,FALSE,FALSE,64,TRUE,TRUE,FALSE,FALSE,FALSE,N/A,N/A,0.35,N/A,1,0,1,4,N/A,N/A,N/A,FALSE,TRUE,FALSE,2,0.4,FALSE,FALSE,TRUE,FALSE,FALSE,FALSE,TRUE,FALSE,FALSE,FALSE,FALSE,FALSE,TRUE,TRUE,FALSE,FALSE,TRUE,TRUE,FALSE,FALSE,FALSE,FALSE,FALSE,1063
,Cooked Cod,cooked_cod,FALSE,FALSE,FALSE,64,TRUE,TRUE,FALSE,FALSE,FALSE,N/A,N/A,N/A,N/A,1,0,1,4,N/A,N/A,N/A,FALSE,TRUE,FALSE,5,6,FALSE,FALSE,FALSE,FALSE,FALSE,TRUE,FALSE,FALSE,FALSE,FALSE,FALSE,FALSE,FALSE,FALSE,FALSE,TRUE,TRUE,TRUE,FALSE,FALSE,FALSE,FALSE,FALSE,1064
,Raw Salmon,salmon,FALSE,FALSE,FALSE,64,TRUE,TRUE,FALSE,FALSE,FALSE,N/A,N/A,0.35,N/A,1,0,1,4,N/A,N/A,N/A,FALSE,TRUE,FALSE,2,0.4,FALSE,FALSE,TRUE,FALSE,FALSE,FALSE,TRUE,FALSE,FALSE,FALSE,FALSE,FALSE,TRUE,TRUE,FALSE,FALSE,TRUE,TRUE,FALSE,FALSE,FALSE,FALSE,FALSE,1065
,Cooked Salmon,cooked_salmon,FALSE,FALSE,FALSE,64,TRUE,TRUE,FALSE,FALSE,FALSE,N/A,N/A,N/A,N/A,1,0,1,4,N/A,N/A,N/A,FALSE,TRUE,FALSE,7,9.6,FALSE,FALSE,FALSE,FALSE,FALSE,TRUE,FALSE,FALSE,FALSE,FALSE,FALSE,FALSE,FALSE,FALSE,FALSE,TRUE,TRUE,TRUE,FALSE,FALSE,FALSE,FALSE,FALSE,1066
,Tropical Fish,tropical_fish,FALSE,FALSE,FALSE,64,TRUE,TRUE,FALSE,FALSE,FALSE,N/A,N/A,N/A,N/A,1,0,1,4,N/A,N/A,N/A,FALSE,TRUE,FALSE,1,0.2,FALSE,FALSE,FALSE,FALSE,FALSE,FALSE,TRUE,FALSE,FALSE,FALSE,FALSE,FALSE,FALSE,FALSE,FALSE,FALSE,TRUE,TRUE,FALSE,FALSE,FALSE,FALSE,FALSE,1067
,Pufferfish,pufferfish,FALSE,FALSE,FALSE,64,TRUE,TRUE,FALSE,FALSE,FALSE,N/A,N/A,N/A,N/A,1,0,1,4,N/A,N/A,N/A,FALSE,TRUE,FALSE,1,0.2,FALSE,FALSE,FALSE,FALSE,FALSE,FALSE,TRUE,FALSE,FALSE,FALSE,FALSE,FALSE,FALSE,FALSE,FALSE,FALSE,TRUE,TRUE,FALSE,FALSE,FALSE,FALSE,FALSE,1068
,Bowl,bowl,FALSE,FALSE,FALSE,64,TRUE,TRUE,FALSE,FALSE,FALSE,N/A,5,N/A,N/A,1,0,1,4,N/A,N/A,N/A,FALSE,FALSE,FALSE,N/A,N/A,FALSE,FALSE,FALSE,FALSE,FALSE,FALSE,FALSE,FALSE,FALSE,TRUE,TRUE,FALSE,FALSE,FALSE,FALSE,FALSE,TRUE,TRUE,FALSE,FALSE,FALSE,FALSE,FALSE,1069
,Mushroom Stew,mushroom_stew,FALSE,FALSE,FALSE,1,TRUE,TRUE,FALSE,FALSE,FALSE,N/A,N/A,N/A,N/A,1,0,1,4,N/A,N/A,N/A,FALSE,TRUE,FALSE,6,7.2,FALSE,FALSE,FALSE,FALSE,FALSE,FALSE,FALSE,FALSE,FALSE,FALSE,TRUE,FALSE,FALSE,FALSE,FALSE,FALSE,TRUE,TRUE,FALSE,FALSE,FALSE,FALSE,FALSE,1070
,Rabbit Stew,rabbit_stew,FALSE,FALSE,FALSE,1,TRUE,TRUE,FALSE,FALSE,FALSE,N/A,N/A,N/A,N/A,1,0,1,4,N/A,N/A,N/A,FALSE,TRUE,FALSE,10,12,FALSE,FALSE,FALSE,FALSE,FALSE,TRUE,FALSE,FALSE,FALSE,FALSE,TRUE,FALSE,FALSE,FALSE,FALSE,FALSE,TRUE,TRUE,FALSE,FALSE,FALSE,FALSE,FALSE,1071
,Beetroot Soup,beetroot_soup,FALSE,FALSE,FALSE,1,TRUE,TRUE,FALSE,FALSE,FALSE,N/A,N/A,N/A,N/A,1,0,1,4,N/A,N/A,N/A,FALSE,TRUE,FALSE,6,7.2,FALSE,FALSE,FALSE,FALSE,FALSE,FALSE,FALSE,FALSE,FALSE,FALSE,TRUE,FALSE,FALSE,FALSE,FALSE,FALSE,TRUE,TRUE,FALSE,FALSE,FALSE,FALSE,FALSE,1072
,Suspicious Stew,suspicious_stew,TRUE,TRUE,TRUE,1,FALSE,FALSE,FALSE,FALSE,FALSE,N/A,N/A,N/A,N/A,1,0,1,4,N/A,N/A,N/A,FALSE,TRUE,TRUE,6,7.2,FALSE,FALSE,FALSE,FALSE,FALSE,FALSE,FALSE,FALSE,FALSE,FALSE,FALSE,FALSE,FALSE,FALSE,FALSE,FALSE,TRUE,TRUE,FALSE,FALSE,FALSE,FALSE,FALSE,1073
,Suspicious Stew (Blindness),"suspicious_stew[suspicious_stew_effects=[{id:""minecraft:blindness""}]]",FALSE,FALSE,FALSE,1,TRUE,TRUE,FALSE,FALSE,FALSE,N/A,N/A,N/A,N/A,1,0,1,4,N/A,N/A,N/A,FALSE,TRUE,TRUE,6,7.2,FALSE,FALSE,FALSE,FALSE,FALSE,TRUE,FALSE,FALSE,FALSE,FALSE,TRUE,FALSE,FALSE,FALSE,FALSE,FALSE,TRUE,TRUE,FALSE,FALSE,FALSE,FALSE,TRUE,1074
,Suspicious Stew (Fire Resistance),"suspicious_stew[suspicious_stew_effects=[{id:""minecraft:fire_resistance"",duration:80}]]",FALSE,FALSE,FALSE,1,TRUE,TRUE,FALSE,FALSE,FALSE,N/A,N/A,N/A,N/A,1,0,1,4,N/A,N/A,N/A,FALSE,TRUE,TRUE,6,7.2,FALSE,FALSE,FALSE,FALSE,FALSE,TRUE,FALSE,FALSE,FALSE,FALSE,TRUE,FALSE,FALSE,FALSE,FALSE,FALSE,TRUE,TRUE,FALSE,FALSE,FALSE,FALSE,TRUE,1075
,Suspicious Stew (Jump Boost),"suspicious_stew[suspicious_stew_effects=[{id:""minecraft:jump_boost"",duration:120}]]",FALSE,FALSE,FALSE,1,TRUE,TRUE,FALSE,FALSE,FALSE,N/A,N/A,N/A,N/A,1,0,1,4,N/A,N/A,N/A,FALSE,TRUE,TRUE,6,7.2,FALSE,FALSE,FALSE,FALSE,FALSE,TRUE,FALSE,FALSE,FALSE,FALSE,TRUE,FALSE,FALSE,FALSE,FALSE,FALSE,TRUE,TRUE,FALSE,FALSE,FALSE,FALSE,TRUE,1076
,Suspicious Stew (Night Vision),"suspicious_stew[suspicious_stew_effects=[{id:""minecraft:night_vision"",duration:100}]]",FALSE,FALSE,FALSE,1,TRUE,TRUE,FALSE,FALSE,FALSE,N/A,N/A,N/A,N/A,1,0,1,4,N/A,N/A,N/A,FALSE,TRUE,TRUE,6,7.2,FALSE,FALSE,FALSE,FALSE,FALSE,TRUE,FALSE,FALSE,FALSE,FALSE,TRUE,FALSE,FALSE,FALSE,FALSE,FALSE,TRUE,TRUE,FALSE,FALSE,FALSE,FALSE,TRUE,1077
,Suspicious Stew (Poison),"suspicious_stew[suspicious_stew_effects=[{id:""minecraft:poison"",duration:240}]]",FALSE,FALSE,FALSE,1,TRUE,TRUE,FALSE,FALSE,FALSE,N/A,N/A,N/A,N/A,1,0,1,4,N/A,N/A,N/A,FALSE,TRUE,TRUE,6,7.2,FALSE,FALSE,FALSE,FALSE,FALSE,TRUE,FALSE,FALSE,FALSE,FALSE,TRUE,FALSE,FALSE,FALSE,FALSE,FALSE,TRUE,TRUE,FALSE,FALSE,FALSE,FALSE,TRUE,1078
,Suspicious Stew (Regeneration),"suspicious_stew[suspicious_stew_effects=[{id:""minecraft:regeneration""}]]",FALSE,FALSE,FALSE,1,TRUE,TRUE,FALSE,FALSE,FALSE,N/A,N/A,N/A,N/A,1,0,1,4,N/A,N/A,N/A,FALSE,TRUE,TRUE,6,7.2,FALSE,FALSE,FALSE,FALSE,FALSE,TRUE,FALSE,FALSE,FALSE,FALSE,TRUE,FALSE,FALSE,FALSE,FALSE,FALSE,TRUE,TRUE,FALSE,FALSE,FALSE,FALSE,TRUE,1079
,Suspicious Stew (Saturation),"suspicious_stew[suspicious_stew_effects=[{id:""minecraft:saturation"",duration:7}]]",FALSE,FALSE,FALSE,1,TRUE,TRUE,FALSE,FALSE,FALSE,N/A,N/A,N/A,N/A,1,0,1,4,N/A,N/A,N/A,FALSE,TRUE,TRUE,13,21.2,FALSE,FALSE,FALSE,FALSE,FALSE,TRUE,FALSE,FALSE,FALSE,FALSE,TRUE,FALSE,FALSE,FALSE,FALSE,FALSE,TRUE,TRUE,FALSE,FALSE,FALSE,FALSE,TRUE,1080
,Suspicious Stew (Weakness),"suspicious_stew[suspicious_stew_effects=[{id:""minecraft:weakness"",duration:180}]]",FALSE,FALSE,FALSE,1,TRUE,TRUE,FALSE,FALSE,FALSE,N/A,N/A,N/A,N/A,1,0,1,4,N/A,N/A,N/A,FALSE,TRUE,TRUE,6,7.2,FALSE,FALSE,FALSE,FALSE,FALSE,TRUE,FALSE,FALSE,FALSE,FALSE,TRUE,FALSE,FALSE,FALSE,FALSE,FALSE,TRUE,TRUE,FALSE,FALSE,FALSE,FALSE,TRUE,1081
,Suspicious Stew (Wither),"suspicious_stew[suspicious_stew_effects=[{id:""minecraft:wither""}]]",FALSE,FALSE,FALSE,1,TRUE,TRUE,FALSE,FALSE,FALSE,N/A,N/A,N/A,N/A,1,0,1,4,N/A,N/A,N/A,FALSE,TRUE,TRUE,6,7.2,FALSE,FALSE,FALSE,FALSE,FALSE,TRUE,FALSE,FALSE,FALSE,FALSE,TRUE,FALSE,FALSE,FALSE,FALSE,FALSE,TRUE,TRUE,FALSE,FALSE,FALSE,FALSE,TRUE,1082
,Leather,leather,FALSE,FALSE,FALSE,64,TRUE,TRUE,FALSE,FALSE,FALSE,N/A,N/A,N/A,N/A,1,0,1,4,N/A,N/A,N/A,FALSE,FALSE,FALSE,N/A,N/A,FALSE,FALSE,FALSE,FALSE,FALSE,FALSE,TRUE,FALSE,FALSE,TRUE,TRUE,TRUE,FALSE,FALSE,FALSE,FALSE,FALSE,TRUE,FALSE,FALSE,FALSE,FALSE,FALSE,1083
,Rabbit Hide,rabbit_hide,FALSE,FALSE,FALSE,64,TRUE,TRUE,FALSE,FALSE,FALSE,N/A,N/A,N/A,N/A,1,0,1,4,N/A,N/A,N/A,FALSE,FALSE,FALSE,N/A,N/A,FALSE,FALSE,FALSE,FALSE,FALSE,FALSE,TRUE,FALSE,FALSE,TRUE,FALSE,FALSE,FALSE,FALSE,FALSE,FALSE,FALSE,TRUE,FALSE,FALSE,FALSE,FALSE,FALSE,1084
,Rabbit's Foot,rabbit_foot,FALSE,FALSE,FALSE,64,TRUE,TRUE,FALSE,FALSE,FALSE,N/A,N/A,N/A,N/A,1,0,1,4,N/A,N/A,N/A,FALSE,FALSE,FALSE,N/A,N/A,FALSE,FALSE,FALSE,FALSE,FALSE,FALSE,TRUE,FALSE,FALSE,FALSE,FALSE,FALSE,FALSE,FALSE,FALSE,FALSE,FALSE,TRUE,FALSE,FALSE,FALSE,FALSE,FALSE,1085
,Ink Sac,ink_sac,FALSE,FALSE,FALSE,64,TRUE,TRUE,FALSE,FALSE,FALSE,N/A,N/A,N/A,N/A,1,0,1,4,N/A,N/A,N/A,FALSE,FALSE,FALSE,N/A,N/A,FALSE,FALSE,FALSE,FALSE,FALSE,FALSE,TRUE,FALSE,FALSE,TRUE,FALSE,FALSE,FALSE,FALSE,FALSE,FALSE,FALSE,TRUE,FALSE,FALSE,FALSE,FALSE,FALSE,1086
,Glow Ink Sac,glow_ink_sac,FALSE,FALSE,FALSE,64,TRUE,TRUE,FALSE,FALSE,FALSE,N/A,N/A,N/A,N/A,1,0,1,4,N/A,N/A,N/A,FALSE,FALSE,FALSE,N/A,N/A,FALSE,FALSE,FALSE,FALSE,FALSE,FALSE,FALSE,FALSE,FALSE,TRUE,FALSE,FALSE,FALSE,FALSE,FALSE,FALSE,FALSE,TRUE,FALSE,FALSE,FALSE,FALSE,FALSE,1087
,Feather,feather,FALSE,FALSE,FALSE,64,TRUE,TRUE,FALSE,FALSE,FALSE,N/A,N/A,N/A,N/A,1,0,1,4,N/A,N/A,N/A,FALSE,FALSE,FALSE,N/A,N/A,FALSE,FALSE,FALSE,FALSE,FALSE,FALSE,TRUE,FALSE,FALSE,TRUE,FALSE,FALSE,FALSE,FALSE,FALSE,FALSE,FALSE,TRUE,FALSE,FALSE,FALSE,FALSE,FALSE,1088
,Egg,egg,FALSE,FALSE,FALSE,16,TRUE,TRUE,FALSE,FALSE,TRUE,N/A,N/A,N/A,N/A,1,0,1,4,N/A,N/A,N/A,FALSE,FALSE,FALSE,N/A,N/A,FALSE,FALSE,FALSE,TRUE,FALSE,FALSE,FALSE,FALSE,FALSE,TRUE,FALSE,FALSE,FALSE,FALSE,FALSE,FALSE,TRUE,TRUE,FALSE,FALSE,FALSE,FALSE,FALSE,1089
,Frogspawn,frogspawn,FALSE,FALSE,FALSE,64,TRUE,TRUE,TRUE,TRUE,FALSE,N/A,N/A,N/A,N/A,1,0,1,4,N/A,N/A,N/A,FALSE,FALSE,FALSE,N/A,N/A,FALSE,FALSE,FALSE,FALSE,FALSE,FALSE,FALSE,FALSE,FALSE,FALSE,FALSE,FALSE,FALSE,FALSE,FALSE,FALSE,TRUE,TRUE,FALSE,FALSE,FALSE,TRUE,FALSE,1090
,Armadillo Scute,armadillo_scute,FALSE,FALSE,FALSE,64,TRUE,TRUE,FALSE,FALSE,FALSE,N/A,N/A,N/A,N/A,1,0,1,4,N/A,N/A,N/A,FALSE,FALSE,FALSE,N/A,N/A,FALSE,FALSE,FALSE,FALSE,FALSE,FALSE,FALSE,FALSE,FALSE,TRUE,FALSE,FALSE,FALSE,FALSE,FALSE,FALSE,TRUE,TRUE,FALSE,FALSE,FALSE,FALSE,FALSE,1091
,Scute,scute,FALSE,FALSE,FALSE,64,TRUE,TRUE,TRUE,FALSE,FALSE,N/A,N/A,N/A,N/A,1,0,1,4,N/A,N/A,N/A,FALSE,FALSE,FALSE,N/A,N/A,FALSE,FALSE,FALSE,FALSE,FALSE,FALSE,TRUE,FALSE,FALSE,TRUE,FALSE,TRUE,FALSE,FALSE,FALSE,FALSE,FALSE,TRUE,FALSE,FALSE,FALSE,FALSE,FALSE,1092
,Turtle Egg,turtle_egg,FALSE,FALSE,FALSE,64,TRUE,TRUE,TRUE,TRUE,FALSE,N/A,N/A,N/A,N/A,1,0,1,4,N/A,N/A,N/A,FALSE,FALSE,FALSE,N/A,N/A,FALSE,FALSE,FALSE,FALSE,FALSE,FALSE,FALSE,FALSE,FALSE,FALSE,FALSE,FALSE,FALSE,FALSE,FALSE,FALSE,TRUE,TRUE,FALSE,FALSE,FALSE,TRUE,FALSE,1093
,Sniffer Egg,sniffer_egg,FALSE,FALSE,FALSE,64,TRUE,TRUE,TRUE,TRUE,FALSE,N/A,N/A,N/A,N/A,1,0,1,4,N/A,N/A,N/A,FALSE,FALSE,FALSE,N/A,N/A,FALSE,FALSE,FALSE,FALSE,FALSE,FALSE,FALSE,FALSE,FALSE,FALSE,FALSE,FALSE,FALSE,FALSE,FALSE,FALSE,TRUE,FALSE,TRUE,FALSE,FALSE,TRUE,FALSE,1094
,Honey Bottle,honey_bottle,FALSE,FALSE,FALSE,16,TRUE,TRUE,FALSE,FALSE,FALSE,N/A,N/A,N/A,N/A,1,0,1,4,N/A,N/A,N/A,FALSE,TRUE,TRUE,6,1.2,FALSE,FALSE,FALSE,FALSE,FALSE,FALSE,FALSE,FALSE,FALSE,TRUE,TRUE,FALSE,FALSE,FALSE,FALSE,FALSE,TRUE,TRUE,FALSE,FALSE,FALSE,FALSE,FALSE,1095
,Honey Block,honey_block,FALSE,FALSE,FALSE,64,TRUE,TRUE,FALSE,TRUE,FALSE,N/A,N/A,N/A,N/A,1,0,1,4,N/A,N/A,N/A,FALSE,FALSE,FALSE,N/A,N/A,FALSE,FALSE,FALSE,FALSE,FALSE,FALSE,FALSE,FALSE,FALSE,TRUE,TRUE,FALSE,FALSE,FALSE,FALSE,FALSE,TRUE,TRUE,FALSE,FALSE,FALSE,FALSE,FALSE,1096
,Honeycomb,honeycomb,FALSE,FALSE,FALSE,64,TRUE,TRUE,FALSE,FALSE,FALSE,N/A,N/A,N/A,N/A,1,0,1,4,N/A,N/A,N/A,FALSE,FALSE,FALSE,N/A,N/A,FALSE,FALSE,FALSE,TRUE,FALSE,FALSE,FALSE,FALSE,FALSE,TRUE,FALSE,FALSE,FALSE,FALSE,FALSE,FALSE,TRUE,TRUE,FALSE,FALSE,FALSE,FALSE,FALSE,1097
,Honeycomb Block,honeycomb_block,FALSE,FALSE,FALSE,64,TRUE,TRUE,FALSE,TRUE,FALSE,N/A,N/A,N/A,N/A,1,0,1,4,N/A,N/A,N/A,FALSE,FALSE,FALSE,N/A,N/A,FALSE,FALSE,FALSE,FALSE,FALSE,FALSE,FALSE,FALSE,FALSE,FALSE,TRUE,FALSE,FALSE,FALSE,FALSE,FALSE,TRUE,TRUE,FALSE,FALSE,FALSE,FALSE,FALSE,1098
,Slime Ball,slime_ball,FALSE,FALSE,FALSE,64,TRUE,TRUE,FALSE,FALSE,FALSE,N/A,N/A,N/A,N/A,1,0,1,4,N/A,N/A,N/A,FALSE,FALSE,FALSE,N/A,N/A,FALSE,FALSE,TRUE,FALSE,FALSE,FALSE,FALSE,TRUE,FALSE,TRUE,TRUE,FALSE,FALSE,FALSE,FALSE,FALSE,TRUE,TRUE,FALSE,FALSE,FALSE,FALSE,FALSE,1099
,Slime Block,slime_block,FALSE,FALSE,FALSE,64,TRUE,TRUE,FALSE,TRUE,FALSE,N/A,N/A,N/A,N/A,1,0,1,4,N/A,N/A,N/A,FALSE,FALSE,FALSE,N/A,N/A,FALSE,FALSE,FALSE,FALSE,FALSE,FALSE,FALSE,FALSE,FALSE,TRUE,TRUE,FALSE,FALSE,FALSE,FALSE,FALSE,TRUE,TRUE,FALSE,FALSE,FALSE,FALSE,FALSE,1100
,Pearlescent Froglight,pearlescent_froglight,FALSE,FALSE,FALSE,64,TRUE,TRUE,FALSE,TRUE,FALSE,N/A,N/A,N/A,N/A,1,0,1,4,N/A,N/A,N/A,FALSE,FALSE,FALSE,N/A,N/A,FALSE,FALSE,FALSE,FALSE,FALSE,FALSE,FALSE,FALSE,FALSE,FALSE,FALSE,FALSE,FALSE,FALSE,FALSE,FALSE,TRUE,TRUE,FALSE,FALSE,FALSE,FALSE,FALSE,1101
,Verdant Froglight,verdant_froglight,FALSE,FALSE,FALSE,64,TRUE,TRUE,FALSE,TRUE,FALSE,N/A,N/A,N/A,N/A,1,0,1,4,N/A,N/A,N/A,FALSE,FALSE,FALSE,N/A,N/A,FALSE,FALSE,FALSE,FALSE,FALSE,FALSE,FALSE,FALSE,FALSE,FALSE,FALSE,FALSE,FALSE,FALSE,FALSE,FALSE,TRUE,TRUE,FALSE,FALSE,FALSE,FALSE,FALSE,1102
,Ochre Froglight,ochre_froglight,FALSE,FALSE,FALSE,64,TRUE,TRUE,FALSE,TRUE,FALSE,N/A,N/A,N/A,N/A,1,0,1,4,N/A,N/A,N/A,FALSE,FALSE,FALSE,N/A,N/A,FALSE,FALSE,FALSE,FALSE,FALSE,FALSE,FALSE,FALSE,FALSE,FALSE,FALSE,FALSE,FALSE,FALSE,FALSE,FALSE,TRUE,TRUE,FALSE,FALSE,FALSE,FALSE,FALSE,1103
,String,string,FALSE,FALSE,FALSE,64,TRUE,TRUE,FALSE,TRUE,FALSE,N/A,N/A,N/A,N/A,1,0,1,4,N/A,N/A,N/A,FALSE,FALSE,FALSE,N/A,N/A,FALSE,FALSE,FALSE,FALSE,FALSE,FALSE,TRUE,FALSE,FALSE,TRUE,FALSE,FALSE,FALSE,FALSE,FALSE,FALSE,TRUE,TRUE,FALSE,FALSE,FALSE,TRUE,FALSE,1104
,Rotten Flesh,rotten_flesh,FALSE,FALSE,FALSE,64,TRUE,TRUE,FALSE,FALSE,FALSE,N/A,N/A,N/A,N/A,1,0,1,4,N/A,N/A,N/A,FALSE,TRUE,FALSE,4,0.8,FALSE,FALSE,FALSE,FALSE,FALSE,FALSE,TRUE,FALSE,FALSE,FALSE,FALSE,FALSE,FALSE,FALSE,FALSE,FALSE,TRUE,TRUE,FALSE,FALSE,FALSE,FALSE,FALSE,1105
,Arrow,arrow,FALSE,FALSE,FALSE,64,TRUE,TRUE,FALSE,FALSE,TRUE,N/A,N/A,N/A,N/A,1,0,1,4,N/A,N/A,N/A,FALSE,FALSE,FALSE,N/A,N/A,FALSE,FALSE,FALSE,TRUE,FALSE,TRUE,TRUE,FALSE,FALSE,TRUE,TRUE,FALSE,FALSE,FALSE,FALSE,FALSE,FALSE,TRUE,FALSE,FALSE,FALSE,FALSE,FALSE,1106
,Uncraftable Tipped Arrow,tipped_arrow,TRUE,TRUE,TRUE,64,FALSE,FALSE,FALSE,FALSE,TRUE,N/A,N/A,N/A,N/A,1,0,1,4,N/A,N/A,N/A,FALSE,FALSE,FALSE,N/A,N/A,FALSE,FALSE,FALSE,TRUE,FALSE,FALSE,FALSE,FALSE,FALSE,FALSE,TRUE,FALSE,FALSE,FALSE,FALSE,FALSE,FALSE,TRUE,FALSE,FALSE,FALSE,FALSE,FALSE,1107
,Arrow Of Splashing,"tipped_arrow[potion_contents={potion:""minecraft:water""}]",FALSE,FALSE,FALSE,64,TRUE,TRUE,TRUE,FALSE,TRUE,N/A,N/A,N/A,N/A,1,0,1,4,N/A,N/A,N/A,FALSE,FALSE,FALSE,N/A,N/A,FALSE,FALSE,FALSE,TRUE,FALSE,FALSE,FALSE,FALSE,FALSE,FALSE,TRUE,FALSE,FALSE,FALSE,FALSE,FALSE,FALSE,TRUE,FALSE,FALSE,FALSE,FALSE,TRUE,1108
,Tipped Arrow (Awkward),"tipped_arrow[potion_contents={potion:""minecraft:awkward""}]",FALSE,FALSE,FALSE,64,TRUE,TRUE,TRUE,FALSE,TRUE,N/A,N/A,N/A,N/A,1,0,1,4,N/A,N/A,N/A,FALSE,FALSE,FALSE,N/A,N/A,FALSE,FALSE,FALSE,TRUE,FALSE,FALSE,FALSE,FALSE,FALSE,FALSE,TRUE,FALSE,FALSE,FALSE,FALSE,FALSE,FALSE,TRUE,FALSE,FALSE,FALSE,FALSE,TRUE,1109
,Tipped Arrow (Mundane),"tipped_arrow[potion_contents={potion:""minecraft:mundane""}]",FALSE,FALSE,FALSE,64,TRUE,TRUE,TRUE,FALSE,TRUE,N/A,N/A,N/A,N/A,1,0,1,4,N/A,N/A,N/A,FALSE,FALSE,FALSE,N/A,N/A,FALSE,FALSE,FALSE,TRUE,FALSE,FALSE,FALSE,FALSE,FALSE,FALSE,TRUE,FALSE,FALSE,FALSE,FALSE,FALSE,FALSE,TRUE,FALSE,FALSE,FALSE,FALSE,TRUE,1110
,Tipped Arrow (Thick),"tipped_arrow[potion_contents={potion:""minecraft:thick""}]",FALSE,FALSE,FALSE,64,TRUE,TRUE,TRUE,FALSE,TRUE,N/A,N/A,N/A,N/A,1,0,1,4,N/A,N/A,N/A,FALSE,FALSE,FALSE,N/A,N/A,FALSE,FALSE,FALSE,TRUE,FALSE,FALSE,FALSE,FALSE,FALSE,FALSE,TRUE,FALSE,FALSE,FALSE,FALSE,FALSE,FALSE,TRUE,FALSE,FALSE,FALSE,FALSE,TRUE,1111
,Arrow Of Healing,"tipped_arrow[potion_contents={potion:""minecraft:healing""}]",FALSE,FALSE,FALSE,64,TRUE,TRUE,TRUE,FALSE,TRUE,N/A,N/A,N/A,N/A,1,0,1,4,N/A,N/A,N/A,FALSE,FALSE,FALSE,N/A,N/A,FALSE,FALSE,FALSE,TRUE,FALSE,TRUE,FALSE,FALSE,FALSE,FALSE,TRUE,FALSE,FALSE,FALSE,FALSE,FALSE,FALSE,TRUE,FALSE,FALSE,FALSE,FALSE,TRUE,1112
,Arrow Of Healing (Strong),"tipped_arrow[potion_contents={potion:""minecraft:strong_healing""}]",FALSE,FALSE,FALSE,64,TRUE,TRUE,TRUE,FALSE,TRUE,N/A,N/A,N/A,N/A,1,0,1,4,N/A,N/A,N/A,FALSE,FALSE,FALSE,N/A,N/A,FALSE,FALSE,FALSE,TRUE,FALSE,TRUE,FALSE,FALSE,FALSE,FALSE,TRUE,FALSE,FALSE,FALSE,FALSE,FALSE,FALSE,TRUE,FALSE,FALSE,FALSE,FALSE,TRUE,1113
,Arrow Of Regeneration,"tipped_arrow[potion_contents={potion:""minecraft:regeneration""}]",FALSE,FALSE,FALSE,64,TRUE,TRUE,TRUE,FALSE,TRUE,N/A,N/A,N/A,N/A,1,0,1,4,N/A,N/A,N/A,FALSE,FALSE,FALSE,N/A,N/A,FALSE,FALSE,FALSE,TRUE,FALSE,TRUE,FALSE,FALSE,FALSE,FALSE,TRUE,FALSE,FALSE,FALSE,FALSE,FALSE,FALSE,TRUE,FALSE,FALSE,FALSE,FALSE,TRUE,1114
,Arrow Of Regeneration (Long),"tipped_arrow[potion_contents={potion:""minecraft:long_regeneration""}]",FALSE,FALSE,FALSE,64,TRUE,TRUE,TRUE,FALSE,TRUE,N/A,N/A,N/A,N/A,1,0,1,4,N/A,N/A,N/A,FALSE,FALSE,FALSE,N/A,N/A,FALSE,FALSE,FALSE,TRUE,FALSE,TRUE,FALSE,FALSE,FALSE,FALSE,TRUE,FALSE,FALSE,FALSE,FALSE,FALSE,FALSE,TRUE,FALSE,FALSE,FALSE,FALSE,TRUE,1115
,Arrow Of Regeneration (Strong),"tipped_arrow[potion_contents={potion:""minecraft:strong_regeneration""}]",FALSE,FALSE,FALSE,64,TRUE,TRUE,TRUE,FALSE,TRUE,N/A,N/A,N/A,N/A,1,0,1,4,N/A,N/A,N/A,FALSE,FALSE,FALSE,N/A,N/A,FALSE,FALSE,FALSE,TRUE,FALSE,TRUE,FALSE,FALSE,FALSE,FALSE,TRUE,FALSE,FALSE,FALSE,FALSE,FALSE,FALSE,TRUE,FALSE,FALSE,FALSE,FALSE,TRUE,1116
,Arrow Of Strength,"tipped_arrow[potion_contents={potion:""minecraft:strength""}]",FALSE,FALSE,FALSE,64,TRUE,TRUE,TRUE,FALSE,TRUE,N/A,N/A,N/A,N/A,1,0,1,4,N/A,N/A,N/A,FALSE,FALSE,FALSE,N/A,N/A,FALSE,FALSE,FALSE,TRUE,FALSE,TRUE,FALSE,FALSE,FALSE,FALSE,TRUE,FALSE,FALSE,FALSE,FALSE,FALSE,FALSE,TRUE,FALSE,FALSE,FALSE,FALSE,TRUE,1117
,Arrow Of Strength (Long),"tipped_arrow[potion_contents={potion:""minecraft:long_strength""}]",FALSE,FALSE,FALSE,64,TRUE,TRUE,TRUE,FALSE,TRUE,N/A,N/A,N/A,N/A,1,0,1,4,N/A,N/A,N/A,FALSE,FALSE,FALSE,N/A,N/A,FALSE,FALSE,FALSE,TRUE,FALSE,TRUE,FALSE,FALSE,FALSE,FALSE,TRUE,FALSE,FALSE,FALSE,FALSE,FALSE,FALSE,TRUE,FALSE,FALSE,FALSE,FALSE,TRUE,1118
,Arrow Of Strength (Strong),"tipped_arrow[potion_contents={potion:""minecraft:strong_strength""}]",FALSE,FALSE,FALSE,64,TRUE,TRUE,TRUE,FALSE,TRUE,N/A,N/A,N/A,N/A,1,0,1,4,N/A,N/A,N/A,FALSE,FALSE,FALSE,N/A,N/A,FALSE,FALSE,FALSE,TRUE,FALSE,TRUE,FALSE,FALSE,FALSE,FALSE,TRUE,FALSE,FALSE,FALSE,FALSE,FALSE,FALSE,TRUE,FALSE,FALSE,FALSE,FALSE,TRUE,1119
,Arrow Of Swiftness,"tipped_arrow[potion_contents={potion:""minecraft:swiftness""}]",FALSE,FALSE,FALSE,64,TRUE,TRUE,TRUE,FALSE,TRUE,N/A,N/A,N/A,N/A,1,0,1,4,N/A,N/A,N/A,FALSE,FALSE,FALSE,N/A,N/A,FALSE,FALSE,FALSE,TRUE,FALSE,TRUE,FALSE,FALSE,FALSE,FALSE,TRUE,FALSE,FALSE,FALSE,FALSE,FALSE,FALSE,TRUE,FALSE,FALSE,FALSE,FALSE,TRUE,1120
,Arrow Of Swiftness (Long),"tipped_arrow[potion_contents={potion:""minecraft:long_swiftness""}]",FALSE,FALSE,FALSE,64,TRUE,TRUE,TRUE,FALSE,TRUE,N/A,N/A,N/A,N/A,1,0,1,4,N/A,N/A,N/A,FALSE,FALSE,FALSE,N/A,N/A,FALSE,FALSE,FALSE,TRUE,FALSE,TRUE,FALSE,FALSE,FALSE,FALSE,TRUE,FALSE,FALSE,FALSE,FALSE,FALSE,FALSE,TRUE,FALSE,FALSE,FALSE,FALSE,TRUE,1121
,Arrow Of Swiftness (Strong),"tipped_arrow[potion_contents={potion:""minecraft:strong_swiftness""}]",FALSE,FALSE,FALSE,64,TRUE,TRUE,TRUE,FALSE,TRUE,N/A,N/A,N/A,N/A,1,0,1,4,N/A,N/A,N/A,FALSE,FALSE,FALSE,N/A,N/A,FALSE,FALSE,FALSE,TRUE,FALSE,TRUE,FALSE,FALSE,FALSE,FALSE,TRUE,FALSE,FALSE,FALSE,FALSE,FALSE,FALSE,TRUE,FALSE,FALSE,FALSE,FALSE,TRUE,1122
,Arrow Of Leaping,"tipped_arrow[potion_contents={potion:""minecraft:leaping""}]",FALSE,FALSE,FALSE,64,TRUE,TRUE,TRUE,FALSE,TRUE,N/A,N/A,N/A,N/A,1,0,1,4,N/A,N/A,N/A,FALSE,FALSE,FALSE,N/A,N/A,FALSE,FALSE,FALSE,TRUE,FALSE,TRUE,FALSE,FALSE,FALSE,FALSE,TRUE,FALSE,FALSE,FALSE,FALSE,FALSE,FALSE,TRUE,FALSE,FALSE,FALSE,FALSE,TRUE,1123
,Arrow Of Leaping (Long),"tipped_arrow[potion_contents={potion:""minecraft:long_leaping""}]",FALSE,FALSE,FALSE,64,TRUE,TRUE,TRUE,FALSE,TRUE,N/A,N/A,N/A,N/A,1,0,1,4,N/A,N/A,N/A,FALSE,FALSE,FALSE,N/A,N/A,FALSE,FALSE,FALSE,TRUE,FALSE,TRUE,FALSE,FALSE,FALSE,FALSE,TRUE,FALSE,FALSE,FALSE,FALSE,FALSE,FALSE,TRUE,FALSE,FALSE,FALSE,FALSE,TRUE,1124
,Arrow Of Leaping (Strong),"tipped_arrow[potion_contents={potion:""minecraft:strong_leaping""}]",FALSE,FALSE,FALSE,64,TRUE,TRUE,TRUE,FALSE,TRUE,N/A,N/A,N/A,N/A,1,0,1,4,N/A,N/A,N/A,FALSE,FALSE,FALSE,N/A,N/A,FALSE,FALSE,FALSE,TRUE,FALSE,TRUE,FALSE,FALSE,FALSE,FALSE,TRUE,FALSE,FALSE,FALSE,FALSE,FALSE,FALSE,TRUE,FALSE,FALSE,FALSE,FALSE,TRUE,1125
,Arrow Of Luck,"tipped_arrow[potion_contents={potion:""minecraft:luck""}]",TRUE,FALSE,FALSE,64,FALSE,FALSE,FALSE,FALSE,TRUE,N/A,N/A,N/A,N/A,1,0,1,4,N/A,N/A,N/A,FALSE,FALSE,FALSE,N/A,N/A,FALSE,FALSE,FALSE,TRUE,FALSE,FALSE,FALSE,FALSE,FALSE,FALSE,FALSE,FALSE,FALSE,FALSE,FALSE,FALSE,FALSE,TRUE,FALSE,FALSE,FALSE,FALSE,TRUE,1126
,Arrow Of Night Vision,"tipped_arrow[potion_contents={potion:""minecraft:night_vision""}]",FALSE,FALSE,FALSE,64,TRUE,TRUE,TRUE,FALSE,TRUE,N/A,N/A,N/A,N/A,1,0,1,4,N/A,N/A,N/A,FALSE,FALSE,FALSE,N/A,N/A,FALSE,FALSE,FALSE,TRUE,FALSE,TRUE,FALSE,FALSE,FALSE,FALSE,TRUE,FALSE,FALSE,FALSE,FALSE,FALSE,FALSE,TRUE,FALSE,FALSE,FALSE,FALSE,TRUE,1127
,Arrow Of Night Vision (Long),"tipped_arrow[potion_contents={potion:""minecraft:long_night_vision""}]",FALSE,FALSE,FALSE,64,TRUE,TRUE,TRUE,FALSE,TRUE,N/A,N/A,N/A,N/A,1,0,1,4,N/A,N/A,N/A,FALSE,FALSE,FALSE,N/A,N/A,FALSE,FALSE,FALSE,TRUE,FALSE,TRUE,FALSE,FALSE,FALSE,FALSE,TRUE,FALSE,FALSE,FALSE,FALSE,FALSE,FALSE,TRUE,FALSE,FALSE,FALSE,FALSE,TRUE,1128
,Arrow Of Invisibility,"tipped_arrow[potion_contents={potion:""minecraft:invisibility""}]",FALSE,FALSE,FALSE,64,TRUE,TRUE,TRUE,FALSE,TRUE,N/A,N/A,N/A,N/A,1,0,1,4,N/A,N/A,N/A,FALSE,FALSE,FALSE,N/A,N/A,FALSE,FALSE,FALSE,TRUE,FALSE,TRUE,FALSE,FALSE,FALSE,FALSE,TRUE,FALSE,FALSE,FALSE,FALSE,FALSE,FALSE,TRUE,FALSE,FALSE,FALSE,FALSE,TRUE,1129
,Arrow Of Invisibility (Long),"tipped_arrow[potion_contents={potion:""minecraft:long_invisibility""}]",FALSE,FALSE,FALSE,64,TRUE,TRUE,TRUE,FALSE,TRUE,N/A,N/A,N/A,N/A,1,0,1,4,N/A,N/A,N/A,FALSE,FALSE,FALSE,N/A,N/A,FALSE,FALSE,FALSE,TRUE,FALSE,TRUE,FALSE,FALSE,FALSE,FALSE,TRUE,FALSE,FALSE,FALSE,FALSE,FALSE,FALSE,TRUE,FALSE,FALSE,FALSE,FALSE,TRUE,1130
,Arrow Of Water Breathing,"tipped_arrow[potion_contents={potion:""minecraft:water_breathing""}]",FALSE,FALSE,FALSE,64,TRUE,TRUE,TRUE,FALSE,TRUE,N/A,N/A,N/A,N/A,1,0,1,4,N/A,N/A,N/A,FALSE,FALSE,FALSE,N/A,N/A,FALSE,FALSE,FALSE,TRUE,FALSE,TRUE,FALSE,FALSE,FALSE,FALSE,TRUE,FALSE,FALSE,FALSE,FALSE,FALSE,FALSE,TRUE,FALSE,FALSE,FALSE,FALSE,TRUE,1131
,Arrow Of Water Breathing (Long),"tipped_arrow[potion_contents={potion:""minecraft:long_water_breathing""}]",FALSE,FALSE,FALSE,64,TRUE,TRUE,TRUE,FALSE,TRUE,N/A,N/A,N/A,N/A,1,0,1,4,N/A,N/A,N/A,FALSE,FALSE,FALSE,N/A,N/A,FALSE,FALSE,FALSE,TRUE,FALSE,TRUE,FALSE,FALSE,FALSE,FALSE,TRUE,FALSE,FALSE,FALSE,FALSE,FALSE,FALSE,TRUE,FALSE,FALSE,FALSE,FALSE,TRUE,1132
,Arrow Of Fire Resistance,"tipped_arrow[potion_contents={potion:""minecraft:fire_resistance""}]",FALSE,FALSE,FALSE,64,TRUE,TRUE,TRUE,FALSE,TRUE,N/A,N/A,N/A,N/A,1,0,1,4,N/A,N/A,N/A,FALSE,FALSE,FALSE,N/A,N/A,FALSE,FALSE,FALSE,TRUE,FALSE,TRUE,FALSE,FALSE,FALSE,FALSE,TRUE,FALSE,FALSE,FALSE,FALSE,FALSE,FALSE,TRUE,FALSE,FALSE,FALSE,FALSE,TRUE,1133
,Arrow Of Fire Resistance (Long),"tipped_arrow[potion_contents={potion:""minecraft:long_fire_resistance""}]",FALSE,FALSE,FALSE,64,TRUE,TRUE,TRUE,FALSE,TRUE,N/A,N/A,N/A,N/A,1,0,1,4,N/A,N/A,N/A,FALSE,FALSE,FALSE,N/A,N/A,FALSE,FALSE,FALSE,TRUE,FALSE,TRUE,FALSE,FALSE,FALSE,FALSE,TRUE,FALSE,FALSE,FALSE,FALSE,FALSE,FALSE,TRUE,FALSE,FALSE,FALSE,FALSE,TRUE,1134
,Arrow Of Slow Falling,"tipped_arrow[potion_contents={potion:""minecraft:slow_falling""}]",FALSE,FALSE,FALSE,64,TRUE,TRUE,TRUE,FALSE,TRUE,N/A,N/A,N/A,N/A,1,0,1,4,N/A,N/A,N/A,FALSE,FALSE,FALSE,N/A,N/A,FALSE,FALSE,FALSE,TRUE,FALSE,TRUE,FALSE,FALSE,FALSE,FALSE,TRUE,FALSE,FALSE,FALSE,FALSE,FALSE,FALSE,TRUE,FALSE,FALSE,FALSE,FALSE,TRUE,1135
,Arrow Of Slow Falling (Long),"tipped_arrow[potion_contents={potion:""minecraft:long_slow_falling""}]",FALSE,FALSE,FALSE,64,TRUE,TRUE,TRUE,FALSE,TRUE,N/A,N/A,N/A,N/A,1,0,1,4,N/A,N/A,N/A,FALSE,FALSE,FALSE,N/A,N/A,FALSE,FALSE,FALSE,TRUE,FALSE,TRUE,FALSE,FALSE,FALSE,FALSE,TRUE,FALSE,FALSE,FALSE,FALSE,FALSE,FALSE,TRUE,FALSE,FALSE,FALSE,FALSE,TRUE,1136
,Arrow Of The Turtle Master,"tipped_arrow[potion_contents={potion:""minecraft:turtle_master""}]",FALSE,FALSE,FALSE,64,TRUE,TRUE,TRUE,FALSE,TRUE,N/A,N/A,N/A,N/A,1,0,1,4,N/A,N/A,N/A,FALSE,FALSE,FALSE,N/A,N/A,FALSE,FALSE,FALSE,TRUE,FALSE,TRUE,FALSE,FALSE,FALSE,FALSE,TRUE,FALSE,FALSE,FALSE,FALSE,FALSE,FALSE,TRUE,FALSE,FALSE,FALSE,FALSE,TRUE,1137
,Arrow Of The Turtle Master (Long),"tipped_arrow[potion_contents={potion:""minecraft:long_turtle_master""}]",FALSE,FALSE,FALSE,64,TRUE,TRUE,TRUE,FALSE,TRUE,N/A,N/A,N/A,N/A,1,0,1,4,N/A,N/A,N/A,FALSE,FALSE,FALSE,N/A,N/A,FALSE,FALSE,FALSE,TRUE,FALSE,TRUE,FALSE,FALSE,FALSE,FALSE,TRUE,FALSE,FALSE,FALSE,FALSE,FALSE,FALSE,TRUE,FALSE,FALSE,FALSE,FALSE,TRUE,1138
,Arrow Of The Turtle Master (Strong),"tipped_arrow[potion_contents={potion:""minecraft:strong_turtle_master""}]",FALSE,FALSE,FALSE,64,TRUE,TRUE,TRUE,FALSE,TRUE,N/A,N/A,N/A,N/A,1,0,1,4,N/A,N/A,N/A,FALSE,FALSE,FALSE,N/A,N/A,FALSE,FALSE,FALSE,TRUE,FALSE,TRUE,FALSE,FALSE,FALSE,FALSE,TRUE,FALSE,FALSE,FALSE,FALSE,FALSE,FALSE,TRUE,FALSE,FALSE,FALSE,FALSE,TRUE,1139
,Arrow Of Harming,"tipped_arrow[potion_contents={potion:""minecraft:harming""}]",FALSE,FALSE,FALSE,64,TRUE,TRUE,TRUE,FALSE,TRUE,N/A,N/A,N/A,N/A,1,0,1,4,N/A,N/A,N/A,FALSE,FALSE,FALSE,N/A,N/A,FALSE,FALSE,FALSE,TRUE,FALSE,TRUE,FALSE,FALSE,FALSE,FALSE,TRUE,FALSE,FALSE,FALSE,FALSE,FALSE,FALSE,TRUE,FALSE,FALSE,FALSE,FALSE,TRUE,1140
,Arrow Of Harming (Strong),"tipped_arrow[potion_contents={potion:""minecraft:strong_harming""}]",FALSE,FALSE,FALSE,64,TRUE,TRUE,TRUE,FALSE,TRUE,N/A,N/A,N/A,N/A,1,0,1,4,N/A,N/A,N/A,FALSE,FALSE,FALSE,N/A,N/A,FALSE,FALSE,FALSE,TRUE,FALSE,TRUE,FALSE,FALSE,FALSE,FALSE,TRUE,FALSE,FALSE,FALSE,FALSE,FALSE,FALSE,TRUE,FALSE,FALSE,FALSE,FALSE,TRUE,1141
,Arrow Of Poison,"tipped_arrow[potion_contents={potion:""minecraft:poison""}]",FALSE,FALSE,FALSE,64,TRUE,TRUE,FALSE,FALSE,TRUE,N/A,N/A,N/A,N/A,1,0,1,4,N/A,N/A,N/A,FALSE,FALSE,FALSE,N/A,N/A,FALSE,FALSE,FALSE,TRUE,FALSE,TRUE,FALSE,FALSE,FALSE,FALSE,TRUE,FALSE,FALSE,FALSE,FALSE,FALSE,FALSE,TRUE,FALSE,FALSE,FALSE,FALSE,TRUE,1142
,Arrow Of Poison (Long),"tipped_arrow[potion_contents={potion:""minecraft:long_poison""}]",FALSE,FALSE,FALSE,64,TRUE,TRUE,TRUE,FALSE,TRUE,N/A,N/A,N/A,N/A,1,0,1,4,N/A,N/A,N/A,FALSE,FALSE,FALSE,N/A,N/A,FALSE,FALSE,FALSE,TRUE,FALSE,TRUE,FALSE,FALSE,FALSE,FALSE,TRUE,FALSE,FALSE,FALSE,FALSE,FALSE,FALSE,TRUE,FALSE,FALSE,FALSE,FALSE,TRUE,1143
,Arrow Of Poison (Strong),"tipped_arrow[potion_contents={potion:""minecraft:strong_poison""}]",FALSE,FALSE,FALSE,64,TRUE,TRUE,TRUE,FALSE,TRUE,N/A,N/A,N/A,N/A,1,0,1,4,N/A,N/A,N/A,FALSE,FALSE,FALSE,N/A,N/A,FALSE,FALSE,FALSE,TRUE,FALSE,TRUE,FALSE,FALSE,FALSE,FALSE,TRUE,FALSE,FALSE,FALSE,FALSE,FALSE,FALSE,TRUE,FALSE,FALSE,FALSE,FALSE,TRUE,1144
,Arrow Of Weakness,"tipped_arrow[potion_contents={potion:""minecraft:weakness""}]",FALSE,FALSE,FALSE,64,TRUE,TRUE,TRUE,FALSE,TRUE,N/A,N/A,N/A,N/A,1,0,1,4,N/A,N/A,N/A,FALSE,FALSE,FALSE,N/A,N/A,FALSE,FALSE,FALSE,TRUE,FALSE,TRUE,FALSE,FALSE,FALSE,FALSE,TRUE,FALSE,FALSE,FALSE,FALSE,FALSE,FALSE,TRUE,FALSE,FALSE,FALSE,FALSE,TRUE,1145
,Arrow Of Weakness (Long),"tipped_arrow[potion_contents={potion:""minecraft:long_weakness""}]",FALSE,FALSE,FALSE,64,TRUE,TRUE,TRUE,FALSE,TRUE,N/A,N/A,N/A,N/A,1,0,1,4,N/A,N/A,N/A,FALSE,FALSE,FALSE,N/A,N/A,FALSE,FALSE,FALSE,TRUE,FALSE,TRUE,FALSE,FALSE,FALSE,FALSE,TRUE,FALSE,FALSE,FALSE,FALSE,FALSE,FALSE,TRUE,FALSE,FALSE,FALSE,FALSE,TRUE,1146
,Arrow Of Slowness,"tipped_arrow[potion_contents={potion:""minecraft:slowness""}]",FALSE,FALSE,FALSE,64,TRUE,TRUE,FALSE,FALSE,TRUE,N/A,N/A,N/A,N/A,1,0,1,4,N/A,N/A,N/A,FALSE,FALSE,FALSE,N/A,N/A,FALSE,FALSE,FALSE,TRUE,FALSE,TRUE,FALSE,FALSE,FALSE,FALSE,TRUE,FALSE,FALSE,FALSE,FALSE,FALSE,FALSE,TRUE,FALSE,FALSE,FALSE,FALSE,TRUE,1147
,Arrow Of Slowness (Long),"tipped_arrow[potion_contents={potion:""minecraft:long_slowness""}]",FALSE,FALSE,FALSE,64,TRUE,TRUE,TRUE,FALSE,TRUE,N/A,N/A,N/A,N/A,1,0,1,4,N/A,N/A,N/A,FALSE,FALSE,FALSE,N/A,N/A,FALSE,FALSE,FALSE,TRUE,FALSE,TRUE,FALSE,FALSE,FALSE,FALSE,TRUE,FALSE,FALSE,FALSE,FALSE,FALSE,FALSE,TRUE,FALSE,FALSE,FALSE,FALSE,TRUE,1148
,Arrow Of Slowness (Strong),"tipped_arrow[potion_contents={potion:""minecraft:strong_slowness""}]",FALSE,FALSE,FALSE,64,TRUE,TRUE,TRUE,FALSE,TRUE,N/A,N/A,N/A,N/A,1,0,1,4,N/A,N/A,N/A,FALSE,FALSE,FALSE,N/A,N/A,FALSE,FALSE,FALSE,TRUE,FALSE,TRUE,FALSE,FALSE,FALSE,FALSE,TRUE,FALSE,FALSE,FALSE,FALSE,FALSE,FALSE,TRUE,FALSE,FALSE,FALSE,FALSE,TRUE,1149
,Arrow Of Infestation,"tipped_arrow[potion_contents={potion:""minecraft:infestated""}]",FALSE,FALSE,FALSE,64,TRUE,TRUE,TRUE,FALSE,TRUE,N/A,N/A,N/A,N/A,1,0,1,4,N/A,N/A,N/A,FALSE,FALSE,FALSE,N/A,N/A,FALSE,FALSE,FALSE,TRUE,FALSE,TRUE,FALSE,FALSE,FALSE,FALSE,TRUE,FALSE,FALSE,FALSE,FALSE,FALSE,FALSE,TRUE,FALSE,FALSE,FALSE,FALSE,TRUE,1150
,Arrow Of Oozing,"tipped_arrow[potion_contents={potion:""minecraft:oozing""}]",FALSE,FALSE,FALSE,64,TRUE,TRUE,TRUE,FALSE,TRUE,N/A,N/A,N/A,N/A,1,0,1,4,N/A,N/A,N/A,FALSE,FALSE,FALSE,N/A,N/A,FALSE,FALSE,FALSE,TRUE,FALSE,TRUE,FALSE,FALSE,FALSE,FALSE,TRUE,FALSE,FALSE,FALSE,FALSE,FALSE,FALSE,TRUE,FALSE,FALSE,FALSE,FALSE,TRUE,1151
,Arrow Of Weaving,"tipped_arrow[potion_contents={potion:""minecraft:weaving""}]",FALSE,FALSE,FALSE,64,TRUE,TRUE,TRUE,FALSE,TRUE,N/A,N/A,N/A,N/A,1,0,1,4,N/A,N/A,N/A,FALSE,FALSE,FALSE,N/A,N/A,FALSE,FALSE,FALSE,TRUE,FALSE,TRUE,FALSE,FALSE,FALSE,FALSE,TRUE,FALSE,FALSE,FALSE,FALSE,FALSE,FALSE,TRUE,FALSE,FALSE,FALSE,FALSE,TRUE,1152
,Arrow Of Wind Charging,"tipped_arrow[potion_contents={potion:""minecraft:wind_charged""}]",FALSE,FALSE,FALSE,64,TRUE,TRUE,TRUE,FALSE,TRUE,N/A,N/A,N/A,N/A,1,0,1,4,N/A,N/A,N/A,FALSE,FALSE,FALSE,N/A,N/A,FALSE,FALSE,FALSE,TRUE,FALSE,TRUE,FALSE,FALSE,FALSE,FALSE,TRUE,FALSE,FALSE,FALSE,FALSE,FALSE,FALSE,TRUE,FALSE,FALSE,FALSE,FALSE,TRUE,1153
,Spectral Arrow,spectral_arrow,FALSE,FALSE,FALSE,64,TRUE,TRUE,FALSE,FALSE,TRUE,N/A,N/A,N/A,N/A,1,0,1,4,N/A,N/A,N/A,FALSE,FALSE,FALSE,N/A,N/A,FALSE,FALSE,FALSE,TRUE,FALSE,FALSE,FALSE,FALSE,FALSE,FALSE,TRUE,FALSE,FALSE,FALSE,FALSE,FALSE,FALSE,TRUE,FALSE,FALSE,FALSE,FALSE,FALSE,1154
,Bone,bone,FALSE,FALSE,FALSE,64,TRUE,TRUE,FALSE,FALSE,FALSE,N/A,N/A,N/A,N/A,1,0,1,4,N/A,N/A,N/A,FALSE,FALSE,FALSE,N/A,N/A,FALSE,FALSE,FALSE,FALSE,FALSE,FALSE,FALSE,FALSE,FALSE,TRUE,FALSE,FALSE,FALSE,FALSE,FALSE,FALSE,FALSE,TRUE,FALSE,FALSE,FALSE,FALSE,FALSE,1155
,Bone Meal,bone_meal,FALSE,FALSE,FALSE,64,TRUE,TRUE,FALSE,FALSE,FALSE,N/A,N/A,N/A,N/A,1,0,1,4,N/A,N/A,N/A,FALSE,FALSE,FALSE,N/A,N/A,FALSE,FALSE,FALSE,TRUE,FALSE,FALSE,FALSE,FALSE,FALSE,TRUE,TRUE,FALSE,FALSE,FALSE,FALSE,FALSE,TRUE,TRUE,FALSE,FALSE,FALSE,FALSE,FALSE,1156
,Bone Block,bone_block,FALSE,FALSE,FALSE,64,TRUE,TRUE,FALSE,TRUE,FALSE,N/A,N/A,N/A,N/A,1,0,1,4,N/A,N/A,N/A,FALSE,FALSE,FALSE,N/A,N/A,FALSE,FALSE,FALSE,FALSE,FALSE,FALSE,FALSE,FALSE,FALSE,TRUE,TRUE,FALSE,FALSE,FALSE,FALSE,FALSE,TRUE,TRUE,FALSE,FALSE,FALSE,FALSE,FALSE,1157
,Gunpowder,gunpowder,FALSE,FALSE,FALSE,64,TRUE,TRUE,FALSE,FALSE,FALSE,N/A,N/A,N/A,N/A,1,0,1,4,N/A,N/A,N/A,FALSE,FALSE,FALSE,N/A,N/A,FALSE,FALSE,FALSE,FALSE,FALSE,FALSE,FALSE,TRUE,FALSE,TRUE,FALSE,FALSE,FALSE,FALSE,FALSE,FALSE,FALSE,TRUE,FALSE,FALSE,FALSE,FALSE,FALSE,1158
,Sugar,sugar,FALSE,FALSE,FALSE,64,TRUE,TRUE,FALSE,FALSE,FALSE,N/A,N/A,N/A,N/A,1,0,1,4,N/A,N/A,N/A,FALSE,FALSE,FALSE,N/A,N/A,FALSE,FALSE,FALSE,FALSE,FALSE,FALSE,FALSE,FALSE,FALSE,TRUE,TRUE,FALSE,FALSE,FALSE,FALSE,FALSE,FALSE,TRUE,FALSE,FALSE,FALSE,FALSE,FALSE,1159
,Spider Eye,spider_eye,FALSE,FALSE,FALSE,64,TRUE,TRUE,FALSE,FALSE,FALSE,N/A,N/A,N/A,N/A,1,0,1,4,N/A,N/A,N/A,FALSE,TRUE,FALSE,2,3.2,FALSE,FALSE,TRUE,FALSE,FALSE,FALSE,FALSE,FALSE,FALSE,TRUE,FALSE,FALSE,FALSE,FALSE,FALSE,FALSE,TRUE,TRUE,FALSE,FALSE,FALSE,FALSE,FALSE,1160
,Fermented Spider Eye,fermented_spider_eye,FALSE,FALSE,FALSE,64,TRUE,TRUE,FALSE,FALSE,FALSE,N/A,N/A,N/A,N/A,1,0,1,4,N/A,N/A,N/A,FALSE,FALSE,FALSE,N/A,N/A,FALSE,FALSE,FALSE,FALSE,FALSE,FALSE,FALSE,FALSE,FALSE,FALSE,TRUE,FALSE,FALSE,FALSE,FALSE,FALSE,FALSE,TRUE,FALSE,FALSE,FALSE,FALSE,FALSE,1161
,Ender Pearl,ender_pearl,FALSE,FALSE,FALSE,16,TRUE,TRUE,FALSE,FALSE,TRUE,N/A,N/A,N/A,N/A,1,0,1,4,N/A,N/A,N/A,FALSE,FALSE,FALSE,N/A,N/A,FALSE,FALSE,FALSE,FALSE,FALSE,TRUE,FALSE,FALSE,FALSE,TRUE,FALSE,FALSE,FALSE,FALSE,FALSE,FALSE,TRUE,TRUE,FALSE,FALSE,FALSE,FALSE,FALSE,1162
,Eye Of Ender,ender_eye,FALSE,FALSE,FALSE,64,TRUE,TRUE,FALSE,FALSE,TRUE,N/A,N/A,N/A,N/A,1,0,1,4,N/A,N/A,N/A,FALSE,FALSE,FALSE,N/A,N/A,FALSE,FALSE,FALSE,FALSE,FALSE,FALSE,FALSE,FALSE,FALSE,TRUE,TRUE,FALSE,FALSE,FALSE,FALSE,FALSE,TRUE,TRUE,FALSE,FALSE,FALSE,FALSE,FALSE,1163
,Blaze Rod,blaze_rod,FALSE,FALSE,FALSE,64,TRUE,TRUE,FALSE,FALSE,FALSE,N/A,120,N/A,N/A,1,0,1,4,N/A,N/A,N/A,FALSE,FALSE,FALSE,N/A,N/A,FALSE,FALSE,FALSE,FALSE,FALSE,FALSE,FALSE,FALSE,FALSE,TRUE,FALSE,FALSE,FALSE,FALSE,FALSE,FALSE,FALSE,TRUE,FALSE,FALSE,FALSE,FALSE,FALSE,1164
,Blaze Powder,blaze_powder,FALSE,FALSE,FALSE,64,TRUE,TRUE,FALSE,FALSE,FALSE,N/A,N/A,N/A,N/A,1,0,1,4,N/A,N/A,N/A,FALSE,FALSE,FALSE,N/A,N/A,FALSE,FALSE,FALSE,FALSE,FALSE,FALSE,FALSE,FALSE,FALSE,TRUE,TRUE,FALSE,FALSE,FALSE,FALSE,FALSE,FALSE,TRUE,FALSE,FALSE,FALSE,FALSE,FALSE,1165
,Magma Cream,magma_cream,FALSE,FALSE,FALSE,64,TRUE,TRUE,FALSE,FALSE,FALSE,N/A,N/A,N/A,N/A,1,0,1,4,N/A,N/A,N/A,FALSE,FALSE,FALSE,N/A,N/A,FALSE,FALSE,FALSE,FALSE,FALSE,FALSE,FALSE,FALSE,FALSE,TRUE,TRUE,FALSE,FALSE,FALSE,FALSE,FALSE,FALSE,TRUE,FALSE,FALSE,FALSE,FALSE,FALSE,1166
,Breeze Rod,breeze_rod,FALSE,FALSE,FALSE,64,TRUE,TRUE,FALSE,FALSE,FALSE,N/A,N/A,N/A,N/A,1,0,1,4,N/A,N/A,N/A,FALSE,FALSE,FALSE,N/A,N/A,FALSE,FALSE,FALSE,FALSE,FALSE,FALSE,FALSE,FALSE,FALSE,TRUE,FALSE,TRUE,FALSE,FALSE,FALSE,FALSE,FALSE,TRUE,FALSE,FALSE,FALSE,FALSE,FALSE,1167
,Wind Charge,wind_charge,FALSE,FALSE,FALSE,64,TRUE,TRUE,FALSE,FALSE,TRUE,N/A,N/A,N/A,N/A,1,0,1,4,N/A,N/A,N/A,FALSE,FALSE,FALSE,N/A,N/A,FALSE,FALSE,FALSE,TRUE,FALSE,FALSE,FALSE,FALSE,FALSE,FALSE,TRUE,FALSE,FALSE,FALSE,FALSE,FALSE,TRUE,TRUE,FALSE,FALSE,FALSE,FALSE,FALSE,1168
,Ghast Tear,ghast_tear,FALSE,FALSE,FALSE,64,TRUE,TRUE,FALSE,FALSE,FALSE,N/A,N/A,N/A,N/A,1,0,1,4,N/A,N/A,N/A,FALSE,FALSE,FALSE,N/A,N/A,FALSE,FALSE,FALSE,FALSE,FALSE,FALSE,FALSE,FALSE,FALSE,TRUE,FALSE,FALSE,FALSE,FALSE,FALSE,FALSE,FALSE,TRUE,FALSE,FALSE,FALSE,FALSE,FALSE,1169
,Phantom Membrane,phantom_membrane,FALSE,FALSE,FALSE,64,TRUE,TRUE,FALSE,FALSE,FALSE,N/A,N/A,N/A,N/A,1,0,1,4,N/A,N/A,N/A,FALSE,FALSE,FALSE,N/A,N/A,FALSE,FALSE,FALSE,FALSE,FALSE,FALSE,FALSE,FALSE,FALSE,TRUE,FALSE,TRUE,FALSE,FALSE,FALSE,FALSE,FALSE,TRUE,FALSE,FALSE,FALSE,FALSE,FALSE,1170
,Player Head,player_head,TRUE,FALSE,FALSE,64,FALSE,FALSE,FALSE,TRUE,FALSE,N/A,N/A,N/A,N/A,1,0,1,4,N/A,N/A,N/A,TRUE,FALSE,FALSE,N/A,N/A,FALSE,FALSE,FALSE,TRUE,FALSE,FALSE,FALSE,FALSE,TRUE,TRUE,FALSE,FALSE,FALSE,FALSE,FALSE,FALSE,TRUE,FALSE,TRUE,FALSE,FALSE,FALSE,FALSE,1171
,Wither Skeleton Skull,wither_skeleton_skull,FALSE,FALSE,FALSE,64,TRUE,TRUE,FALSE,TRUE,FALSE,N/A,N/A,N/A,N/A,1,0,1,4,N/A,N/A,N/A,TRUE,FALSE,FALSE,N/A,N/A,FALSE,FALSE,FALSE,TRUE,FALSE,FALSE,FALSE,FALSE,TRUE,TRUE,FALSE,FALSE,FALSE,FALSE,FALSE,FALSE,TRUE,FALSE,FALSE,TRUE,FALSE,FALSE,FALSE,1172
,Zombie Head,zombie_head,FALSE,FALSE,FALSE,64,TRUE,TRUE,FALSE,TRUE,FALSE,N/A,N/A,N/A,N/A,1,0,1,4,N/A,N/A,N/A,TRUE,FALSE,FALSE,N/A,N/A,FALSE,FALSE,FALSE,TRUE,FALSE,FALSE,FALSE,FALSE,TRUE,TRUE,FALSE,FALSE,FALSE,FALSE,FALSE,FALSE,TRUE,FALSE,TRUE,FALSE,FALSE,FALSE,FALSE,1173
,Skeleton Skull,skeleton_skull,FALSE,FALSE,FALSE,64,TRUE,TRUE,FALSE,TRUE,FALSE,N/A,N/A,N/A,N/A,1,0,1,4,N/A,N/A,N/A,TRUE,FALSE,FALSE,N/A,N/A,FALSE,FALSE,FALSE,TRUE,FALSE,FALSE,FALSE,FALSE,TRUE,TRUE,FALSE,FALSE,FALSE,FALSE,FALSE,FALSE,TRUE,FALSE,TRUE,FALSE,FALSE,FALSE,FALSE,1174
,Creeper Head,creeper_head,FALSE,FALSE,FALSE,64,TRUE,TRUE,FALSE,TRUE,FALSE,N/A,N/A,N/A,N/A,1,0,1,4,N/A,N/A,N/A,TRUE,FALSE,FALSE,N/A,N/A,FALSE,FALSE,FALSE,TRUE,FALSE,FALSE,FALSE,FALSE,TRUE,TRUE,FALSE,FALSE,FALSE,FALSE,FALSE,FALSE,TRUE,FALSE,TRUE,FALSE,FALSE,FALSE,FALSE,1175
,Piglin Head,piglin_head,FALSE,FALSE,FALSE,64,TRUE,TRUE,FALSE,TRUE,FALSE,N/A,N/A,N/A,N/A,1,0,1,4,N/A,N/A,N/A,TRUE,FALSE,FALSE,N/A,N/A,FALSE,FALSE,FALSE,TRUE,FALSE,FALSE,FALSE,FALSE,TRUE,TRUE,FALSE,FALSE,FALSE,FALSE,FALSE,FALSE,TRUE,FALSE,TRUE,FALSE,FALSE,FALSE,FALSE,1176
,Dragon Head,dragon_head,FALSE,FALSE,FALSE,64,FALSE,FALSE,FALSE,TRUE,FALSE,N/A,N/A,N/A,N/A,1,0,1,4,N/A,N/A,N/A,TRUE,FALSE,FALSE,N/A,N/A,FALSE,FALSE,FALSE,TRUE,FALSE,FALSE,FALSE,FALSE,TRUE,TRUE,FALSE,FALSE,FALSE,FALSE,FALSE,FALSE,TRUE,FALSE,FALSE,FALSE,TRUE,FALSE,FALSE,1177
,Dragon Egg,dragon_egg,FALSE,FALSE,FALSE,64,FALSE,FALSE,FALSE,TRUE,FALSE,N/A,N/A,N/A,N/A,1,0,1,4,N/A,N/A,N/A,FALSE,FALSE,FALSE,N/A,N/A,FALSE,FALSE,FALSE,FALSE,FALSE,FALSE,FALSE,FALSE,FALSE,FALSE,FALSE,FALSE,FALSE,FALSE,FALSE,FALSE,TRUE,FALSE,FALSE,FALSE,TRUE,FALSE,FALSE,1178
,Goat Horn,goat_horn,TRUE,TRUE,TRUE,1,FALSE,FALSE,FALSE,FALSE,FALSE,N/A,N/A,N/A,N/A,1,0,1,4,N/A,N/A,N/A,FALSE,FALSE,FALSE,N/A,N/A,FALSE,FALSE,FALSE,FALSE,FALSE,FALSE,FALSE,FALSE,FALSE,FALSE,FALSE,FALSE,FALSE,FALSE,FALSE,FALSE,TRUE,FALSE,TRUE,FALSE,FALSE,FALSE,FALSE,1179
,Goat Horn (Ponder),"goat_horn[instrument=""minecraft:ponder_goat_horn""]",FALSE,FALSE,FALSE,1,TRUE,TRUE,FALSE,FALSE,FALSE,N/A,N/A,N/A,N/A,1,0,1,4,N/A,N/A,N/A,FALSE,FALSE,FALSE,N/A,N/A,FALSE,FALSE,FALSE,FALSE,FALSE,FALSE,FALSE,FALSE,FALSE,FALSE,FALSE,FALSE,FALSE,FALSE,FALSE,FALSE,TRUE,FALSE,TRUE,FALSE,FALSE,FALSE,TRUE,1180
,Goat Horn (Sing),"goat_horn[instrument=""minecraft:sing_goat_horn""]",FALSE,FALSE,FALSE,1,TRUE,TRUE,FALSE,FALSE,FALSE,N/A,N/A,N/A,N/A,1,0,1,4,N/A,N/A,N/A,FALSE,FALSE,FALSE,N/A,N/A,FALSE,FALSE,FALSE,FALSE,FALSE,FALSE,FALSE,FALSE,FALSE,FALSE,FALSE,FALSE,FALSE,FALSE,FALSE,FALSE,TRUE,FALSE,TRUE,FALSE,FALSE,FALSE,TRUE,1181
,Goat Horn (Seek),"goat_horn[instrument=""minecraft:seek_goat_horn""]",FALSE,FALSE,FALSE,1,TRUE,TRUE,FALSE,FALSE,FALSE,N/A,N/A,N/A,N/A,1,0,1,4,N/A,N/A,N/A,FALSE,FALSE,FALSE,N/A,N/A,FALSE,FALSE,FALSE,FALSE,FALSE,FALSE,FALSE,FALSE,FALSE,FALSE,FALSE,FALSE,FALSE,FALSE,FALSE,FALSE,TRUE,FALSE,TRUE,FALSE,FALSE,FALSE,TRUE,1182
,Goat Horn (Feel),"goat_horn[instrument=""minecraft:feel_goat_horn""]",FALSE,FALSE,FALSE,1,TRUE,TRUE,FALSE,FALSE,FALSE,N/A,N/A,N/A,N/A,1,0,1,4,N/A,N/A,N/A,FALSE,FALSE,FALSE,N/A,N/A,FALSE,FALSE,FALSE,FALSE,FALSE,FALSE,FALSE,FALSE,FALSE,FALSE,FALSE,FALSE,FALSE,FALSE,FALSE,FALSE,TRUE,FALSE,TRUE,FALSE,FALSE,FALSE,TRUE,1183
,Goat Horn (Admire),"goat_horn[instrument=""minecraft:admire_goat_horn""]",FALSE,FALSE,FALSE,1,TRUE,TRUE,FALSE,FALSE,FALSE,N/A,N/A,N/A,N/A,1,0,1,4,N/A,N/A,N/A,FALSE,FALSE,FALSE,N/A,N/A,FALSE,FALSE,FALSE,FALSE,FALSE,FALSE,FALSE,FALSE,FALSE,FALSE,FALSE,FALSE,FALSE,FALSE,FALSE,FALSE,TRUE,FALSE,TRUE,FALSE,FALSE,FALSE,TRUE,1184
,Goat Horn (Call),"goat_horn[instrument=""minecraft:call_goat_horn""]",FALSE,FALSE,FALSE,1,TRUE,TRUE,FALSE,FALSE,FALSE,N/A,N/A,N/A,N/A,1,0,1,4,N/A,N/A,N/A,FALSE,FALSE,FALSE,N/A,N/A,FALSE,FALSE,FALSE,FALSE,FALSE,FALSE,FALSE,FALSE,FALSE,FALSE,FALSE,FALSE,FALSE,FALSE,FALSE,FALSE,TRUE,FALSE,TRUE,FALSE,FALSE,FALSE,TRUE,1185
,Goat Horn (Yearn),"goat_horn[instrument=""minecraft:yearn_goat_horn""]",FALSE,FALSE,FALSE,1,TRUE,TRUE,FALSE,FALSE,FALSE,N/A,N/A,N/A,N/A,1,0,1,4,N/A,N/A,N/A,FALSE,FALSE,FALSE,N/A,N/A,FALSE,FALSE,FALSE,FALSE,FALSE,FALSE,FALSE,FALSE,FALSE,FALSE,FALSE,FALSE,FALSE,FALSE,FALSE,FALSE,TRUE,FALSE,TRUE,FALSE,FALSE,FALSE,TRUE,1186
,Goat Horn (Dream),"goat_horn[instrument=""minecraft:dream_goat_horn""]",FALSE,FALSE,FALSE,1,TRUE,TRUE,FALSE,FALSE,FALSE,N/A,N/A,N/A,N/A,1,0,1,4,N/A,N/A,N/A,FALSE,FALSE,FALSE,N/A,N/A,FALSE,FALSE,FALSE,FALSE,FALSE,FALSE,FALSE,FALSE,FALSE,FALSE,FALSE,FALSE,FALSE,FALSE,FALSE,FALSE,TRUE,FALSE,TRUE,FALSE,FALSE,FALSE,TRUE,1187
,Music Disc (C418 - 13),music_disc_13,FALSE,FALSE,FALSE,1,TRUE,TRUE,FALSE,FALSE,FALSE,N/A,N/A,N/A,N/A,1,0,1,4,N/A,N/A,N/A,FALSE,FALSE,FALSE,N/A,N/A,FALSE,FALSE,FALSE,FALSE,FALSE,FALSE,FALSE,FALSE,FALSE,FALSE,FALSE,FALSE,FALSE,FALSE,FALSE,FALSE,TRUE,FALSE,TRUE,FALSE,FALSE,FALSE,FALSE,1188
,Music Disc (C418 - Cat),music_disc_cat,FALSE,FALSE,FALSE,1,TRUE,TRUE,FALSE,FALSE,FALSE,N/A,N/A,N/A,N/A,1,0,1,4,N/A,N/A,N/A,FALSE,FALSE,FALSE,N/A,N/A,FALSE,FALSE,FALSE,FALSE,FALSE,FALSE,FALSE,FALSE,FALSE,FALSE,FALSE,FALSE,FALSE,FALSE,FALSE,FALSE,TRUE,FALSE,TRUE,FALSE,FALSE,FALSE,FALSE,1189
,Music Disc (C418 - Blocks),music_disc_blocks,FALSE,FALSE,FALSE,1,TRUE,TRUE,FALSE,FALSE,FALSE,N/A,N/A,N/A,N/A,1,0,1,4,N/A,N/A,N/A,FALSE,FALSE,FALSE,N/A,N/A,FALSE,FALSE,FALSE,FALSE,FALSE,FALSE,FALSE,FALSE,FALSE,FALSE,FALSE,FALSE,FALSE,FALSE,FALSE,FALSE,TRUE,FALSE,TRUE,FALSE,FALSE,FALSE,FALSE,1190
,Music Disc (C418 - Chirp),music_disc_chirp,FALSE,FALSE,FALSE,1,TRUE,TRUE,FALSE,FALSE,FALSE,N/A,N/A,N/A,N/A,1,0,1,4,N/A,N/A,N/A,FALSE,FALSE,FALSE,N/A,N/A,FALSE,FALSE,FALSE,FALSE,FALSE,FALSE,FALSE,FALSE,FALSE,FALSE,FALSE,FALSE,FALSE,FALSE,FALSE,FALSE,TRUE,FALSE,TRUE,FALSE,FALSE,FALSE,FALSE,1191
,Music Disc (C418 - Far),music_disc_far,FALSE,FALSE,FALSE,1,TRUE,TRUE,FALSE,FALSE,FALSE,N/A,N/A,N/A,N/A,1,0,1,4,N/A,N/A,N/A,FALSE,FALSE,FALSE,N/A,N/A,FALSE,FALSE,FALSE,FALSE,FALSE,FALSE,FALSE,FALSE,FALSE,FALSE,FALSE,FALSE,FALSE,FALSE,FALSE,FALSE,TRUE,FALSE,TRUE,FALSE,FALSE,FALSE,FALSE,1192
,Music Disc (C418 - Mall),music_disc_mall,FALSE,FALSE,FALSE,1,TRUE,TRUE,FALSE,FALSE,FALSE,N/A,N/A,N/A,N/A,1,0,1,4,N/A,N/A,N/A,FALSE,FALSE,FALSE,N/A,N/A,FALSE,FALSE,FALSE,FALSE,FALSE,FALSE,FALSE,FALSE,FALSE,FALSE,FALSE,FALSE,FALSE,FALSE,FALSE,FALSE,TRUE,FALSE,TRUE,FALSE,FALSE,FALSE,FALSE,1193
,Music Disc (C418 - Mellohi),music_disc_mellohi,FALSE,FALSE,FALSE,1,TRUE,TRUE,FALSE,FALSE,FALSE,N/A,N/A,N/A,N/A,1,0,1,4,N/A,N/A,N/A,FALSE,FALSE,FALSE,N/A,N/A,FALSE,FALSE,FALSE,FALSE,FALSE,FALSE,FALSE,FALSE,FALSE,FALSE,FALSE,FALSE,FALSE,FALSE,FALSE,FALSE,TRUE,FALSE,TRUE,FALSE,FALSE,FALSE,FALSE,1194
,Music Disc (C418 - Stal),music_disc_stal,FALSE,FALSE,FALSE,1,TRUE,TRUE,FALSE,FALSE,FALSE,N/A,N/A,N/A,N/A,1,0,1,4,N/A,N/A,N/A,FALSE,FALSE,FALSE,N/A,N/A,FALSE,FALSE,FALSE,FALSE,FALSE,FALSE,FALSE,FALSE,FALSE,FALSE,FALSE,FALSE,FALSE,FALSE,FALSE,FALSE,TRUE,FALSE,TRUE,FALSE,FALSE,FALSE,FALSE,1195
,Music Disc (C418 - Strad),music_disc_strad,FALSE,FALSE,FALSE,1,TRUE,TRUE,FALSE,FALSE,FALSE,N/A,N/A,N/A,N/A,1,0,1,4,N/A,N/A,N/A,FALSE,FALSE,FALSE,N/A,N/A,FALSE,FALSE,FALSE,FALSE,FALSE,FALSE,FALSE,FALSE,FALSE,FALSE,FALSE,FALSE,FALSE,FALSE,FALSE,FALSE,TRUE,FALSE,TRUE,FALSE,FALSE,FALSE,FALSE,1196
,Music Disc (C418 - Ward),music_disc_ward,FALSE,FALSE,FALSE,1,TRUE,TRUE,FALSE,FALSE,FALSE,N/A,N/A,N/A,N/A,1,0,1,4,N/A,N/A,N/A,FALSE,FALSE,FALSE,N/A,N/A,FALSE,FALSE,FALSE,FALSE,FALSE,FALSE,FALSE,FALSE,FALSE,FALSE,FALSE,FALSE,FALSE,FALSE,FALSE,FALSE,TRUE,FALSE,TRUE,FALSE,FALSE,FALSE,FALSE,1197
,Music Disc (C418 - 11),music_disc_11,FALSE,FALSE,FALSE,1,TRUE,TRUE,FALSE,FALSE,FALSE,N/A,N/A,N/A,N/A,1,0,1,4,N/A,N/A,N/A,FALSE,FALSE,FALSE,N/A,N/A,FALSE,FALSE,FALSE,FALSE,FALSE,FALSE,FALSE,FALSE,FALSE,FALSE,FALSE,FALSE,FALSE,FALSE,FALSE,FALSE,TRUE,FALSE,TRUE,FALSE,FALSE,FALSE,FALSE,1198
,Music Disc (C418 - Wait),music_disc_wait,FALSE,FALSE,FALSE,1,TRUE,TRUE,FALSE,FALSE,FALSE,N/A,N/A,N/A,N/A,1,0,1,4,N/A,N/A,N/A,FALSE,FALSE,FALSE,N/A,N/A,FALSE,FALSE,FALSE,FALSE,FALSE,FALSE,FALSE,FALSE,FALSE,FALSE,FALSE,FALSE,FALSE,FALSE,FALSE,FALSE,TRUE,FALSE,TRUE,FALSE,FALSE,FALSE,FALSE,1199
,Music Disc (Lena Raine - Pigstep),music_disc_pigstep,FALSE,FALSE,FALSE,1,FALSE,FALSE,FALSE,FALSE,FALSE,N/A,N/A,N/A,N/A,1,0,1,4,N/A,N/A,N/A,FALSE,FALSE,FALSE,N/A,N/A,FALSE,FALSE,FALSE,FALSE,FALSE,FALSE,FALSE,FALSE,FALSE,FALSE,FALSE,FALSE,FALSE,FALSE,FALSE,FALSE,TRUE,FALSE,FALSE,TRUE,FALSE,FALSE,FALSE,1200
,Music Disc (Lena Raine - Otherside),music_disc_otherside,FALSE,FALSE,FALSE,1,FALSE,FALSE,FALSE,FALSE,FALSE,N/A,N/A,N/A,N/A,1,0,1,4,N/A,N/A,N/A,FALSE,FALSE,FALSE,N/A,N/A,FALSE,FALSE,FALSE,FALSE,FALSE,FALSE,FALSE,FALSE,FALSE,FALSE,FALSE,FALSE,FALSE,FALSE,FALSE,FALSE,TRUE,FALSE,FALSE,TRUE,FALSE,FALSE,FALSE,1201
,Music Disc (Samuel Åberg - 5),music_disc_5,FALSE,FALSE,FALSE,1,FALSE,FALSE,FALSE,FALSE,FALSE,N/A,N/A,N/A,N/A,1,0,1,4,N/A,N/A,N/A,FALSE,FALSE,FALSE,N/A,N/A,FALSE,FALSE,FALSE,FALSE,FALSE,FALSE,FALSE,FALSE,FALSE,FALSE,TRUE,FALSE,FALSE,FALSE,FALSE,FALSE,TRUE,FALSE,TRUE,FALSE,FALSE,FALSE,FALSE,1202
,Music Disc (Aaron Cherof - Relic),music_disc_relic,FALSE,FALSE,FALSE,1,FALSE,FALSE,FALSE,FALSE,FALSE,N/A,N/A,N/A,N/A,1,0,1,4,N/A,N/A,N/A,FALSE,FALSE,FALSE,N/A,N/A,FALSE,FALSE,FALSE,FALSE,FALSE,FALSE,FALSE,FALSE,FALSE,FALSE,FALSE,FALSE,FALSE,FALSE,FALSE,FALSE,TRUE,FALSE,TRUE,FALSE,FALSE,FALSE,FALSE,1203
,Music Disc (Aaron Cherof - Precipice),music_disc_precipice,FALSE,FALSE,FALSE,1,FALSE,FALSE,FALSE,FALSE,FALSE,N/A,N/A,N/A,N/A,1,0,1,4,N/A,N/A,N/A,FALSE,FALSE,FALSE,N/A,N/A,FALSE,FALSE,FALSE,FALSE,FALSE,FALSE,FALSE,FALSE,FALSE,FALSE,FALSE,FALSE,FALSE,FALSE,FALSE,FALSE,TRUE,FALSE,TRUE,FALSE,FALSE,FALSE,FALSE,1204
,Music Disc (Lena Raine - Creator),music_disc_creator,FALSE,FALSE,FALSE,1,FALSE,FALSE,FALSE,FALSE,FALSE,N/A,N/A,N/A,N/A,1,0,1,4,N/A,N/A,N/A,FALSE,FALSE,FALSE,N/A,N/A,FALSE,FALSE,FALSE,FALSE,FALSE,FALSE,FALSE,FALSE,FALSE,FALSE,FALSE,FALSE,FALSE,FALSE,FALSE,FALSE,TRUE,FALSE,FALSE,TRUE,FALSE,FALSE,FALSE,1205
,Music Disc (Lena Raine - Creator (Music Box)),music_disc_creator_music_box,FALSE,FALSE,FALSE,1,FALSE,FALSE,FALSE,FALSE,FALSE,N/A,N/A,N/A,N/A,1,0,1,4,N/A,N/A,N/A,FALSE,FALSE,FALSE,N/A,N/A,FALSE,FALSE,FALSE,FALSE,FALSE,FALSE,FALSE,FALSE,FALSE,FALSE,FALSE,FALSE,FALSE,FALSE,FALSE,FALSE,TRUE,FALSE,TRUE,FALSE,FALSE,FALSE,FALSE,1206
,Disc Fragment,disc_fragment_5,FALSE,FALSE,FALSE,64,FALSE,FALSE,FALSE,FALSE,FALSE,N/A,N/A,N/A,N/A,1,0,1,4,N/A,N/A,N/A,FALSE,FALSE,FALSE,N/A,N/A,FALSE,FALSE,FALSE,FALSE,FALSE,FALSE,FALSE,FALSE,FALSE,TRUE,FALSE,FALSE,FALSE,FALSE,FALSE,FALSE,FALSE,FALSE,TRUE,FALSE,FALSE,FALSE,FALSE,1207
,Echo Shard,echo_shard,FALSE,FALSE,FALSE,64,FALSE,FALSE,FALSE,FALSE,FALSE,N/A,N/A,N/A,N/A,1,0,1,4,N/A,N/A,N/A,FALSE,FALSE,FALSE,N/A,N/A,FALSE,FALSE,FALSE,FALSE,FALSE,FALSE,FALSE,FALSE,FALSE,TRUE,FALSE,FALSE,FALSE,FALSE,FALSE,FALSE,FALSE,FALSE,TRUE,FALSE,FALSE,FALSE,FALSE,1208
,Stick,stick,FALSE,FALSE,FALSE,64,TRUE,TRUE,FALSE,FALSE,FALSE,N/A,5,N/A,N/A,1,0,1,4,N/A,N/A,N/A,FALSE,FALSE,FALSE,N/A,N/A,FALSE,FALSE,FALSE,FALSE,FALSE,FALSE,TRUE,FALSE,FALSE,TRUE,TRUE,FALSE,FALSE,FALSE,FALSE,FALSE,FALSE,TRUE,FALSE,FALSE,FALSE,FALSE,FALSE,1209
,Charcoal,charcoal,FALSE,FALSE,FALSE,64,TRUE,TRUE,FALSE,FALSE,FALSE,N/A,80,N/A,N/A,1,0,1,4,N/A,N/A,N/A,FALSE,FALSE,FALSE,N/A,N/A,FALSE,FALSE,FALSE,FALSE,FALSE,FALSE,FALSE,FALSE,FALSE,TRUE,FALSE,FALSE,FALSE,FALSE,FALSE,TRUE,TRUE,TRUE,FALSE,FALSE,FALSE,FALSE,FALSE,1210
,Fire Charge,fire_charge,FALSE,FALSE,FALSE,64,TRUE,TRUE,FALSE,FALSE,FALSE,N/A,N/A,N/A,N/A,1,0,1,4,N/A,N/A,N/A,FALSE,FALSE,FALSE,N/A,N/A,FALSE,FALSE,FALSE,TRUE,FALSE,FALSE,FALSE,FALSE,FALSE,TRUE,TRUE,FALSE,FALSE,FALSE,FALSE,FALSE,TRUE,TRUE,FALSE,FALSE,FALSE,FALSE,FALSE,1211
,Paper,paper,FALSE,FALSE,FALSE,64,TRUE,TRUE,FALSE,FALSE,FALSE,N/A,N/A,N/A,N/A,1,0,1,4,N/A,N/A,N/A,FALSE,FALSE,FALSE,N/A,N/A,FALSE,FALSE,FALSE,FALSE,FALSE,FALSE,TRUE,FALSE,FALSE,TRUE,TRUE,FALSE,FALSE,FALSE,FALSE,FALSE,FALSE,TRUE,FALSE,FALSE,FALSE,FALSE,FALSE,1212
,Book,book,FALSE,FALSE,FALSE,64,TRUE,TRUE,FALSE,FALSE,FALSE,N/A,N/A,N/A,1,1,0,1,4,N/A,N/A,N/A,FALSE,FALSE,FALSE,N/A,N/A,FALSE,FALSE,FALSE,FALSE,TRUE,FALSE,TRUE,FALSE,TRUE,TRUE,TRUE,FALSE,FALSE,FALSE,FALSE,FALSE,TRUE,TRUE,FALSE,FALSE,FALSE,FALSE,FALSE,1213
,Enchanted Book,enchanted_book,TRUE,TRUE,TRUE,1,FALSE,FALSE,FALSE,FALSE,FALSE,N/A,N/A,N/A,N/A,1,0,1,4,N/A,N/A,N/A,FALSE,FALSE,FALSE,N/A,N/A,FALSE,FALSE,FALSE,FALSE,FALSE,FALSE,FALSE,FALSE,TRUE,FALSE,FALSE,FALSE,FALSE,FALSE,FALSE,FALSE,TRUE,FALSE,TRUE,FALSE,FALSE,FALSE,FALSE,1214
,Enchanted Book (Mending),"enchanted_book[stored_enchantments={levels:{""minecraft:mending"":1}}]",FALSE,FALSE,FALSE,1,TRUE,TRUE,TRUE,FALSE,FALSE,N/A,N/A,N/A,N/A,1,0,1,4,N/A,N/A,N/A,FALSE,FALSE,FALSE,N/A,N/A,FALSE,FALSE,FALSE,FALSE,FALSE,TRUE,FALSE,FALSE,TRUE,FALSE,FALSE,FALSE,FALSE,FALSE,FALSE,FALSE,TRUE,FALSE,TRUE,FALSE,FALSE,FALSE,TRUE,1215
,Enchanted Book (Unbreaking I),"enchanted_book[stored_enchantments={levels:{""minecraft:unbreaking"":1}}]",FALSE,FALSE,FALSE,1,TRUE,TRUE,TRUE,FALSE,FALSE,N/A,N/A,N/A,N/A,1,0,1,4,N/A,N/A,N/A,FALSE,FALSE,FALSE,N/A,N/A,FALSE,FALSE,FALSE,FALSE,FALSE,TRUE,FALSE,FALSE,TRUE,FALSE,FALSE,FALSE,FALSE,FALSE,FALSE,FALSE,TRUE,FALSE,TRUE,FALSE,FALSE,FALSE,TRUE,1216
,Enchanted Book (Unbreaking II),"enchanted_book[stored_enchantments={levels:{""minecraft:unbreaking"":2}}]",FALSE,FALSE,FALSE,1,TRUE,TRUE,TRUE,FALSE,FALSE,N/A,N/A,N/A,N/A,1,0,1,4,N/A,N/A,N/A,FALSE,FALSE,FALSE,N/A,N/A,FALSE,FALSE,FALSE,FALSE,FALSE,TRUE,FALSE,FALSE,TRUE,FALSE,FALSE,FALSE,FALSE,FALSE,FALSE,FALSE,TRUE,FALSE,TRUE,FALSE,FALSE,FALSE,TRUE,1217
,Enchanted Book (Unbreaking III),"enchanted_book[stored_enchantments={levels:{""minecraft:unbreaking"":3}}]",FALSE,FALSE,FALSE,1,TRUE,TRUE,TRUE,FALSE,FALSE,N/A,N/A,N/A,N/A,1,0,1,4,N/A,N/A,N/A,FALSE,FALSE,FALSE,N/A,N/A,FALSE,FALSE,FALSE,FALSE,FALSE,TRUE,FALSE,FALSE,TRUE,FALSE,FALSE,FALSE,FALSE,FALSE,FALSE,FALSE,TRUE,FALSE,TRUE,FALSE,FALSE,FALSE,TRUE,1218
,Enchanted Book (Protection I),"enchanted_book[stored_enchantments={levels:{""minecraft:protection"":1}}]",FALSE,FALSE,FALSE,1,TRUE,TRUE,TRUE,FALSE,FALSE,N/A,N/A,N/A,N/A,1,0,1,4,N/A,N/A,N/A,FALSE,FALSE,FALSE,N/A,N/A,FALSE,FALSE,FALSE,FALSE,FALSE,TRUE,FALSE,FALSE,TRUE,FALSE,FALSE,FALSE,FALSE,FALSE,FALSE,FALSE,TRUE,FALSE,TRUE,FALSE,FALSE,FALSE,TRUE,1219
,Enchanted Book (Protection II),"enchanted_book[stored_enchantments={levels:{""minecraft:protection"":2}}]",FALSE,FALSE,FALSE,1,TRUE,TRUE,TRUE,FALSE,FALSE,N/A,N/A,N/A,N/A,1,0,1,4,N/A,N/A,N/A,FALSE,FALSE,FALSE,N/A,N/A,FALSE,FALSE,FALSE,FALSE,FALSE,TRUE,FALSE,FALSE,TRUE,FALSE,FALSE,FALSE,FALSE,FALSE,FALSE,FALSE,TRUE,FALSE,TRUE,FALSE,FALSE,FALSE,TRUE,1220
,Enchanted Book (Protection III,"enchanted_book[stored_enchantments={levels:{""minecraft:protection"":3}}]",FALSE,FALSE,FALSE,1,TRUE,TRUE,TRUE,FALSE,FALSE,N/A,N/A,N/A,N/A,1,0,1,4,N/A,N/A,N/A,FALSE,FALSE,FALSE,N/A,N/A,FALSE,FALSE,FALSE,FALSE,FALSE,TRUE,FALSE,FALSE,TRUE,FALSE,FALSE,FALSE,FALSE,FALSE,FALSE,FALSE,TRUE,FALSE,TRUE,FALSE,FALSE,FALSE,TRUE,1221
,Enchanted Book (Protection IV),"enchanted_book[stored_enchantments={levels:{""minecraft:protection"":4}}]",FALSE,FALSE,FALSE,1,TRUE,TRUE,TRUE,FALSE,FALSE,N/A,N/A,N/A,N/A,1,0,1,4,N/A,N/A,N/A,FALSE,FALSE,FALSE,N/A,N/A,FALSE,FALSE,FALSE,FALSE,FALSE,TRUE,FALSE,FALSE,TRUE,FALSE,FALSE,FALSE,FALSE,FALSE,FALSE,FALSE,TRUE,FALSE,TRUE,FALSE,FALSE,FALSE,TRUE,1222
,Enchanted Book (Blast Protection I),"enchanted_book[stored_enchantments={levels:{""minecraft:blast_protection"":1}}]",FALSE,FALSE,FALSE,1,TRUE,TRUE,TRUE,FALSE,FALSE,N/A,N/A,N/A,N/A,1,0,1,4,N/A,N/A,N/A,FALSE,FALSE,FALSE,N/A,N/A,FALSE,FALSE,FALSE,FALSE,FALSE,TRUE,FALSE,FALSE,TRUE,FALSE,FALSE,FALSE,FALSE,FALSE,FALSE,FALSE,TRUE,FALSE,TRUE,FALSE,FALSE,FALSE,TRUE,1223
,Enchanted Book (Blast Protection II),"enchanted_book[stored_enchantments={levels:{""minecraft:blast_protection"":2}}]",FALSE,FALSE,FALSE,1,TRUE,TRUE,TRUE,FALSE,FALSE,N/A,N/A,N/A,N/A,1,0,1,4,N/A,N/A,N/A,FALSE,FALSE,FALSE,N/A,N/A,FALSE,FALSE,FALSE,FALSE,FALSE,TRUE,FALSE,FALSE,TRUE,FALSE,FALSE,FALSE,FALSE,FALSE,FALSE,FALSE,TRUE,FALSE,TRUE,FALSE,FALSE,FALSE,TRUE,1224
,Enchanted Book (Blast Protection III),"enchanted_book[stored_enchantments={levels:{""minecraft:blast_protection"":3}}]",FALSE,FALSE,FALSE,1,TRUE,TRUE,TRUE,FALSE,FALSE,N/A,N/A,N/A,N/A,1,0,1,4,N/A,N/A,N/A,FALSE,FALSE,FALSE,N/A,N/A,FALSE,FALSE,FALSE,FALSE,FALSE,TRUE,FALSE,FALSE,TRUE,FALSE,FALSE,FALSE,FALSE,FALSE,FALSE,FALSE,TRUE,FALSE,TRUE,FALSE,FALSE,FALSE,TRUE,1225
,Enchanted Book (Blast Protection IV),"enchanted_book[stored_enchantments={levels:{""minecraft:blast_protection"":4}}]",FALSE,FALSE,FALSE,1,TRUE,TRUE,TRUE,FALSE,FALSE,N/A,N/A,N/A,N/A,1,0,1,4,N/A,N/A,N/A,FALSE,FALSE,FALSE,N/A,N/A,FALSE,FALSE,FALSE,FALSE,FALSE,TRUE,FALSE,FALSE,TRUE,FALSE,FALSE,FALSE,FALSE,FALSE,FALSE,FALSE,TRUE,FALSE,TRUE,FALSE,FALSE,FALSE,TRUE,1226
,Enchanted Book (Fire Protection I),"enchanted_book[stored_enchantments={levels:{""minecraft:fire_protection"":1}}]",FALSE,FALSE,FALSE,1,TRUE,TRUE,TRUE,FALSE,FALSE,N/A,N/A,N/A,N/A,1,0,1,4,N/A,N/A,N/A,FALSE,FALSE,FALSE,N/A,N/A,FALSE,FALSE,FALSE,FALSE,FALSE,TRUE,FALSE,FALSE,TRUE,FALSE,FALSE,FALSE,FALSE,FALSE,FALSE,FALSE,TRUE,FALSE,TRUE,FALSE,FALSE,FALSE,TRUE,1227
,Enchanted Book (Fire Protection II),"enchanted_book[stored_enchantments={levels:{""minecraft:fire_protection"":2}}]",FALSE,FALSE,FALSE,1,TRUE,TRUE,TRUE,FALSE,FALSE,N/A,N/A,N/A,N/A,1,0,1,4,N/A,N/A,N/A,FALSE,FALSE,FALSE,N/A,N/A,FALSE,FALSE,FALSE,FALSE,FALSE,TRUE,FALSE,FALSE,TRUE,FALSE,FALSE,FALSE,FALSE,FALSE,FALSE,FALSE,TRUE,FALSE,TRUE,FALSE,FALSE,FALSE,TRUE,1228
,Enchanted Book (Fire Protection III),"enchanted_book[stored_enchantments={levels:{""minecraft:fire_protection"":3}}]",FALSE,FALSE,FALSE,1,TRUE,TRUE,TRUE,FALSE,FALSE,N/A,N/A,N/A,N/A,1,0,1,4,N/A,N/A,N/A,FALSE,FALSE,FALSE,N/A,N/A,FALSE,FALSE,FALSE,FALSE,FALSE,TRUE,FALSE,FALSE,TRUE,FALSE,FALSE,FALSE,FALSE,FALSE,FALSE,FALSE,TRUE,FALSE,TRUE,FALSE,FALSE,FALSE,TRUE,1229
,Enchanted Book (Fire Protection IV),"enchanted_book[stored_enchantments={levels:{""minecraft:fire_protection"":4}}]",FALSE,FALSE,FALSE,1,TRUE,TRUE,TRUE,FALSE,FALSE,N/A,N/A,N/A,N/A,1,0,1,4,N/A,N/A,N/A,FALSE,FALSE,FALSE,N/A,N/A,FALSE,FALSE,FALSE,FALSE,FALSE,TRUE,FALSE,FALSE,TRUE,FALSE,FALSE,FALSE,FALSE,FALSE,FALSE,FALSE,TRUE,FALSE,TRUE,FALSE,FALSE,FALSE,TRUE,1230
,Enchanted Book (Projectile Protection I),"enchanted_book[stored_enchantments={levels:{""minecraft:projectile_protection"":1}}]",FALSE,FALSE,FALSE,1,TRUE,TRUE,TRUE,FALSE,FALSE,N/A,N/A,N/A,N/A,1,0,1,4,N/A,N/A,N/A,FALSE,FALSE,FALSE,N/A,N/A,FALSE,FALSE,FALSE,FALSE,FALSE,TRUE,FALSE,FALSE,TRUE,FALSE,FALSE,FALSE,FALSE,FALSE,FALSE,FALSE,TRUE,FALSE,TRUE,FALSE,FALSE,FALSE,TRUE,1231
,Enchanted Book (Projectile Protection II),"enchanted_book[stored_enchantments={levels:{""minecraft:projectile_protection"":2}}]",FALSE,FALSE,FALSE,1,TRUE,TRUE,TRUE,FALSE,FALSE,N/A,N/A,N/A,N/A,1,0,1,4,N/A,N/A,N/A,FALSE,FALSE,FALSE,N/A,N/A,FALSE,FALSE,FALSE,FALSE,FALSE,TRUE,FALSE,FALSE,TRUE,FALSE,FALSE,FALSE,FALSE,FALSE,FALSE,FALSE,TRUE,FALSE,TRUE,FALSE,FALSE,FALSE,TRUE,1232
,Enchanted Book (Projectile Protection III),"enchanted_book[stored_enchantments={levels:{""minecraft:projectile_protection"":3}}]",FALSE,FALSE,FALSE,1,TRUE,TRUE,TRUE,FALSE,FALSE,N/A,N/A,N/A,N/A,1,0,1,4,N/A,N/A,N/A,FALSE,FALSE,FALSE,N/A,N/A,FALSE,FALSE,FALSE,FALSE,FALSE,TRUE,FALSE,FALSE,TRUE,FALSE,FALSE,FALSE,FALSE,FALSE,FALSE,FALSE,TRUE,FALSE,TRUE,FALSE,FALSE,FALSE,TRUE,1233
,Enchanted Book (Projectile Protection IV),"enchanted_book[stored_enchantments={levels:{""minecraft:projectile_protection"":4}}]",FALSE,FALSE,FALSE,1,TRUE,TRUE,TRUE,FALSE,FALSE,N/A,N/A,N/A,N/A,1,0,1,4,N/A,N/A,N/A,FALSE,FALSE,FALSE,N/A,N/A,FALSE,FALSE,FALSE,FALSE,FALSE,TRUE,FALSE,FALSE,TRUE,FALSE,FALSE,FALSE,FALSE,FALSE,FALSE,FALSE,TRUE,FALSE,TRUE,FALSE,FALSE,FALSE,TRUE,1234
,Enchanted Book (Thorns I),"enchanted_book[stored_enchantments={levels:{""minecraft:thorns"":1}}]",FALSE,FALSE,FALSE,1,TRUE,TRUE,TRUE,FALSE,FALSE,N/A,N/A,N/A,N/A,1,0,1,4,N/A,N/A,N/A,FALSE,FALSE,FALSE,N/A,N/A,FALSE,FALSE,FALSE,FALSE,FALSE,TRUE,FALSE,FALSE,TRUE,FALSE,FALSE,FALSE,FALSE,FALSE,FALSE,FALSE,TRUE,FALSE,TRUE,FALSE,FALSE,FALSE,TRUE,1235
,Enchanted Book (Thorns II),"enchanted_book[stored_enchantments={levels:{""minecraft:thorns"":2}}]",FALSE,FALSE,FALSE,1,TRUE,TRUE,TRUE,FALSE,FALSE,N/A,N/A,N/A,N/A,1,0,1,4,N/A,N/A,N/A,FALSE,FALSE,FALSE,N/A,N/A,FALSE,FALSE,FALSE,FALSE,FALSE,TRUE,FALSE,FALSE,TRUE,FALSE,FALSE,FALSE,FALSE,FALSE,FALSE,FALSE,TRUE,FALSE,TRUE,FALSE,FALSE,FALSE,TRUE,1236
,Enchanted Book (Thorns III),"enchanted_book[stored_enchantments={levels:{""minecraft:thorns"":3}}]",FALSE,FALSE,FALSE,1,TRUE,TRUE,TRUE,FALSE,FALSE,N/A,N/A,N/A,N/A,1,0,1,4,N/A,N/A,N/A,FALSE,FALSE,FALSE,N/A,N/A,FALSE,FALSE,FALSE,FALSE,FALSE,TRUE,FALSE,FALSE,TRUE,FALSE,FALSE,FALSE,FALSE,FALSE,FALSE,FALSE,TRUE,FALSE,TRUE,FALSE,FALSE,FALSE,TRUE,1237
,Enchanted Book (Respiration I),"enchanted_book[stored_enchantments={levels:{""minecraft:respiration"":1}}]",FALSE,FALSE,FALSE,1,TRUE,TRUE,TRUE,FALSE,FALSE,N/A,N/A,N/A,N/A,1,0,1,4,N/A,N/A,N/A,FALSE,FALSE,FALSE,N/A,N/A,FALSE,FALSE,FALSE,FALSE,FALSE,TRUE,FALSE,FALSE,TRUE,FALSE,FALSE,FALSE,FALSE,FALSE,FALSE,FALSE,TRUE,FALSE,TRUE,FALSE,FALSE,FALSE,TRUE,1238
,Enchanted Book (Respiration II),"enchanted_book[stored_enchantments={levels:{""minecraft:respiration"":2}}]",FALSE,FALSE,FALSE,1,TRUE,TRUE,TRUE,FALSE,FALSE,N/A,N/A,N/A,N/A,1,0,1,4,N/A,N/A,N/A,FALSE,FALSE,FALSE,N/A,N/A,FALSE,FALSE,FALSE,FALSE,FALSE,TRUE,FALSE,FALSE,TRUE,FALSE,FALSE,FALSE,FALSE,FALSE,FALSE,FALSE,TRUE,FALSE,TRUE,FALSE,FALSE,FALSE,TRUE,1239
,Enchanted Book (Respiration III),"enchanted_book[stored_enchantments={levels:{""minecraft:respiration"":3}}]",FALSE,FALSE,FALSE,1,TRUE,TRUE,TRUE,FALSE,FALSE,N/A,N/A,N/A,N/A,1,0,1,4,N/A,N/A,N/A,FALSE,FALSE,FALSE,N/A,N/A,FALSE,FALSE,FALSE,FALSE,FALSE,TRUE,FALSE,FALSE,TRUE,FALSE,FALSE,FALSE,FALSE,FALSE,FALSE,FALSE,TRUE,FALSE,TRUE,FALSE,FALSE,FALSE,TRUE,1240
,Enchanted Book (Aqua Affinity),"enchanted_book[stored_enchantments={levels:{""minecraft:aqua_affinity"":1}}]",FALSE,FALSE,FALSE,1,TRUE,TRUE,TRUE,FALSE,FALSE,N/A,N/A,N/A,N/A,1,0,1,4,N/A,N/A,N/A,FALSE,FALSE,FALSE,N/A,N/A,FALSE,FALSE,FALSE,FALSE,FALSE,TRUE,FALSE,FALSE,TRUE,FALSE,FALSE,FALSE,FALSE,FALSE,FALSE,FALSE,TRUE,FALSE,TRUE,FALSE,FALSE,FALSE,TRUE,1241
,Enchanted Book (Swift Sneak I),"enchanted_book[stored_enchantments={levels:{""minecraft:swift_sneak"":1}}]",FALSE,FALSE,FALSE,1,FALSE,FALSE,FALSE,FALSE,FALSE,N/A,N/A,N/A,N/A,1,0,1,4,N/A,N/A,N/A,FALSE,FALSE,FALSE,N/A,N/A,FALSE,FALSE,FALSE,FALSE,FALSE,FALSE,FALSE,FALSE,TRUE,FALSE,FALSE,FALSE,FALSE,FALSE,FALSE,FALSE,TRUE,FALSE,TRUE,FALSE,FALSE,FALSE,TRUE,1242
,Enchanted Book (Swift Sneak II),"enchanted_book[stored_enchantments={levels:{""minecraft:swift_sneak"":2}}]",FALSE,FALSE,FALSE,1,FALSE,FALSE,FALSE,FALSE,FALSE,N/A,N/A,N/A,N/A,1,0,1,4,N/A,N/A,N/A,FALSE,FALSE,FALSE,N/A,N/A,FALSE,FALSE,FALSE,FALSE,FALSE,FALSE,FALSE,FALSE,TRUE,FALSE,FALSE,FALSE,FALSE,FALSE,FALSE,FALSE,TRUE,FALSE,TRUE,FALSE,FALSE,FALSE,TRUE,1243
,Enchanted Book (Swift Sneak III),"enchanted_book[stored_enchantments={levels:{""minecraft:swift_sneak"":3}}]",FALSE,FALSE,FALSE,1,FALSE,FALSE,FALSE,FALSE,FALSE,N/A,N/A,N/A,N/A,1,0,1,4,N/A,N/A,N/A,FALSE,FALSE,FALSE,N/A,N/A,FALSE,FALSE,FALSE,FALSE,FALSE,FALSE,FALSE,FALSE,TRUE,FALSE,FALSE,FALSE,FALSE,FALSE,FALSE,FALSE,TRUE,FALSE,TRUE,FALSE,FALSE,FALSE,TRUE,1244
,Enchanted Book (Feather Falling I),"enchanted_book[stored_enchantments={levels:{""minecraft:feather_falling"":1}}]",FALSE,FALSE,FALSE,1,TRUE,TRUE,TRUE,FALSE,FALSE,N/A,N/A,N/A,N/A,1,0,1,4,N/A,N/A,N/A,FALSE,FALSE,FALSE,N/A,N/A,FALSE,FALSE,FALSE,FALSE,FALSE,TRUE,FALSE,FALSE,TRUE,FALSE,FALSE,FALSE,FALSE,FALSE,FALSE,FALSE,TRUE,FALSE,TRUE,FALSE,FALSE,FALSE,TRUE,1245
,Enchanted Book (Feather Falling II),"enchanted_book[stored_enchantments={levels:{""minecraft:feather_falling"":2}}]",FALSE,FALSE,FALSE,1,TRUE,TRUE,TRUE,FALSE,FALSE,N/A,N/A,N/A,N/A,1,0,1,4,N/A,N/A,N/A,FALSE,FALSE,FALSE,N/A,N/A,FALSE,FALSE,FALSE,FALSE,FALSE,TRUE,FALSE,FALSE,TRUE,FALSE,FALSE,FALSE,FALSE,FALSE,FALSE,FALSE,TRUE,FALSE,TRUE,FALSE,FALSE,FALSE,TRUE,1246
,Enchanted Book (Feather Falling III),"enchanted_book[stored_enchantments={levels:{""minecraft:feather_falling"":3}}]",FALSE,FALSE,FALSE,1,TRUE,TRUE,TRUE,FALSE,FALSE,N/A,N/A,N/A,N/A,1,0,1,4,N/A,N/A,N/A,FALSE,FALSE,FALSE,N/A,N/A,FALSE,FALSE,FALSE,FALSE,FALSE,TRUE,FALSE,FALSE,TRUE,FALSE,FALSE,FALSE,FALSE,FALSE,FALSE,FALSE,TRUE,FALSE,TRUE,FALSE,FALSE,FALSE,TRUE,1247
,Enchanted Book (Feather Falling IV),"enchanted_book[stored_enchantments={levels:{""minecraft:feather_falling"":4}}]",FALSE,FALSE,FALSE,1,TRUE,TRUE,TRUE,FALSE,FALSE,N/A,N/A,N/A,N/A,1,0,1,4,N/A,N/A,N/A,FALSE,FALSE,FALSE,N/A,N/A,FALSE,FALSE,FALSE,FALSE,FALSE,TRUE,FALSE,FALSE,TRUE,FALSE,FALSE,FALSE,FALSE,FALSE,FALSE,FALSE,TRUE,FALSE,TRUE,FALSE,FALSE,FALSE,TRUE,1248
,Enchanted Book (Soul Speed I),"enchanted_book[stored_enchantments={levels:{""minecraft:soul_speed"":1}}]",FALSE,FALSE,FALSE,1,TRUE,TRUE,FALSE,FALSE,FALSE,N/A,N/A,N/A,N/A,1,0,1,4,N/A,N/A,N/A,FALSE,FALSE,FALSE,N/A,N/A,FALSE,FALSE,FALSE,FALSE,FALSE,FALSE,FALSE,FALSE,TRUE,FALSE,FALSE,FALSE,FALSE,FALSE,FALSE,FALSE,TRUE,FALSE,TRUE,FALSE,FALSE,FALSE,TRUE,1249
,Enchanted Book (Soul Speed II),"enchanted_book[stored_enchantments={levels:{""minecraft:soul_speed"":2}}]",FALSE,FALSE,FALSE,1,TRUE,TRUE,FALSE,FALSE,FALSE,N/A,N/A,N/A,N/A,1,0,1,4,N/A,N/A,N/A,FALSE,FALSE,FALSE,N/A,N/A,FALSE,FALSE,FALSE,FALSE,FALSE,FALSE,FALSE,FALSE,TRUE,FALSE,FALSE,FALSE,FALSE,FALSE,FALSE,FALSE,TRUE,FALSE,TRUE,FALSE,FALSE,FALSE,TRUE,1250
,Enchanted Book (Soul Speed III),"enchanted_book[stored_enchantments={levels:{""minecraft:soul_speed"":3}}]",FALSE,FALSE,FALSE,1,TRUE,TRUE,FALSE,FALSE,FALSE,N/A,N/A,N/A,N/A,1,0,1,4,N/A,N/A,N/A,FALSE,FALSE,FALSE,N/A,N/A,FALSE,FALSE,FALSE,FALSE,FALSE,FALSE,FALSE,FALSE,TRUE,FALSE,FALSE,FALSE,FALSE,FALSE,FALSE,FALSE,TRUE,FALSE,TRUE,FALSE,FALSE,FALSE,TRUE,1251
,Enchanted Book (Depth Strider I),"enchanted_book[stored_enchantments={levels:{""minecraft:depth_strider"":1}}]",FALSE,FALSE,FALSE,1,TRUE,TRUE,TRUE,FALSE,FALSE,N/A,N/A,N/A,N/A,1,0,1,4,N/A,N/A,N/A,FALSE,FALSE,FALSE,N/A,N/A,FALSE,FALSE,FALSE,FALSE,FALSE,TRUE,FALSE,FALSE,TRUE,FALSE,FALSE,FALSE,FALSE,FALSE,FALSE,FALSE,TRUE,FALSE,TRUE,FALSE,FALSE,FALSE,TRUE,1252
,Enchanted Book (Depth Strider II),"enchanted_book[stored_enchantments={levels:{""minecraft:depth_strider"":2}}]",FALSE,FALSE,FALSE,1,TRUE,TRUE,TRUE,FALSE,FALSE,N/A,N/A,N/A,N/A,1,0,1,4,N/A,N/A,N/A,FALSE,FALSE,FALSE,N/A,N/A,FALSE,FALSE,FALSE,FALSE,FALSE,TRUE,FALSE,FALSE,TRUE,FALSE,FALSE,FALSE,FALSE,FALSE,FALSE,FALSE,TRUE,FALSE,TRUE,FALSE,FALSE,FALSE,TRUE,1253
,Enchanted Book (Depth Strider III),"enchanted_book[stored_enchantments={levels:{""minecraft:depth_strider"":3}}]",FALSE,FALSE,FALSE,1,TRUE,TRUE,TRUE,FALSE,FALSE,N/A,N/A,N/A,N/A,1,0,1,4,N/A,N/A,N/A,FALSE,FALSE,FALSE,N/A,N/A,FALSE,FALSE,FALSE,FALSE,FALSE,TRUE,FALSE,FALSE,TRUE,FALSE,FALSE,FALSE,FALSE,FALSE,FALSE,FALSE,TRUE,FALSE,TRUE,FALSE,FALSE,FALSE,TRUE,1254
,Enchanted Book (Frost Walker I),"enchanted_book[stored_enchantments={levels:{""minecraft:frost_walker"":1}}]",FALSE,FALSE,FALSE,1,TRUE,TRUE,TRUE,FALSE,FALSE,N/A,N/A,N/A,N/A,1,0,1,4,N/A,N/A,N/A,FALSE,FALSE,FALSE,N/A,N/A,FALSE,FALSE,FALSE,FALSE,FALSE,TRUE,FALSE,FALSE,TRUE,FALSE,FALSE,FALSE,FALSE,FALSE,FALSE,FALSE,TRUE,FALSE,TRUE,FALSE,FALSE,FALSE,TRUE,1255
,Enchanted Book (Frost Walker II),"enchanted_book[stored_enchantments={levels:{""minecraft:frost_walker"":2}}]",FALSE,FALSE,FALSE,1,TRUE,TRUE,TRUE,FALSE,FALSE,N/A,N/A,N/A,N/A,1,0,1,4,N/A,N/A,N/A,FALSE,FALSE,FALSE,N/A,N/A,FALSE,FALSE,FALSE,FALSE,FALSE,TRUE,FALSE,FALSE,TRUE,FALSE,FALSE,FALSE,FALSE,FALSE,FALSE,FALSE,TRUE,FALSE,TRUE,FALSE,FALSE,FALSE,TRUE,1256
,Enchanted Book (Sharpness I),"enchanted_book[stored_enchantments={levels:{""minecraft:sharpness"":1}}]",FALSE,FALSE,FALSE,1,TRUE,TRUE,TRUE,FALSE,FALSE,N/A,N/A,N/A,N/A,1,0,1,4,N/A,N/A,N/A,FALSE,FALSE,FALSE,N/A,N/A,FALSE,FALSE,FALSE,FALSE,FALSE,TRUE,FALSE,FALSE,TRUE,FALSE,FALSE,FALSE,FALSE,FALSE,FALSE,FALSE,TRUE,FALSE,TRUE,FALSE,FALSE,FALSE,TRUE,1257
,Enchanted Book (Sharpness II),"enchanted_book[stored_enchantments={levels:{""minecraft:sharpness"":2}}]",FALSE,FALSE,FALSE,1,TRUE,TRUE,TRUE,FALSE,FALSE,N/A,N/A,N/A,N/A,1,0,1,4,N/A,N/A,N/A,FALSE,FALSE,FALSE,N/A,N/A,FALSE,FALSE,FALSE,FALSE,FALSE,TRUE,FALSE,FALSE,TRUE,FALSE,FALSE,FALSE,FALSE,FALSE,FALSE,FALSE,TRUE,FALSE,TRUE,FALSE,FALSE,FALSE,TRUE,1258
,Enchanted Book (Sharpness III),"enchanted_book[stored_enchantments={levels:{""minecraft:sharpness"":3}}]",FALSE,FALSE,FALSE,1,TRUE,TRUE,TRUE,FALSE,FALSE,N/A,N/A,N/A,N/A,1,0,1,4,N/A,N/A,N/A,FALSE,FALSE,FALSE,N/A,N/A,FALSE,FALSE,FALSE,FALSE,FALSE,TRUE,FALSE,FALSE,TRUE,FALSE,FALSE,FALSE,FALSE,FALSE,FALSE,FALSE,TRUE,FALSE,TRUE,FALSE,FALSE,FALSE,TRUE,1259
,Enchanted Book (Sharpness IV),"enchanted_book[stored_enchantments={levels:{""minecraft:sharpness"":4}}]",FALSE,FALSE,FALSE,1,TRUE,TRUE,TRUE,FALSE,FALSE,N/A,N/A,N/A,N/A,1,0,1,4,N/A,N/A,N/A,FALSE,FALSE,FALSE,N/A,N/A,FALSE,FALSE,FALSE,FALSE,FALSE,TRUE,FALSE,FALSE,TRUE,FALSE,FALSE,FALSE,FALSE,FALSE,FALSE,FALSE,TRUE,FALSE,TRUE,FALSE,FALSE,FALSE,TRUE,1260
,Enchanted Book (Sharpness V),"enchanted_book[stored_enchantments={levels:{""minecraft:sharpness"":5}}]",FALSE,FALSE,FALSE,1,TRUE,TRUE,TRUE,FALSE,FALSE,N/A,N/A,N/A,N/A,1,0,1,4,N/A,N/A,N/A,FALSE,FALSE,FALSE,N/A,N/A,FALSE,FALSE,FALSE,FALSE,FALSE,TRUE,FALSE,FALSE,TRUE,FALSE,FALSE,FALSE,FALSE,FALSE,FALSE,FALSE,TRUE,FALSE,TRUE,FALSE,FALSE,FALSE,TRUE,1261
,Enchanted Book (Smite I),"enchanted_book[stored_enchantments={levels:{""minecraft:smite"":1}}]",FALSE,FALSE,FALSE,1,TRUE,TRUE,TRUE,FALSE,FALSE,N/A,N/A,N/A,N/A,1,0,1,4,N/A,N/A,N/A,FALSE,FALSE,FALSE,N/A,N/A,FALSE,FALSE,FALSE,FALSE,FALSE,TRUE,FALSE,FALSE,TRUE,FALSE,FALSE,FALSE,FALSE,FALSE,FALSE,FALSE,TRUE,FALSE,TRUE,FALSE,FALSE,FALSE,TRUE,1262
,Enchanted Book (Smite II),"enchanted_book[stored_enchantments={levels:{""minecraft:smite"":2}}]",FALSE,FALSE,FALSE,1,TRUE,TRUE,TRUE,FALSE,FALSE,N/A,N/A,N/A,N/A,1,0,1,4,N/A,N/A,N/A,FALSE,FALSE,FALSE,N/A,N/A,FALSE,FALSE,FALSE,FALSE,FALSE,TRUE,FALSE,FALSE,TRUE,FALSE,FALSE,FALSE,FALSE,FALSE,FALSE,FALSE,TRUE,FALSE,TRUE,FALSE,FALSE,FALSE,TRUE,1263
,Enchanted Book (Smite III),"enchanted_book[stored_enchantments={levels:{""minecraft:smite"":3}}]",FALSE,FALSE,FALSE,1,TRUE,TRUE,TRUE,FALSE,FALSE,N/A,N/A,N/A,N/A,1,0,1,4,N/A,N/A,N/A,FALSE,FALSE,FALSE,N/A,N/A,FALSE,FALSE,FALSE,FALSE,FALSE,TRUE,FALSE,FALSE,TRUE,FALSE,FALSE,FALSE,FALSE,FALSE,FALSE,FALSE,TRUE,FALSE,TRUE,FALSE,FALSE,FALSE,TRUE,1264
,Enchanted Book (Smite IV),"enchanted_book[stored_enchantments={levels:{""minecraft:smite"":4}}]",FALSE,FALSE,FALSE,1,TRUE,TRUE,TRUE,FALSE,FALSE,N/A,N/A,N/A,N/A,1,0,1,4,N/A,N/A,N/A,FALSE,FALSE,FALSE,N/A,N/A,FALSE,FALSE,FALSE,FALSE,FALSE,TRUE,FALSE,FALSE,TRUE,FALSE,FALSE,FALSE,FALSE,FALSE,FALSE,FALSE,TRUE,FALSE,TRUE,FALSE,FALSE,FALSE,TRUE,1265
,Enchanted Book (Smite V),"enchanted_book[stored_enchantments={levels:{""minecraft:smite"":5}}]",FALSE,FALSE,FALSE,1,TRUE,TRUE,TRUE,FALSE,FALSE,N/A,N/A,N/A,N/A,1,0,1,4,N/A,N/A,N/A,FALSE,FALSE,FALSE,N/A,N/A,FALSE,FALSE,FALSE,FALSE,FALSE,TRUE,FALSE,FALSE,TRUE,FALSE,FALSE,FALSE,FALSE,FALSE,FALSE,FALSE,TRUE,FALSE,TRUE,FALSE,FALSE,FALSE,TRUE,1266
,Enchanted Book (Bane Of Arthropods I),"enchanted_book[stored_enchantments={levels:{""minecraft:bane_of_arthropods"":1}}]",FALSE,FALSE,FALSE,1,TRUE,TRUE,TRUE,FALSE,FALSE,N/A,N/A,N/A,N/A,1,0,1,4,N/A,N/A,N/A,FALSE,FALSE,FALSE,N/A,N/A,FALSE,FALSE,FALSE,FALSE,FALSE,TRUE,FALSE,FALSE,TRUE,FALSE,FALSE,FALSE,FALSE,FALSE,FALSE,FALSE,TRUE,FALSE,TRUE,FALSE,FALSE,FALSE,TRUE,1267
,Enchanted Book (Bane Of Arthropods II),"enchanted_book[stored_enchantments={levels:{""minecraft:bane_of_arthropods"":2}}]",FALSE,FALSE,FALSE,1,TRUE,TRUE,TRUE,FALSE,FALSE,N/A,N/A,N/A,N/A,1,0,1,4,N/A,N/A,N/A,FALSE,FALSE,FALSE,N/A,N/A,FALSE,FALSE,FALSE,FALSE,FALSE,TRUE,FALSE,FALSE,TRUE,FALSE,FALSE,FALSE,FALSE,FALSE,FALSE,FALSE,TRUE,FALSE,TRUE,FALSE,FALSE,FALSE,TRUE,1268
,Enchanted Book (Bane Of Arthropods III),"enchanted_book[stored_enchantments={levels:{""minecraft:bane_of_arthropods"":3}}]",FALSE,FALSE,FALSE,1,TRUE,TRUE,TRUE,FALSE,FALSE,N/A,N/A,N/A,N/A,1,0,1,4,N/A,N/A,N/A,FALSE,FALSE,FALSE,N/A,N/A,FALSE,FALSE,FALSE,FALSE,FALSE,TRUE,FALSE,FALSE,TRUE,FALSE,FALSE,FALSE,FALSE,FALSE,FALSE,FALSE,TRUE,FALSE,TRUE,FALSE,FALSE,FALSE,TRUE,1269
,Enchanted Book (Bane Of Arthropods IV),"enchanted_book[stored_enchantments={levels:{""minecraft:bane_of_arthropods"":4}}]",FALSE,FALSE,FALSE,1,TRUE,TRUE,TRUE,FALSE,FALSE,N/A,N/A,N/A,N/A,1,0,1,4,N/A,N/A,N/A,FALSE,FALSE,FALSE,N/A,N/A,FALSE,FALSE,FALSE,FALSE,FALSE,TRUE,FALSE,FALSE,TRUE,FALSE,FALSE,FALSE,FALSE,FALSE,FALSE,FALSE,TRUE,FALSE,TRUE,FALSE,FALSE,FALSE,TRUE,1270
,Enchanted Book (Bane Of Arthropods V),"enchanted_book[stored_enchantments={levels:{""minecraft:bane_of_arthropods"":5}}]",FALSE,FALSE,FALSE,1,TRUE,TRUE,TRUE,FALSE,FALSE,N/A,N/A,N/A,N/A,1,0,1,4,N/A,N/A,N/A,FALSE,FALSE,FALSE,N/A,N/A,FALSE,FALSE,FALSE,FALSE,FALSE,TRUE,FALSE,FALSE,TRUE,FALSE,FALSE,FALSE,FALSE,FALSE,FALSE,FALSE,TRUE,FALSE,TRUE,FALSE,FALSE,FALSE,TRUE,1271
,Enchanted Book (Looting I),"enchanted_book[stored_enchantments={levels:{""minecraft:looting"":1}}]",FALSE,FALSE,FALSE,1,TRUE,TRUE,TRUE,FALSE,FALSE,N/A,N/A,N/A,N/A,1,0,1,4,N/A,N/A,N/A,FALSE,FALSE,FALSE,N/A,N/A,FALSE,FALSE,FALSE,FALSE,FALSE,TRUE,FALSE,FALSE,TRUE,FALSE,FALSE,FALSE,FALSE,FALSE,FALSE,FALSE,TRUE,FALSE,TRUE,FALSE,FALSE,FALSE,TRUE,1272
,Enchanted Book (Looting II),"enchanted_book[stored_enchantments={levels:{""minecraft:looting"":2}}]",FALSE,FALSE,FALSE,1,TRUE,TRUE,TRUE,FALSE,FALSE,N/A,N/A,N/A,N/A,1,0,1,4,N/A,N/A,N/A,FALSE,FALSE,FALSE,N/A,N/A,FALSE,FALSE,FALSE,FALSE,FALSE,TRUE,FALSE,FALSE,TRUE,FALSE,FALSE,FALSE,FALSE,FALSE,FALSE,FALSE,TRUE,FALSE,TRUE,FALSE,FALSE,FALSE,TRUE,1273
,Enchanted Book (Looting III),"enchanted_book[stored_enchantments={levels:{""minecraft:looting"":3}}]",FALSE,FALSE,FALSE,1,TRUE,TRUE,TRUE,FALSE,FALSE,N/A,N/A,N/A,N/A,1,0,1,4,N/A,N/A,N/A,FALSE,FALSE,FALSE,N/A,N/A,FALSE,FALSE,FALSE,FALSE,FALSE,TRUE,FALSE,FALSE,TRUE,FALSE,FALSE,FALSE,FALSE,FALSE,FALSE,FALSE,TRUE,FALSE,TRUE,FALSE,FALSE,FALSE,TRUE,1274
,Enchanted Book (Sweeping Edge I),"enchanted_book[stored_enchantments={levels:{""minecraft:sweeping_edge"":1}}]",FALSE,FALSE,FALSE,1,TRUE,TRUE,TRUE,FALSE,FALSE,N/A,N/A,N/A,N/A,1,0,1,4,N/A,N/A,N/A,FALSE,FALSE,FALSE,N/A,N/A,FALSE,FALSE,FALSE,FALSE,FALSE,TRUE,FALSE,FALSE,TRUE,FALSE,FALSE,FALSE,FALSE,FALSE,FALSE,FALSE,TRUE,FALSE,TRUE,FALSE,FALSE,FALSE,TRUE,1275
,Enchanted Book (Sweeping Edge II),"enchanted_book[stored_enchantments={levels:{""minecraft:sweeping_edge"":2}}]",FALSE,FALSE,FALSE,1,TRUE,TRUE,TRUE,FALSE,FALSE,N/A,N/A,N/A,N/A,1,0,1,4,N/A,N/A,N/A,FALSE,FALSE,FALSE,N/A,N/A,FALSE,FALSE,FALSE,FALSE,FALSE,TRUE,FALSE,FALSE,TRUE,FALSE,FALSE,FALSE,FALSE,FALSE,FALSE,FALSE,TRUE,FALSE,TRUE,FALSE,FALSE,FALSE,TRUE,1276
,Enchanted Book (Sweeping Edge III),"enchanted_book[stored_enchantments={levels:{""minecraft:sweeping_edge"":3}}]",FALSE,FALSE,FALSE,1,TRUE,TRUE,TRUE,FALSE,FALSE,N/A,N/A,N/A,N/A,1,0,1,4,N/A,N/A,N/A,FALSE,FALSE,FALSE,N/A,N/A,FALSE,FALSE,FALSE,FALSE,FALSE,TRUE,FALSE,FALSE,TRUE,FALSE,FALSE,FALSE,FALSE,FALSE,FALSE,FALSE,TRUE,FALSE,TRUE,FALSE,FALSE,FALSE,TRUE,1277
,Enchanted Book (Fire Aspect I),"enchanted_book[stored_enchantments={levels:{""minecraft:fire_aspect"":1}}]",FALSE,FALSE,FALSE,1,TRUE,TRUE,TRUE,FALSE,FALSE,N/A,N/A,N/A,N/A,1,0,1,4,N/A,N/A,N/A,FALSE,FALSE,FALSE,N/A,N/A,FALSE,FALSE,FALSE,FALSE,FALSE,TRUE,FALSE,FALSE,TRUE,FALSE,FALSE,FALSE,FALSE,FALSE,FALSE,FALSE,TRUE,FALSE,TRUE,FALSE,FALSE,FALSE,TRUE,1278
,Enchanted Book (Fire Aspect II),"enchanted_book[stored_enchantments={levels:{""minecraft:fire_aspect"":2}}]",FALSE,FALSE,FALSE,1,TRUE,TRUE,TRUE,FALSE,FALSE,N/A,N/A,N/A,N/A,1,0,1,4,N/A,N/A,N/A,FALSE,FALSE,FALSE,N/A,N/A,FALSE,FALSE,FALSE,FALSE,FALSE,TRUE,FALSE,FALSE,TRUE,FALSE,FALSE,FALSE,FALSE,FALSE,FALSE,FALSE,TRUE,FALSE,TRUE,FALSE,FALSE,FALSE,TRUE,1279
,Enchanted Book (Knockback I),"enchanted_book[stored_enchantments={levels:{""minecraft:knockback"":1}}]",FALSE,FALSE,FALSE,1,TRUE,TRUE,TRUE,FALSE,FALSE,N/A,N/A,N/A,N/A,1,0,1,4,N/A,N/A,N/A,FALSE,FALSE,FALSE,N/A,N/A,FALSE,FALSE,FALSE,FALSE,FALSE,TRUE,FALSE,FALSE,TRUE,FALSE,FALSE,FALSE,FALSE,FALSE,FALSE,FALSE,TRUE,FALSE,TRUE,FALSE,FALSE,FALSE,TRUE,1280
,Enchanted Book (Knockback II),"enchanted_book[stored_enchantments={levels:{""minecraft:knockback"":2}}]",FALSE,FALSE,FALSE,1,TRUE,TRUE,TRUE,FALSE,FALSE,N/A,N/A,N/A,N/A,1,0,1,4,N/A,N/A,N/A,FALSE,FALSE,FALSE,N/A,N/A,FALSE,FALSE,FALSE,FALSE,FALSE,TRUE,FALSE,FALSE,TRUE,FALSE,FALSE,FALSE,FALSE,FALSE,FALSE,FALSE,TRUE,FALSE,TRUE,FALSE,FALSE,FALSE,TRUE,1281
,Enchanted Book (Efficiency I),"enchanted_book[stored_enchantments={levels:{""minecraft:efficiency"":1}}]",FALSE,FALSE,FALSE,1,TRUE,TRUE,TRUE,FALSE,FALSE,N/A,N/A,N/A,N/A,1,0,1,4,N/A,N/A,N/A,FALSE,FALSE,FALSE,N/A,N/A,FALSE,FALSE,FALSE,FALSE,FALSE,TRUE,FALSE,FALSE,TRUE,FALSE,FALSE,FALSE,FALSE,FALSE,FALSE,FALSE,TRUE,FALSE,TRUE,FALSE,FALSE,FALSE,TRUE,1282
,Enchanted Book (Efficiency II),"enchanted_book[stored_enchantments={levels:{""minecraft:efficiency"":2}}]",FALSE,FALSE,FALSE,1,TRUE,TRUE,TRUE,FALSE,FALSE,N/A,N/A,N/A,N/A,1,0,1,4,N/A,N/A,N/A,FALSE,FALSE,FALSE,N/A,N/A,FALSE,FALSE,FALSE,FALSE,FALSE,TRUE,FALSE,FALSE,TRUE,FALSE,FALSE,FALSE,FALSE,FALSE,FALSE,FALSE,TRUE,FALSE,TRUE,FALSE,FALSE,FALSE,TRUE,1283
,Enchanted Book (Efficiency III),"enchanted_book[stored_enchantments={levels:{""minecraft:efficiency"":3}}]",FALSE,FALSE,FALSE,1,TRUE,TRUE,TRUE,FALSE,FALSE,N/A,N/A,N/A,N/A,1,0,1,4,N/A,N/A,N/A,FALSE,FALSE,FALSE,N/A,N/A,FALSE,FALSE,FALSE,FALSE,FALSE,TRUE,FALSE,FALSE,TRUE,FALSE,FALSE,FALSE,FALSE,FALSE,FALSE,FALSE,TRUE,FALSE,TRUE,FALSE,FALSE,FALSE,TRUE,1284
,Enchanted Book (Efficiency IV),"enchanted_book[stored_enchantments={levels:{""minecraft:efficiency"":4}}]",FALSE,FALSE,FALSE,1,TRUE,TRUE,TRUE,FALSE,FALSE,N/A,N/A,N/A,N/A,1,0,1,4,N/A,N/A,N/A,FALSE,FALSE,FALSE,N/A,N/A,FALSE,FALSE,FALSE,FALSE,FALSE,TRUE,FALSE,FALSE,TRUE,FALSE,FALSE,FALSE,FALSE,FALSE,FALSE,FALSE,TRUE,FALSE,TRUE,FALSE,FALSE,FALSE,TRUE,1285
,Enchanted Book (Efficiency V),"enchanted_book[stored_enchantments={levels:{""minecraft:efficiency"":5}}]",FALSE,FALSE,FALSE,1,TRUE,TRUE,TRUE,FALSE,FALSE,N/A,N/A,N/A,N/A,1,0,1,4,N/A,N/A,N/A,FALSE,FALSE,FALSE,N/A,N/A,FALSE,FALSE,FALSE,FALSE,FALSE,TRUE,FALSE,FALSE,TRUE,FALSE,FALSE,FALSE,FALSE,FALSE,FALSE,FALSE,TRUE,FALSE,TRUE,FALSE,FALSE,FALSE,TRUE,1286
,Enchanted Book (Fortune I),"enchanted_book[stored_enchantments={levels:{""minecraft:fortune"":1}}]",FALSE,FALSE,FALSE,1,TRUE,TRUE,TRUE,FALSE,FALSE,N/A,N/A,N/A,N/A,1,0,1,4,N/A,N/A,N/A,FALSE,FALSE,FALSE,N/A,N/A,FALSE,FALSE,FALSE,FALSE,FALSE,TRUE,FALSE,FALSE,TRUE,FALSE,FALSE,FALSE,FALSE,FALSE,FALSE,FALSE,TRUE,FALSE,TRUE,FALSE,FALSE,FALSE,TRUE,1287
,Enchanted Book (Fortune II),"enchanted_book[stored_enchantments={levels:{""minecraft:fortune"":2}}]",FALSE,FALSE,FALSE,1,TRUE,TRUE,TRUE,FALSE,FALSE,N/A,N/A,N/A,N/A,1,0,1,4,N/A,N/A,N/A,FALSE,FALSE,FALSE,N/A,N/A,FALSE,FALSE,FALSE,FALSE,FALSE,TRUE,FALSE,FALSE,TRUE,FALSE,FALSE,FALSE,FALSE,FALSE,FALSE,FALSE,TRUE,FALSE,TRUE,FALSE,FALSE,FALSE,TRUE,1288
,Enchanted Book (Fortune III),"enchanted_book[stored_enchantments={levels:{""minecraft:fortune"":3}}]",FALSE,FALSE,FALSE,1,TRUE,TRUE,TRUE,FALSE,FALSE,N/A,N/A,N/A,N/A,1,0,1,4,N/A,N/A,N/A,FALSE,FALSE,FALSE,N/A,N/A,FALSE,FALSE,FALSE,FALSE,FALSE,TRUE,FALSE,FALSE,TRUE,FALSE,FALSE,FALSE,FALSE,FALSE,FALSE,FALSE,TRUE,FALSE,TRUE,FALSE,FALSE,FALSE,TRUE,1289
,Enchanted Book (Silk Touch),"enchanted_book[stored_enchantments={levels:{""minecraft:silk_touch"":1}}]",FALSE,FALSE,FALSE,1,TRUE,TRUE,TRUE,FALSE,FALSE,N/A,N/A,N/A,N/A,1,0,1,4,N/A,N/A,N/A,FALSE,FALSE,FALSE,N/A,N/A,FALSE,FALSE,FALSE,FALSE,FALSE,TRUE,FALSE,FALSE,TRUE,FALSE,FALSE,FALSE,FALSE,FALSE,FALSE,FALSE,TRUE,FALSE,TRUE,FALSE,FALSE,FALSE,TRUE,1290
,Enchanted Book (Power I),"enchanted_book[stored_enchantments={levels:{""minecraft:power"":1}}]",FALSE,FALSE,FALSE,1,TRUE,TRUE,TRUE,FALSE,FALSE,N/A,N/A,N/A,N/A,1,0,1,4,N/A,N/A,N/A,FALSE,FALSE,FALSE,N/A,N/A,FALSE,FALSE,FALSE,FALSE,FALSE,TRUE,FALSE,FALSE,TRUE,FALSE,FALSE,FALSE,FALSE,FALSE,FALSE,FALSE,TRUE,FALSE,TRUE,FALSE,FALSE,FALSE,TRUE,1291
,Enchanted Book (Power II),"enchanted_book[stored_enchantments={levels:{""minecraft:power"":2}}]",FALSE,FALSE,FALSE,1,TRUE,TRUE,TRUE,FALSE,FALSE,N/A,N/A,N/A,N/A,1,0,1,4,N/A,N/A,N/A,FALSE,FALSE,FALSE,N/A,N/A,FALSE,FALSE,FALSE,FALSE,FALSE,TRUE,FALSE,FALSE,TRUE,FALSE,FALSE,FALSE,FALSE,FALSE,FALSE,FALSE,TRUE,FALSE,TRUE,FALSE,FALSE,FALSE,TRUE,1292
,Enchanted Book (Power III),"enchanted_book[stored_enchantments={levels:{""minecraft:power"":3}}]",FALSE,FALSE,FALSE,1,TRUE,TRUE,TRUE,FALSE,FALSE,N/A,N/A,N/A,N/A,1,0,1,4,N/A,N/A,N/A,FALSE,FALSE,FALSE,N/A,N/A,FALSE,FALSE,FALSE,FALSE,FALSE,TRUE,FALSE,FALSE,TRUE,FALSE,FALSE,FALSE,FALSE,FALSE,FALSE,FALSE,TRUE,FALSE,TRUE,FALSE,FALSE,FALSE,TRUE,1293
,Enchanted Book (Power IV),"enchanted_book[stored_enchantments={levels:{""minecraft:power"":4}}]",FALSE,FALSE,FALSE,1,TRUE,TRUE,TRUE,FALSE,FALSE,N/A,N/A,N/A,N/A,1,0,1,4,N/A,N/A,N/A,FALSE,FALSE,FALSE,N/A,N/A,FALSE,FALSE,FALSE,FALSE,FALSE,TRUE,FALSE,FALSE,TRUE,FALSE,FALSE,FALSE,FALSE,FALSE,FALSE,FALSE,TRUE,FALSE,TRUE,FALSE,FALSE,FALSE,TRUE,1294
,Enchanted Book (Power V),"enchanted_book[stored_enchantments={levels:{""minecraft:power"":5}}]",FALSE,FALSE,FALSE,1,TRUE,TRUE,TRUE,FALSE,FALSE,N/A,N/A,N/A,N/A,1,0,1,4,N/A,N/A,N/A,FALSE,FALSE,FALSE,N/A,N/A,FALSE,FALSE,FALSE,FALSE,FALSE,TRUE,FALSE,FALSE,TRUE,FALSE,FALSE,FALSE,FALSE,FALSE,FALSE,FALSE,TRUE,FALSE,TRUE,FALSE,FALSE,FALSE,TRUE,1295
,Enchanted Book (Punch I),"enchanted_book[stored_enchantments={levels:{""minecraft:punch"":1}}]",FALSE,FALSE,FALSE,1,TRUE,TRUE,TRUE,FALSE,FALSE,N/A,N/A,N/A,N/A,1,0,1,4,N/A,N/A,N/A,FALSE,FALSE,FALSE,N/A,N/A,FALSE,FALSE,FALSE,FALSE,FALSE,TRUE,FALSE,FALSE,TRUE,FALSE,FALSE,FALSE,FALSE,FALSE,FALSE,FALSE,TRUE,FALSE,TRUE,FALSE,FALSE,FALSE,TRUE,1296
,Enchanted Book (Punch II),"enchanted_book[stored_enchantments={levels:{""minecraft:punch"":2}}]",FALSE,FALSE,FALSE,1,TRUE,TRUE,TRUE,FALSE,FALSE,N/A,N/A,N/A,N/A,1,0,1,4,N/A,N/A,N/A,FALSE,FALSE,FALSE,N/A,N/A,FALSE,FALSE,FALSE,FALSE,FALSE,TRUE,FALSE,FALSE,TRUE,FALSE,FALSE,FALSE,FALSE,FALSE,FALSE,FALSE,TRUE,FALSE,TRUE,FALSE,FALSE,FALSE,TRUE,1297
,Enchanted Book (Flame),"enchanted_book[stored_enchantments={levels:{""minecraft:flame"":1}}]",FALSE,FALSE,FALSE,1,TRUE,TRUE,TRUE,FALSE,FALSE,N/A,N/A,N/A,N/A,1,0,1,4,N/A,N/A,N/A,FALSE,FALSE,FALSE,N/A,N/A,FALSE,FALSE,FALSE,FALSE,FALSE,TRUE,FALSE,FALSE,TRUE,FALSE,FALSE,FALSE,FALSE,FALSE,FALSE,FALSE,TRUE,FALSE,TRUE,FALSE,FALSE,FALSE,TRUE,1298
,Enchanted Book (Infinity),"enchanted_book[stored_enchantments={levels:{""minecraft:infinity"":1}}]",FALSE,FALSE,FALSE,1,TRUE,TRUE,TRUE,FALSE,FALSE,N/A,N/A,N/A,N/A,1,0,1,4,N/A,N/A,N/A,FALSE,FALSE,FALSE,N/A,N/A,FALSE,FALSE,FALSE,FALSE,FALSE,TRUE,FALSE,FALSE,TRUE,FALSE,FALSE,FALSE,FALSE,FALSE,FALSE,FALSE,TRUE,FALSE,TRUE,FALSE,FALSE,FALSE,TRUE,1299
,Enchanted Book (Piercing I),"enchanted_book[stored_enchantments={levels:{""minecraft:piercing"":1}}]",FALSE,FALSE,FALSE,1,TRUE,TRUE,TRUE,FALSE,FALSE,N/A,N/A,N/A,N/A,1,0,1,4,N/A,N/A,N/A,FALSE,FALSE,FALSE,N/A,N/A,FALSE,FALSE,FALSE,FALSE,FALSE,TRUE,FALSE,FALSE,TRUE,FALSE,FALSE,FALSE,FALSE,FALSE,FALSE,FALSE,TRUE,FALSE,TRUE,FALSE,FALSE,FALSE,TRUE,1300
,Enchanted Book (Piercing II),"enchanted_book[stored_enchantments={levels:{""minecraft:piercing"":2}}]",FALSE,FALSE,FALSE,1,TRUE,TRUE,TRUE,FALSE,FALSE,N/A,N/A,N/A,N/A,1,0,1,4,N/A,N/A,N/A,FALSE,FALSE,FALSE,N/A,N/A,FALSE,FALSE,FALSE,FALSE,FALSE,TRUE,FALSE,FALSE,TRUE,FALSE,FALSE,FALSE,FALSE,FALSE,FALSE,FALSE,TRUE,FALSE,TRUE,FALSE,FALSE,FALSE,TRUE,1301
,Enchanted Book (Piercing III),"enchanted_book[stored_enchantments={levels:{""minecraft:piercing"":3}}]",FALSE,FALSE,FALSE,1,TRUE,TRUE,TRUE,FALSE,FALSE,N/A,N/A,N/A,N/A,1,0,1,4,N/A,N/A,N/A,FALSE,FALSE,FALSE,N/A,N/A,FALSE,FALSE,FALSE,FALSE,FALSE,TRUE,FALSE,FALSE,TRUE,FALSE,FALSE,FALSE,FALSE,FALSE,FALSE,FALSE,TRUE,FALSE,TRUE,FALSE,FALSE,FALSE,TRUE,1302
,Enchanted Book (Piercing IV),"enchanted_book[stored_enchantments={levels:{""minecraft:piercing"":4}}]",FALSE,FALSE,FALSE,1,TRUE,TRUE,TRUE,FALSE,FALSE,N/A,N/A,N/A,N/A,1,0,1,4,N/A,N/A,N/A,FALSE,FALSE,FALSE,N/A,N/A,FALSE,FALSE,FALSE,FALSE,FALSE,TRUE,FALSE,FALSE,TRUE,FALSE,FALSE,FALSE,FALSE,FALSE,FALSE,FALSE,TRUE,FALSE,TRUE,FALSE,FALSE,FALSE,TRUE,1303
,Enchanted Book (Quick Charge I),"enchanted_book[stored_enchantments={levels:{""minecraft:quick_charge"":1}}]",FALSE,FALSE,FALSE,1,TRUE,TRUE,TRUE,FALSE,FALSE,N/A,N/A,N/A,N/A,1,0,1,4,N/A,N/A,N/A,FALSE,FALSE,FALSE,N/A,N/A,FALSE,FALSE,FALSE,FALSE,FALSE,TRUE,FALSE,FALSE,TRUE,FALSE,FALSE,FALSE,FALSE,FALSE,FALSE,FALSE,TRUE,FALSE,TRUE,FALSE,FALSE,FALSE,TRUE,1304
,Enchanted Book (Quick Charge II),"enchanted_book[stored_enchantments={levels:{""minecraft:quick_charge"":2}}]",FALSE,FALSE,FALSE,1,TRUE,TRUE,TRUE,FALSE,FALSE,N/A,N/A,N/A,N/A,1,0,1,4,N/A,N/A,N/A,FALSE,FALSE,FALSE,N/A,N/A,FALSE,FALSE,FALSE,FALSE,FALSE,TRUE,FALSE,FALSE,TRUE,FALSE,FALSE,FALSE,FALSE,FALSE,FALSE,FALSE,TRUE,FALSE,TRUE,FALSE,FALSE,FALSE,TRUE,1305
,Enchanted Book (Quick Charge III),"enchanted_book[stored_enchantments={levels:{""minecraft:quick_charge"":3}}]",FALSE,FALSE,FALSE,1,TRUE,TRUE,TRUE,FALSE,FALSE,N/A,N/A,N/A,N/A,1,0,1,4,N/A,N/A,N/A,FALSE,FALSE,FALSE,N/A,N/A,FALSE,FALSE,FALSE,FALSE,FALSE,TRUE,FALSE,FALSE,TRUE,FALSE,FALSE,FALSE,FALSE,FALSE,FALSE,FALSE,TRUE,FALSE,TRUE,FALSE,FALSE,FALSE,TRUE,1306
,Enchanted Book (Multishot),"enchanted_book[stored_enchantments={levels:{""minecraft:multishot"":1}}]",FALSE,FALSE,FALSE,1,TRUE,TRUE,TRUE,FALSE,FALSE,N/A,N/A,N/A,N/A,1,0,1,4,N/A,N/A,N/A,FALSE,FALSE,FALSE,N/A,N/A,FALSE,FALSE,FALSE,FALSE,FALSE,TRUE,FALSE,FALSE,TRUE,FALSE,FALSE,FALSE,FALSE,FALSE,FALSE,FALSE,TRUE,FALSE,TRUE,FALSE,FALSE,FALSE,TRUE,1307
,Enchanted Book (Impaling I),"enchanted_book[stored_enchantments={levels:{""minecraft:impaling"":1}}]",FALSE,FALSE,FALSE,1,TRUE,TRUE,TRUE,FALSE,FALSE,N/A,N/A,N/A,N/A,1,0,1,4,N/A,N/A,N/A,FALSE,FALSE,FALSE,N/A,N/A,FALSE,FALSE,FALSE,FALSE,FALSE,TRUE,FALSE,FALSE,TRUE,FALSE,FALSE,FALSE,FALSE,FALSE,FALSE,FALSE,TRUE,FALSE,TRUE,FALSE,FALSE,FALSE,TRUE,1308
,Enchanted Book (Impaling II),"enchanted_book[stored_enchantments={levels:{""minecraft:impaling"":2}}]",FALSE,FALSE,FALSE,1,TRUE,TRUE,TRUE,FALSE,FALSE,N/A,N/A,N/A,N/A,1,0,1,4,N/A,N/A,N/A,FALSE,FALSE,FALSE,N/A,N/A,FALSE,FALSE,FALSE,FALSE,FALSE,TRUE,FALSE,FALSE,TRUE,FALSE,FALSE,FALSE,FALSE,FALSE,FALSE,FALSE,TRUE,FALSE,TRUE,FALSE,FALSE,FALSE,TRUE,1309
,Enchanted Book (Impaling III),"enchanted_book[stored_enchantments={levels:{""minecraft:impaling"":3}}]",FALSE,FALSE,FALSE,1,TRUE,TRUE,TRUE,FALSE,FALSE,N/A,N/A,N/A,N/A,1,0,1,4,N/A,N/A,N/A,FALSE,FALSE,FALSE,N/A,N/A,FALSE,FALSE,FALSE,FALSE,FALSE,TRUE,FALSE,FALSE,TRUE,FALSE,FALSE,FALSE,FALSE,FALSE,FALSE,FALSE,TRUE,FALSE,TRUE,FALSE,FALSE,FALSE,TRUE,1310
,Enchanted Book (Impaling IV),"enchanted_book[stored_enchantments={levels:{""minecraft:impaling"":4}}]",FALSE,FALSE,FALSE,1,TRUE,TRUE,TRUE,FALSE,FALSE,N/A,N/A,N/A,N/A,1,0,1,4,N/A,N/A,N/A,FALSE,FALSE,FALSE,N/A,N/A,FALSE,FALSE,FALSE,FALSE,FALSE,TRUE,FALSE,FALSE,TRUE,FALSE,FALSE,FALSE,FALSE,FALSE,FALSE,FALSE,TRUE,FALSE,TRUE,FALSE,FALSE,FALSE,TRUE,1311
,Enchanted Book (Impaling V),"enchanted_book[stored_enchantments={levels:{""minecraft:impaling"":5}}]",FALSE,FALSE,FALSE,1,TRUE,TRUE,TRUE,FALSE,FALSE,N/A,N/A,N/A,N/A,1,0,1,4,N/A,N/A,N/A,FALSE,FALSE,FALSE,N/A,N/A,FALSE,FALSE,FALSE,FALSE,FALSE,TRUE,FALSE,FALSE,TRUE,FALSE,FALSE,FALSE,FALSE,FALSE,FALSE,FALSE,TRUE,FALSE,TRUE,FALSE,FALSE,FALSE,TRUE,1312
,Enchanted Book (Riptide I),"enchanted_book[stored_enchantments={levels:{""minecraft:riptide"":1}}]",FALSE,FALSE,FALSE,1,TRUE,TRUE,TRUE,FALSE,FALSE,N/A,N/A,N/A,N/A,1,0,1,4,N/A,N/A,N/A,FALSE,FALSE,FALSE,N/A,N/A,FALSE,FALSE,FALSE,FALSE,FALSE,TRUE,FALSE,FALSE,TRUE,FALSE,FALSE,FALSE,FALSE,FALSE,FALSE,FALSE,TRUE,FALSE,TRUE,FALSE,FALSE,FALSE,TRUE,1313
,Enchanted Book (Riptide II),"enchanted_book[stored_enchantments={levels:{""minecraft:riptide"":2}}]",FALSE,FALSE,FALSE,1,TRUE,TRUE,TRUE,FALSE,FALSE,N/A,N/A,N/A,N/A,1,0,1,4,N/A,N/A,N/A,FALSE,FALSE,FALSE,N/A,N/A,FALSE,FALSE,FALSE,FALSE,FALSE,TRUE,FALSE,FALSE,TRUE,FALSE,FALSE,FALSE,FALSE,FALSE,FALSE,FALSE,TRUE,FALSE,TRUE,FALSE,FALSE,FALSE,TRUE,1314
,Enchanted Book (Riptide III),"enchanted_book[stored_enchantments={levels:{""minecraft:riptide"":3}}]",FALSE,FALSE,FALSE,1,TRUE,TRUE,TRUE,FALSE,FALSE,N/A,N/A,N/A,N/A,1,0,1,4,N/A,N/A,N/A,FALSE,FALSE,FALSE,N/A,N/A,FALSE,FALSE,FALSE,FALSE,FALSE,TRUE,FALSE,FALSE,TRUE,FALSE,FALSE,FALSE,FALSE,FALSE,FALSE,FALSE,TRUE,FALSE,TRUE,FALSE,FALSE,FALSE,TRUE,1315
,Enchanted Book (Loyalty I),"enchanted_book[stored_enchantments={levels:{""minecraft:loyalty"":1}}]",FALSE,FALSE,FALSE,1,TRUE,TRUE,TRUE,FALSE,FALSE,N/A,N/A,N/A,N/A,1,0,1,4,N/A,N/A,N/A,FALSE,FALSE,FALSE,N/A,N/A,FALSE,FALSE,FALSE,FALSE,FALSE,TRUE,FALSE,FALSE,TRUE,FALSE,FALSE,FALSE,FALSE,FALSE,FALSE,FALSE,TRUE,FALSE,TRUE,FALSE,FALSE,FALSE,TRUE,1316
,Enchanted Book (Loyalty II),"enchanted_book[stored_enchantments={levels:{""minecraft:loyalty"":2}}]",FALSE,FALSE,FALSE,1,TRUE,TRUE,TRUE,FALSE,FALSE,N/A,N/A,N/A,N/A,1,0,1,4,N/A,N/A,N/A,FALSE,FALSE,FALSE,N/A,N/A,FALSE,FALSE,FALSE,FALSE,FALSE,TRUE,FALSE,FALSE,TRUE,FALSE,FALSE,FALSE,FALSE,FALSE,FALSE,FALSE,TRUE,FALSE,TRUE,FALSE,FALSE,FALSE,TRUE,1317
,Enchanted Book (Loyalty III),"enchanted_book[stored_enchantments={levels:{""minecraft:loyalty"":3}}]",FALSE,FALSE,FALSE,1,TRUE,TRUE,TRUE,FALSE,FALSE,N/A,N/A,N/A,N/A,1,0,1,4,N/A,N/A,N/A,FALSE,FALSE,FALSE,N/A,N/A,FALSE,FALSE,FALSE,FALSE,FALSE,TRUE,FALSE,FALSE,TRUE,FALSE,FALSE,FALSE,FALSE,FALSE,FALSE,FALSE,TRUE,FALSE,TRUE,FALSE,FALSE,FALSE,TRUE,1318
,Enchanted Book (Channeling),"enchanted_book[stored_enchantments={levels:{""minecraft:channeling"":1}}]",FALSE,FALSE,FALSE,1,TRUE,TRUE,TRUE,FALSE,FALSE,N/A,N/A,N/A,N/A,1,0,1,4,N/A,N/A,N/A,FALSE,FALSE,FALSE,N/A,N/A,FALSE,FALSE,FALSE,FALSE,FALSE,TRUE,FALSE,FALSE,TRUE,FALSE,FALSE,FALSE,FALSE,FALSE,FALSE,FALSE,TRUE,FALSE,TRUE,FALSE,FALSE,FALSE,TRUE,1319
,Enchanted Book (Density I),"enchanted_book[stored_enchantments={levels:{""minecraft:density"":1}}]",FALSE,FALSE,FALSE,1,TRUE,TRUE,TRUE,FALSE,FALSE,N/A,N/A,N/A,N/A,1,0,1,4,N/A,N/A,N/A,FALSE,FALSE,FALSE,N/A,N/A,FALSE,FALSE,FALSE,FALSE,FALSE,TRUE,FALSE,FALSE,TRUE,FALSE,FALSE,FALSE,FALSE,FALSE,FALSE,FALSE,TRUE,FALSE,TRUE,FALSE,FALSE,FALSE,TRUE,1320
,Enchanted Book (Density II),"enchanted_book[stored_enchantments={levels:{""minecraft:density"":2}}]",FALSE,FALSE,FALSE,1,TRUE,TRUE,TRUE,FALSE,FALSE,N/A,N/A,N/A,N/A,1,0,1,4,N/A,N/A,N/A,FALSE,FALSE,FALSE,N/A,N/A,FALSE,FALSE,FALSE,FALSE,FALSE,TRUE,FALSE,FALSE,TRUE,FALSE,FALSE,FALSE,FALSE,FALSE,FALSE,FALSE,TRUE,FALSE,TRUE,FALSE,FALSE,FALSE,TRUE,1321
,Enchanted Book (Density III),"enchanted_book[stored_enchantments={levels:{""minecraft:density"":3}}]",FALSE,FALSE,FALSE,1,TRUE,TRUE,TRUE,FALSE,FALSE,N/A,N/A,N/A,N/A,1,0,1,4,N/A,N/A,N/A,FALSE,FALSE,FALSE,N/A,N/A,FALSE,FALSE,FALSE,FALSE,FALSE,TRUE,FALSE,FALSE,TRUE,FALSE,FALSE,FALSE,FALSE,FALSE,FALSE,FALSE,TRUE,FALSE,TRUE,FALSE,FALSE,FALSE,TRUE,1322
,Enchanted Book (Density IV),"enchanted_book[stored_enchantments={levels:{""minecraft:density"":4}}]",FALSE,FALSE,FALSE,1,TRUE,TRUE,TRUE,FALSE,FALSE,N/A,N/A,N/A,N/A,1,0,1,4,N/A,N/A,N/A,FALSE,FALSE,FALSE,N/A,N/A,FALSE,FALSE,FALSE,FALSE,FALSE,TRUE,FALSE,FALSE,TRUE,FALSE,FALSE,FALSE,FALSE,FALSE,FALSE,FALSE,TRUE,FALSE,TRUE,FALSE,FALSE,FALSE,TRUE,1323
,Enchanted Book (Density V),"enchanted_book[stored_enchantments={levels:{""minecraft:density"":5}}]",FALSE,FALSE,FALSE,1,TRUE,TRUE,TRUE,FALSE,FALSE,N/A,N/A,N/A,N/A,1,0,1,4,N/A,N/A,N/A,FALSE,FALSE,FALSE,N/A,N/A,FALSE,FALSE,FALSE,FALSE,FALSE,TRUE,FALSE,FALSE,TRUE,FALSE,FALSE,FALSE,FALSE,FALSE,FALSE,FALSE,TRUE,FALSE,TRUE,FALSE,FALSE,FALSE,TRUE,1324
,Enchanted Book (Breach I),"enchanted_book[stored_enchantments={levels:{""minecraft:breach"":1}}]",FALSE,FALSE,FALSE,1,TRUE,TRUE,TRUE,FALSE,FALSE,N/A,N/A,N/A,N/A,1,0,1,4,N/A,N/A,N/A,FALSE,FALSE,FALSE,N/A,N/A,FALSE,FALSE,FALSE,FALSE,FALSE,TRUE,FALSE,FALSE,TRUE,FALSE,FALSE,FALSE,FALSE,FALSE,FALSE,FALSE,TRUE,FALSE,TRUE,FALSE,FALSE,FALSE,TRUE,1325
,Enchanted Book (Breach II),"enchanted_book[stored_enchantments={levels:{""minecraft:breach"":2}}]",FALSE,FALSE,FALSE,1,TRUE,TRUE,TRUE,FALSE,FALSE,N/A,N/A,N/A,N/A,1,0,1,4,N/A,N/A,N/A,FALSE,FALSE,FALSE,N/A,N/A,FALSE,FALSE,FALSE,FALSE,FALSE,TRUE,FALSE,FALSE,TRUE,FALSE,FALSE,FALSE,FALSE,FALSE,FALSE,FALSE,TRUE,FALSE,TRUE,FALSE,FALSE,FALSE,TRUE,1326
,Enchanted Book (Breach III),"enchanted_book[stored_enchantments={levels:{""minecraft:breach"":3}}]",FALSE,FALSE,FALSE,1,TRUE,TRUE,TRUE,FALSE,FALSE,N/A,N/A,N/A,N/A,1,0,1,4,N/A,N/A,N/A,FALSE,FALSE,FALSE,N/A,N/A,FALSE,FALSE,FALSE,FALSE,FALSE,TRUE,FALSE,FALSE,TRUE,FALSE,FALSE,FALSE,FALSE,FALSE,FALSE,FALSE,TRUE,FALSE,TRUE,FALSE,FALSE,FALSE,TRUE,1327
,Enchanted Book (Breach IV),"enchanted_book[stored_enchantments={levels:{""minecraft:breach"":4}}]",FALSE,FALSE,FALSE,1,TRUE,TRUE,TRUE,FALSE,FALSE,N/A,N/A,N/A,N/A,1,0,1,4,N/A,N/A,N/A,FALSE,FALSE,FALSE,N/A,N/A,FALSE,FALSE,FALSE,FALSE,FALSE,TRUE,FALSE,FALSE,TRUE,FALSE,FALSE,FALSE,FALSE,FALSE,FALSE,FALSE,TRUE,FALSE,TRUE,FALSE,FALSE,FALSE,TRUE,1328
,Enchanted Book (Wind Burst I),"enchanted_book[stored_enchantments={levels:{""minecraft:wind_burst"":1}}]",FALSE,FALSE,FALSE,1,FALSE,FALSE,FALSE,FALSE,FALSE,N/A,N/A,N/A,N/A,1,0,1,4,N/A,N/A,N/A,FALSE,FALSE,FALSE,N/A,N/A,FALSE,FALSE,FALSE,FALSE,FALSE,FALSE,FALSE,FALSE,TRUE,FALSE,FALSE,FALSE,FALSE,FALSE,FALSE,FALSE,TRUE,FALSE,TRUE,FALSE,FALSE,FALSE,TRUE,1329
,Enchanted Book (Wind Burst II),"enchanted_book[stored_enchantments={levels:{""minecraft:wind_burst"":2}}]",FALSE,FALSE,FALSE,1,FALSE,FALSE,FALSE,FALSE,FALSE,N/A,N/A,N/A,N/A,1,0,1,4,N/A,N/A,N/A,FALSE,FALSE,FALSE,N/A,N/A,FALSE,FALSE,FALSE,FALSE,FALSE,FALSE,FALSE,FALSE,TRUE,FALSE,FALSE,FALSE,FALSE,FALSE,FALSE,FALSE,TRUE,FALSE,TRUE,FALSE,FALSE,FALSE,TRUE,1330
,Enchanted Book (Wind Burst III),"enchanted_book[stored_enchantments={levels:{""minecraft:wind_burst"":3}}]",FALSE,FALSE,FALSE,1,FALSE,FALSE,FALSE,FALSE,FALSE,N/A,N/A,N/A,N/A,1,0,1,4,N/A,N/A,N/A,FALSE,FALSE,FALSE,N/A,N/A,FALSE,FALSE,FALSE,FALSE,FALSE,FALSE,FALSE,FALSE,TRUE,FALSE,FALSE,FALSE,FALSE,FALSE,FALSE,FALSE,TRUE,FALSE,TRUE,FALSE,FALSE,FALSE,TRUE,1331
,Enchanted Book (Luck Of The Sea I),"enchanted_book[stored_enchantments={levels:{""minecraft:luck_of_the_sea"":1}}]",FALSE,FALSE,FALSE,1,TRUE,TRUE,TRUE,FALSE,FALSE,N/A,N/A,N/A,N/A,1,0,1,4,N/A,N/A,N/A,FALSE,FALSE,FALSE,N/A,N/A,FALSE,FALSE,FALSE,FALSE,FALSE,TRUE,FALSE,FALSE,TRUE,FALSE,FALSE,FALSE,FALSE,FALSE,FALSE,FALSE,TRUE,FALSE,TRUE,FALSE,FALSE,FALSE,TRUE,1332
,Enchanted Book (Luck Of The Sea II),"enchanted_book[stored_enchantments={levels:{""minecraft:luck_of_the_sea"":2}}]",FALSE,FALSE,FALSE,1,TRUE,TRUE,TRUE,FALSE,FALSE,N/A,N/A,N/A,N/A,1,0,1,4,N/A,N/A,N/A,FALSE,FALSE,FALSE,N/A,N/A,FALSE,FALSE,FALSE,FALSE,FALSE,TRUE,FALSE,FALSE,TRUE,FALSE,FALSE,FALSE,FALSE,FALSE,FALSE,FALSE,TRUE,FALSE,TRUE,FALSE,FALSE,FALSE,TRUE,1333
,Enchanted Book (Luck Of The Sea III),"enchanted_book[stored_enchantments={levels:{""minecraft:luck_of_the_sea"":3}}]",FALSE,FALSE,FALSE,1,TRUE,TRUE,TRUE,FALSE,FALSE,N/A,N/A,N/A,N/A,1,0,1,4,N/A,N/A,N/A,FALSE,FALSE,FALSE,N/A,N/A,FALSE,FALSE,FALSE,FALSE,FALSE,TRUE,FALSE,FALSE,TRUE,FALSE,FALSE,FALSE,FALSE,FALSE,FALSE,FALSE,TRUE,FALSE,TRUE,FALSE,FALSE,FALSE,TRUE,1334
,Enchanted Book (Lure I),"enchanted_book[stored_enchantments={levels:{""minecraft:lure"":1}}]",FALSE,FALSE,FALSE,1,TRUE,TRUE,TRUE,FALSE,FALSE,N/A,N/A,N/A,N/A,1,0,1,4,N/A,N/A,N/A,FALSE,FALSE,FALSE,N/A,N/A,FALSE,FALSE,FALSE,FALSE,FALSE,TRUE,FALSE,FALSE,TRUE,FALSE,FALSE,FALSE,FALSE,FALSE,FALSE,FALSE,TRUE,FALSE,TRUE,FALSE,FALSE,FALSE,TRUE,1335
,Enchanted Book (Lure II),"enchanted_book[stored_enchantments={levels:{""minecraft:lure"":2}}]",FALSE,FALSE,FALSE,1,TRUE,TRUE,TRUE,FALSE,FALSE,N/A,N/A,N/A,N/A,1,0,1,4,N/A,N/A,N/A,FALSE,FALSE,FALSE,N/A,N/A,FALSE,FALSE,FALSE,FALSE,FALSE,TRUE,FALSE,FALSE,TRUE,FALSE,FALSE,FALSE,FALSE,FALSE,FALSE,FALSE,TRUE,FALSE,TRUE,FALSE,FALSE,FALSE,TRUE,1336
,Enchanted Book (Lure III),"enchanted_book[stored_enchantments={levels:{""minecraft:lure"":3}}]",FALSE,FALSE,FALSE,1,TRUE,TRUE,TRUE,FALSE,FALSE,N/A,N/A,N/A,N/A,1,0,1,4,N/A,N/A,N/A,FALSE,FALSE,FALSE,N/A,N/A,FALSE,FALSE,FALSE,FALSE,FALSE,TRUE,FALSE,FALSE,TRUE,FALSE,FALSE,FALSE,FALSE,FALSE,FALSE,FALSE,TRUE,FALSE,TRUE,FALSE,FALSE,FALSE,TRUE,1337
,Enchanted Book (Curse Of Binding),"enchanted_book[stored_enchantments={levels:{""minecraft:binding_curse"":1}}]",FALSE,FALSE,FALSE,1,TRUE,TRUE,TRUE,FALSE,FALSE,N/A,N/A,N/A,N/A,1,0,1,4,N/A,N/A,N/A,FALSE,FALSE,FALSE,N/A,N/A,FALSE,FALSE,FALSE,FALSE,FALSE,TRUE,FALSE,FALSE,TRUE,FALSE,FALSE,FALSE,FALSE,FALSE,FALSE,FALSE,TRUE,FALSE,TRUE,FALSE,FALSE,FALSE,TRUE,1338
,Enchanted Book (Curse Of Vanishing),"enchanted_book[stored_enchantments={levels:{""minecraft:vanishing_curse"":1}}]",FALSE,FALSE,FALSE,1,TRUE,TRUE,TRUE,FALSE,FALSE,N/A,N/A,N/A,N/A,1,0,1,4,N/A,N/A,N/A,FALSE,FALSE,FALSE,N/A,N/A,FALSE,FALSE,FALSE,FALSE,FALSE,TRUE,FALSE,FALSE,TRUE,FALSE,FALSE,FALSE,FALSE,FALSE,FALSE,FALSE,TRUE,FALSE,TRUE,FALSE,FALSE,FALSE,TRUE,1339
,Bookshelf,bookshelf,FALSE,FALSE,FALSE,64,TRUE,TRUE,FALSE,TRUE,FALSE,N/A,15,N/A,N/A,1,0,1,4,N/A,N/A,N/A,FALSE,FALSE,FALSE,N/A,N/A,FALSE,FALSE,FALSE,FALSE,FALSE,TRUE,FALSE,FALSE,FALSE,TRUE,TRUE,FALSE,FALSE,FALSE,FALSE,FALSE,TRUE,TRUE,FALSE,FALSE,FALSE,FALSE,FALSE,1340
,Chiseled Bookshelf,chiseled_bookshelf,FALSE,FALSE,FALSE,64,TRUE,TRUE,FALSE,TRUE,FALSE,N/A,15,N/A,N/A,1,0,1,4,N/A,N/A,N/A,FALSE,FALSE,FALSE,N/A,N/A,FALSE,FALSE,FALSE,FALSE,FALSE,FALSE,FALSE,FALSE,FALSE,FALSE,TRUE,FALSE,FALSE,FALSE,FALSE,FALSE,TRUE,TRUE,FALSE,FALSE,FALSE,FALSE,FALSE,1341
,Book And Quill,writable_book,FALSE,FALSE,FALSE,1,TRUE,TRUE,FALSE,FALSE,FALSE,N/A,N/A,N/A,N/A,1,0,1,4,N/A,N/A,N/A,FALSE,FALSE,FALSE,N/A,N/A,FALSE,FALSE,FALSE,FALSE,FALSE,FALSE,TRUE,FALSE,FALSE,TRUE,TRUE,FALSE,FALSE,FALSE,FALSE,FALSE,TRUE,TRUE,FALSE,FALSE,FALSE,FALSE,FALSE,1342
,Written Book,written_book,FALSE,FALSE,FALSE,16,TRUE,FALSE,FALSE,FALSE,FALSE,N/A,N/A,N/A,N/A,1,0,1,4,N/A,N/A,N/A,FALSE,FALSE,FALSE,N/A,N/A,FALSE,FALSE,FALSE,FALSE,FALSE,FALSE,FALSE,FALSE,FALSE,TRUE,TRUE,FALSE,FALSE,FALSE,FALSE,FALSE,TRUE,TRUE,FALSE,FALSE,FALSE,FALSE,FALSE,1343
,Knowledge Book,knowledge_book,TRUE,TRUE,TRUE,1,FALSE,FALSE,FALSE,FALSE,FALSE,N/A,N/A,N/A,N/A,1,0,1,4,N/A,N/A,N/A,FALSE,FALSE,FALSE,N/A,N/A,FALSE,FALSE,FALSE,FALSE,FALSE,FALSE,FALSE,FALSE,FALSE,FALSE,FALSE,FALSE,FALSE,FALSE,FALSE,FALSE,TRUE,FALSE,FALSE,FALSE,TRUE,FALSE,FALSE,1344
,Empty Map,map,FALSE,FALSE,FALSE,64,TRUE,TRUE,TRUE,FALSE,FALSE,N/A,N/A,N/A,N/A,1,0,1,4,N/A,N/A,N/A,FALSE,FALSE,FALSE,N/A,N/A,FALSE,FALSE,FALSE,FALSE,FALSE,TRUE,FALSE,FALSE,FALSE,TRUE,TRUE,FALSE,FALSE,FALSE,FALSE,FALSE,TRUE,TRUE,FALSE,FALSE,FALSE,FALSE,FALSE,1345
,Map,filled_map,FALSE,FALSE,FALSE,64,TRUE,TRUE,TRUE,FALSE,FALSE,N/A,N/A,N/A,N/A,1,0,1,4,N/A,N/A,N/A,FALSE,FALSE,FALSE,N/A,N/A,FALSE,FALSE,FALSE,FALSE,FALSE,FALSE,FALSE,FALSE,FALSE,FALSE,FALSE,FALSE,FALSE,FALSE,FALSE,FALSE,FALSE,TRUE,FALSE,FALSE,FALSE,FALSE,FALSE,1346
,Thing Banner Pattern,mojang_banner_pattern,FALSE,FALSE,FALSE,1,FALSE,FALSE,FALSE,FALSE,FALSE,N/A,N/A,N/A,N/A,1,0,1,4,N/A,N/A,N/A,FALSE,FALSE,FALSE,N/A,N/A,FALSE,FALSE,FALSE,FALSE,FALSE,FALSE,FALSE,FALSE,FALSE,FALSE,TRUE,FALSE,FALSE,FALSE,FALSE,FALSE,FALSE,FALSE,FALSE,TRUE,FALSE,FALSE,FALSE,1347
,Skull Charge Banner Pattern,skull_banner_pattern,FALSE,FALSE,FALSE,1,TRUE,TRUE,FALSE,FALSE,FALSE,N/A,N/A,N/A,N/A,1,0,1,4,N/A,N/A,N/A,FALSE,FALSE,FALSE,N/A,N/A,FALSE,FALSE,FALSE,FALSE,FALSE,FALSE,FALSE,FALSE,FALSE,FALSE,TRUE,FALSE,FALSE,FALSE,FALSE,FALSE,FALSE,FALSE,FALSE,TRUE,FALSE,FALSE,FALSE,1348
,Creeper Charge Banner Pattern,creeper_banner_pattern,FALSE,FALSE,FALSE,1,TRUE,TRUE,FALSE,FALSE,FALSE,N/A,N/A,N/A,N/A,1,0,1,4,N/A,N/A,N/A,FALSE,FALSE,FALSE,N/A,N/A,FALSE,FALSE,FALSE,FALSE,FALSE,FALSE,FALSE,FALSE,FALSE,FALSE,TRUE,FALSE,FALSE,FALSE,FALSE,FALSE,FALSE,FALSE,TRUE,FALSE,FALSE,FALSE,FALSE,1349
,Flower Charge Banner Pattern,flower_banner_pattern,FALSE,FALSE,FALSE,1,TRUE,TRUE,FALSE,FALSE,FALSE,N/A,N/A,N/A,N/A,1,0,1,4,N/A,N/A,N/A,FALSE,FALSE,FALSE,N/A,N/A,FALSE,FALSE,FALSE,FALSE,FALSE,FALSE,FALSE,FALSE,FALSE,FALSE,TRUE,FALSE,FALSE,FALSE,FALSE,FALSE,FALSE,TRUE,FALSE,FALSE,FALSE,FALSE,FALSE,1350
,Globe Banner Pattern,globe_banner_pattern,FALSE,FALSE,FALSE,1,TRUE,FALSE,FALSE,FALSE,FALSE,N/A,N/A,N/A,N/A,1,0,1,4,N/A,N/A,N/A,FALSE,FALSE,FALSE,N/A,N/A,FALSE,FALSE,FALSE,FALSE,FALSE,TRUE,FALSE,FALSE,FALSE,FALSE,FALSE,FALSE,FALSE,FALSE,FALSE,FALSE,FALSE,TRUE,FALSE,FALSE,FALSE,FALSE,FALSE,1351
,Bordure Indented Banner Pattern,bordure_indented_banner_pattern,FALSE,FALSE,FALSE,1,TRUE,TRUE,TRUE,FALSE,FALSE,N/A,N/A,N/A,N/A,1,0,1,4,N/A,N/A,N/A,FALSE,FALSE,FALSE,N/A,N/A,FALSE,FALSE,FALSE,FALSE,FALSE,FALSE,FALSE,FALSE,FALSE,FALSE,TRUE,FALSE,FALSE,FALSE,FALSE,FALSE,FALSE,TRUE,FALSE,FALSE,FALSE,FALSE,FALSE,1352
,Field Masoned Banner Pattern,field_masoned_banner_pattern,FALSE,FALSE,FALSE,1,TRUE,TRUE,FALSE,FALSE,FALSE,N/A,N/A,N/A,N/A,1,0,1,4,N/A,N/A,N/A,FALSE,FALSE,FALSE,N/A,N/A,FALSE,FALSE,FALSE,FALSE,FALSE,FALSE,FALSE,FALSE,FALSE,FALSE,TRUE,FALSE,FALSE,FALSE,FALSE,FALSE,FALSE,TRUE,FALSE,FALSE,FALSE,FALSE,FALSE,1353
,Snout Banner Pattern,piglin_banner_pattern,FALSE,FALSE,FALSE,1,FALSE,FALSE,FALSE,FALSE,FALSE,N/A,N/A,N/A,N/A,1,0,1,4,N/A,N/A,N/A,FALSE,FALSE,FALSE,N/A,N/A,FALSE,FALSE,FALSE,FALSE,FALSE,FALSE,FALSE,FALSE,FALSE,FALSE,FALSE,FALSE,FALSE,FALSE,FALSE,FALSE,FALSE,FALSE,TRUE,FALSE,FALSE,FALSE,FALSE,1354
,Flow Banner Pattern,flow_banner_pattern,FALSE,FALSE,FALSE,1,FALSE,FALSE,FALSE,FALSE,FALSE,N/A,N/A,N/A,N/A,1,0,1,4,N/A,N/A,N/A,FALSE,FALSE,FALSE,N/A,N/A,FALSE,FALSE,FALSE,FALSE,FALSE,FALSE,FALSE,FALSE,FALSE,FALSE,FALSE,FALSE,FALSE,FALSE,FALSE,FALSE,FALSE,FALSE,FALSE,TRUE,FALSE,FALSE,FALSE,1355
,Guster Banner Pattern,guster_banner_pattern,FALSE,FALSE,FALSE,1,FALSE,FALSE,FALSE,FALSE,FALSE,N/A,N/A,N/A,N/A,1,0,1,4,N/A,N/A,N/A,FALSE,FALSE,FALSE,N/A,N/A,FALSE,FALSE,FALSE,FALSE,FALSE,FALSE,FALSE,FALSE,FALSE,FALSE,FALSE,FALSE,FALSE,FALSE,FALSE,FALSE,FALSE,FALSE,FALSE,TRUE,FALSE,FALSE,FALSE,1356
,Angler Pottery Sherd,angler_pottery_sherd,FALSE,FALSE,FALSE,64,FALSE,FALSE,FALSE,FALSE,FALSE,N/A,N/A,N/A,N/A,1,0,1,4,N/A,N/A,N/A,FALSE,FALSE,FALSE,N/A,N/A,FALSE,FALSE,FALSE,FALSE,FALSE,FALSE,FALSE,FALSE,FALSE,TRUE,FALSE,FALSE,FALSE,FALSE,FALSE,FALSE,FALSE,FALSE,TRUE,FALSE,FALSE,FALSE,FALSE,1357
,Archer Pottery Sherd,archer_pottery_sherd,FALSE,FALSE,FALSE,64,FALSE,FALSE,FALSE,FALSE,FALSE,N/A,N/A,N/A,N/A,1,0,1,4,N/A,N/A,N/A,FALSE,FALSE,FALSE,N/A,N/A,FALSE,FALSE,FALSE,FALSE,FALSE,FALSE,FALSE,FALSE,FALSE,TRUE,FALSE,FALSE,FALSE,FALSE,FALSE,FALSE,FALSE,FALSE,TRUE,FALSE,FALSE,FALSE,FALSE,1358
,Arms Up Pottery Sherd,arms_up_pottery_sherd,FALSE,FALSE,FALSE,64,FALSE,FALSE,FALSE,FALSE,FALSE,N/A,N/A,N/A,N/A,1,0,1,4,N/A,N/A,N/A,FALSE,FALSE,FALSE,N/A,N/A,FALSE,FALSE,FALSE,FALSE,FALSE,FALSE,FALSE,FALSE,FALSE,TRUE,FALSE,FALSE,FALSE,FALSE,FALSE,FALSE,FALSE,FALSE,TRUE,FALSE,FALSE,FALSE,FALSE,1359
,Blade Pottery Sherd,blade_pottery_sherd,FALSE,FALSE,FALSE,64,FALSE,FALSE,FALSE,FALSE,FALSE,N/A,N/A,N/A,N/A,1,0,1,4,N/A,N/A,N/A,FALSE,FALSE,FALSE,N/A,N/A,FALSE,FALSE,FALSE,FALSE,FALSE,FALSE,FALSE,FALSE,FALSE,TRUE,FALSE,FALSE,FALSE,FALSE,FALSE,FALSE,FALSE,FALSE,TRUE,FALSE,FALSE,FALSE,FALSE,1360
,Brewer Pottery Sherd,brewer_pottery_sherd,FALSE,FALSE,FALSE,64,FALSE,FALSE,FALSE,FALSE,FALSE,N/A,N/A,N/A,N/A,1,0,1,4,N/A,N/A,N/A,FALSE,FALSE,FALSE,N/A,N/A,FALSE,FALSE,FALSE,FALSE,FALSE,FALSE,FALSE,FALSE,FALSE,TRUE,FALSE,FALSE,FALSE,FALSE,FALSE,FALSE,FALSE,FALSE,TRUE,FALSE,FALSE,FALSE,FALSE,1361
,Burn Pottery Sherd,burn_pottery_sherd,FALSE,FALSE,FALSE,64,FALSE,FALSE,FALSE,FALSE,FALSE,N/A,N/A,N/A,N/A,1,0,1,4,N/A,N/A,N/A,FALSE,FALSE,FALSE,N/A,N/A,FALSE,FALSE,FALSE,FALSE,FALSE,FALSE,FALSE,FALSE,FALSE,TRUE,FALSE,FALSE,FALSE,FALSE,FALSE,FALSE,FALSE,FALSE,TRUE,FALSE,FALSE,FALSE,FALSE,1362
,Danger Pottery Sherd,danger_pottery_sherd,FALSE,FALSE,FALSE,64,FALSE,FALSE,FALSE,FALSE,FALSE,N/A,N/A,N/A,N/A,1,0,1,4,N/A,N/A,N/A,FALSE,FALSE,FALSE,N/A,N/A,FALSE,FALSE,FALSE,FALSE,FALSE,FALSE,FALSE,FALSE,FALSE,TRUE,FALSE,FALSE,FALSE,FALSE,FALSE,FALSE,FALSE,FALSE,TRUE,FALSE,FALSE,FALSE,FALSE,1363
,Explorer Pottery Sherd,explorer_pottery_sherd,FALSE,FALSE,FALSE,64,FALSE,FALSE,FALSE,FALSE,FALSE,N/A,N/A,N/A,N/A,1,0,1,4,N/A,N/A,N/A,FALSE,FALSE,FALSE,N/A,N/A,FALSE,FALSE,FALSE,FALSE,FALSE,FALSE,FALSE,FALSE,FALSE,TRUE,FALSE,FALSE,FALSE,FALSE,FALSE,FALSE,FALSE,FALSE,TRUE,FALSE,FALSE,FALSE,FALSE,1364
,Friend Pottery Sherd,friend_pottery_sherd,FALSE,FALSE,FALSE,64,FALSE,FALSE,FALSE,FALSE,FALSE,N/A,N/A,N/A,N/A,1,0,1,4,N/A,N/A,N/A,FALSE,FALSE,FALSE,N/A,N/A,FALSE,FALSE,FALSE,FALSE,FALSE,FALSE,FALSE,FALSE,FALSE,TRUE,FALSE,FALSE,FALSE,FALSE,FALSE,FALSE,FALSE,FALSE,TRUE,FALSE,FALSE,FALSE,FALSE,1365
,Flow Pottery Sherd,flow_pottery_sherd,FALSE,FALSE,FALSE,64,FALSE,FALSE,FALSE,FALSE,FALSE,N/A,N/A,N/A,N/A,1,0,1,4,N/A,N/A,N/A,FALSE,FALSE,FALSE,N/A,N/A,FALSE,FALSE,FALSE,FALSE,FALSE,FALSE,FALSE,FALSE,FALSE,TRUE,FALSE,FALSE,FALSE,FALSE,FALSE,FALSE,FALSE,FALSE,TRUE,FALSE,FALSE,FALSE,FALSE,1366
,Guster Pottery Sherd,guster_pottery_sherd,FALSE,FALSE,FALSE,64,FALSE,FALSE,FALSE,FALSE,FALSE,N/A,N/A,N/A,N/A,1,0,1,4,N/A,N/A,N/A,FALSE,FALSE,FALSE,N/A,N/A,FALSE,FALSE,FALSE,FALSE,FALSE,FALSE,FALSE,FALSE,FALSE,TRUE,FALSE,FALSE,FALSE,FALSE,FALSE,FALSE,FALSE,FALSE,TRUE,FALSE,FALSE,FALSE,FALSE,1367
,Heart Pottery Sherd,heart_pottery_sherd,FALSE,FALSE,FALSE,64,FALSE,FALSE,FALSE,FALSE,FALSE,N/A,N/A,N/A,N/A,1,0,1,4,N/A,N/A,N/A,FALSE,FALSE,FALSE,N/A,N/A,FALSE,FALSE,FALSE,FALSE,FALSE,FALSE,FALSE,FALSE,FALSE,TRUE,FALSE,FALSE,FALSE,FALSE,FALSE,FALSE,FALSE,FALSE,TRUE,FALSE,FALSE,FALSE,FALSE,1368
,Heartbreak Pottery Sherd,heartbreak_pottery_sherd,FALSE,FALSE,FALSE,64,FALSE,FALSE,FALSE,FALSE,FALSE,N/A,N/A,N/A,N/A,1,0,1,4,N/A,N/A,N/A,FALSE,FALSE,FALSE,N/A,N/A,FALSE,FALSE,FALSE,FALSE,FALSE,FALSE,FALSE,FALSE,FALSE,TRUE,FALSE,FALSE,FALSE,FALSE,FALSE,FALSE,FALSE,FALSE,TRUE,FALSE,FALSE,FALSE,FALSE,1369
,Howl Pottery Sherd,howl_pottery_sherd,FALSE,FALSE,FALSE,64,FALSE,FALSE,FALSE,FALSE,FALSE,N/A,N/A,N/A,N/A,1,0,1,4,N/A,N/A,N/A,FALSE,FALSE,FALSE,N/A,N/A,FALSE,FALSE,FALSE,FALSE,FALSE,FALSE,FALSE,FALSE,FALSE,TRUE,FALSE,FALSE,FALSE,FALSE,FALSE,FALSE,FALSE,FALSE,TRUE,FALSE,FALSE,FALSE,FALSE,1370
,Miner Pottery Sherd,miner_pottery_sherd,FALSE,FALSE,FALSE,64,FALSE,FALSE,FALSE,FALSE,FALSE,N/A,N/A,N/A,N/A,1,0,1,4,N/A,N/A,N/A,FALSE,FALSE,FALSE,N/A,N/A,FALSE,FALSE,FALSE,FALSE,FALSE,FALSE,FALSE,FALSE,FALSE,TRUE,FALSE,FALSE,FALSE,FALSE,FALSE,FALSE,FALSE,FALSE,TRUE,FALSE,FALSE,FALSE,FALSE,1371
,Mourner Pottery Sherd,mourner_pottery_sherd,FALSE,FALSE,FALSE,64,FALSE,FALSE,FALSE,FALSE,FALSE,N/A,N/A,N/A,N/A,1,0,1,4,N/A,N/A,N/A,FALSE,FALSE,FALSE,N/A,N/A,FALSE,FALSE,FALSE,FALSE,FALSE,FALSE,FALSE,FALSE,FALSE,TRUE,FALSE,FALSE,FALSE,FALSE,FALSE,FALSE,FALSE,FALSE,TRUE,FALSE,FALSE,FALSE,FALSE,1372
,Plenty Pottery Sherd,plenty_pottery_sherd,FALSE,FALSE,FALSE,64,FALSE,FALSE,FALSE,FALSE,FALSE,N/A,N/A,N/A,N/A,1,0,1,4,N/A,N/A,N/A,FALSE,FALSE,FALSE,N/A,N/A,FALSE,FALSE,FALSE,FALSE,FALSE,FALSE,FALSE,FALSE,FALSE,TRUE,FALSE,FALSE,FALSE,FALSE,FALSE,FALSE,FALSE,FALSE,TRUE,FALSE,FALSE,FALSE,FALSE,1373
,Prize Pottery Sherd,prize_pottery_sherd,FALSE,FALSE,FALSE,64,FALSE,FALSE,FALSE,FALSE,FALSE,N/A,N/A,N/A,N/A,1,0,1,4,N/A,N/A,N/A,FALSE,FALSE,FALSE,N/A,N/A,FALSE,FALSE,FALSE,FALSE,FALSE,FALSE,FALSE,FALSE,FALSE,TRUE,FALSE,FALSE,FALSE,FALSE,FALSE,FALSE,FALSE,FALSE,TRUE,FALSE,FALSE,FALSE,FALSE,1374
,Scrape Pottery Sherd,scrape_pottery_sherd,FALSE,FALSE,FALSE,64,FALSE,FALSE,FALSE,FALSE,FALSE,N/A,N/A,N/A,N/A,1,0,1,4,N/A,N/A,N/A,FALSE,FALSE,FALSE,N/A,N/A,FALSE,FALSE,FALSE,FALSE,FALSE,FALSE,FALSE,FALSE,FALSE,TRUE,FALSE,FALSE,FALSE,FALSE,FALSE,FALSE,FALSE,FALSE,TRUE,FALSE,FALSE,FALSE,FALSE,1375
,Sheaf Pottery Sherd,sheaf_pottery_sherd,FALSE,FALSE,FALSE,64,FALSE,FALSE,FALSE,FALSE,FALSE,N/A,N/A,N/A,N/A,1,0,1,4,N/A,N/A,N/A,FALSE,FALSE,FALSE,N/A,N/A,FALSE,FALSE,FALSE,FALSE,FALSE,FALSE,FALSE,FALSE,FALSE,TRUE,FALSE,FALSE,FALSE,FALSE,FALSE,FALSE,FALSE,FALSE,TRUE,FALSE,FALSE,FALSE,FALSE,1376
,Shelter Pottery Sherd,shelter_pottery_sherd,FALSE,FALSE,FALSE,64,FALSE,FALSE,FALSE,FALSE,FALSE,N/A,N/A,N/A,N/A,1,0,1,4,N/A,N/A,N/A,FALSE,FALSE,FALSE,N/A,N/A,FALSE,FALSE,FALSE,FALSE,FALSE,FALSE,FALSE,FALSE,FALSE,TRUE,FALSE,FALSE,FALSE,FALSE,FALSE,FALSE,FALSE,FALSE,TRUE,FALSE,FALSE,FALSE,FALSE,1377
,Skull Pottery Sherd,skull_pottery_sherd,FALSE,FALSE,FALSE,64,FALSE,FALSE,FALSE,FALSE,FALSE,N/A,N/A,N/A,N/A,1,0,1,4,N/A,N/A,N/A,FALSE,FALSE,FALSE,N/A,N/A,FALSE,FALSE,FALSE,FALSE,FALSE,FALSE,FALSE,FALSE,FALSE,TRUE,FALSE,FALSE,FALSE,FALSE,FALSE,FALSE,FALSE,FALSE,TRUE,FALSE,FALSE,FALSE,FALSE,1378
,Snort Pottery Sherd,snort_pottery_sherd,FALSE,FALSE,FALSE,64,FALSE,FALSE,FALSE,FALSE,FALSE,N/A,N/A,N/A,N/A,1,0,1,4,N/A,N/A,N/A,FALSE,FALSE,FALSE,N/A,N/A,FALSE,FALSE,FALSE,FALSE,FALSE,FALSE,FALSE,FALSE,FALSE,TRUE,FALSE,FALSE,FALSE,FALSE,FALSE,FALSE,FALSE,FALSE,TRUE,FALSE,FALSE,FALSE,FALSE,1379
,Netherite Upgrade,netherite_upgrade_smithing_template,FALSE,FALSE,FALSE,64,FALSE,FALSE,FALSE,FALSE,FALSE,N/A,N/A,N/A,N/A,1,0,1,4,N/A,N/A,N/A,FALSE,FALSE,FALSE,N/A,N/A,FALSE,FALSE,FALSE,FALSE,FALSE,FALSE,FALSE,FALSE,FALSE,TRUE,TRUE,FALSE,FALSE,FALSE,FALSE,FALSE,FALSE,FALSE,TRUE,FALSE,FALSE,FALSE,FALSE,1380
,Bolt Armor Trim,bolt_armor_trim_smithing_template,FALSE,FALSE,FALSE,64,FALSE,FALSE,FALSE,FALSE,FALSE,N/A,N/A,N/A,N/A,1,0,1,4,N/A,N/A,N/A,FALSE,FALSE,FALSE,N/A,N/A,FALSE,FALSE,FALSE,FALSE,FALSE,FALSE,FALSE,FALSE,FALSE,TRUE,TRUE,FALSE,FALSE,FALSE,FALSE,FALSE,FALSE,FALSE,TRUE,FALSE,FALSE,FALSE,FALSE,1381
,Coast Armor Trim,coast_armor_trim_smithing_template,FALSE,FALSE,FALSE,64,FALSE,FALSE,FALSE,FALSE,FALSE,N/A,N/A,N/A,N/A,1,0,1,4,N/A,N/A,N/A,FALSE,FALSE,FALSE,N/A,N/A,FALSE,FALSE,FALSE,FALSE,FALSE,FALSE,FALSE,FALSE,FALSE,TRUE,TRUE,FALSE,FALSE,FALSE,FALSE,FALSE,FALSE,FALSE,TRUE,FALSE,FALSE,FALSE,FALSE,1382
,Dune Armor Trim,dune_armor_trim_smithing_template,FALSE,FALSE,FALSE,64,FALSE,FALSE,FALSE,FALSE,FALSE,N/A,N/A,N/A,N/A,1,0,1,4,N/A,N/A,N/A,FALSE,FALSE,FALSE,N/A,N/A,FALSE,FALSE,FALSE,FALSE,FALSE,FALSE,FALSE,FALSE,FALSE,TRUE,TRUE,FALSE,FALSE,FALSE,FALSE,FALSE,FALSE,FALSE,TRUE,FALSE,FALSE,FALSE,FALSE,1383
,Eye Armor Trim,eye_armor_trim_smithing_template,FALSE,FALSE,FALSE,64,FALSE,FALSE,FALSE,FALSE,FALSE,N/A,N/A,N/A,N/A,1,0,1,4,N/A,N/A,N/A,FALSE,FALSE,FALSE,N/A,N/A,FALSE,FALSE,FALSE,FALSE,FALSE,FALSE,FALSE,FALSE,FALSE,TRUE,TRUE,FALSE,FALSE,FALSE,FALSE,FALSE,FALSE,FALSE,FALSE,TRUE,FALSE,FALSE,FALSE,1384
,Flow Armor Trim,flow_armor_trim_smithing_template,FALSE,FALSE,FALSE,64,FALSE,FALSE,FALSE,FALSE,FALSE,N/A,N/A,N/A,N/A,1,0,1,4,N/A,N/A,N/A,FALSE,FALSE,FALSE,N/A,N/A,FALSE,FALSE,FALSE,FALSE,FALSE,FALSE,FALSE,FALSE,FALSE,TRUE,TRUE,FALSE,FALSE,FALSE,FALSE,FALSE,FALSE,FALSE,TRUE,FALSE,FALSE,FALSE,FALSE,1385
,Host Armor Trim,host_armor_trim_smithing_template,FALSE,FALSE,FALSE,64,FALSE,FALSE,FALSE,FALSE,FALSE,N/A,N/A,N/A,N/A,1,0,1,4,N/A,N/A,N/A,FALSE,FALSE,FALSE,N/A,N/A,FALSE,FALSE,FALSE,FALSE,FALSE,FALSE,FALSE,FALSE,FALSE,TRUE,TRUE,FALSE,FALSE,FALSE,FALSE,FALSE,FALSE,FALSE,TRUE,FALSE,FALSE,FALSE,FALSE,1386
,Raiser Armor Trim,raiser_armor_trim_smithing_template,FALSE,FALSE,FALSE,64,FALSE,FALSE,FALSE,FALSE,FALSE,N/A,N/A,N/A,N/A,1,0,1,4,N/A,N/A,N/A,FALSE,FALSE,FALSE,N/A,N/A,FALSE,FALSE,FALSE,FALSE,FALSE,FALSE,FALSE,FALSE,FALSE,TRUE,TRUE,FALSE,FALSE,FALSE,FALSE,FALSE,FALSE,FALSE,TRUE,FALSE,FALSE,FALSE,FALSE,1387
,Rib Armor Trim,rib_armor_trim_smithing_template,FALSE,FALSE,FALSE,64,FALSE,FALSE,FALSE,FALSE,FALSE,N/A,N/A,N/A,N/A,1,0,1,4,N/A,N/A,N/A,FALSE,FALSE,FALSE,N/A,N/A,FALSE,FALSE,FALSE,FALSE,FALSE,FALSE,FALSE,FALSE,FALSE,TRUE,TRUE,FALSE,FALSE,FALSE,FALSE,FALSE,FALSE,FALSE,TRUE,FALSE,FALSE,FALSE,FALSE,1388
,Sentry Armor Trim,sentry_armor_trim_smithing_template,FALSE,FALSE,FALSE,64,FALSE,FALSE,FALSE,FALSE,FALSE,N/A,N/A,N/A,N/A,1,0,1,4,N/A,N/A,N/A,FALSE,FALSE,FALSE,N/A,N/A,FALSE,FALSE,FALSE,FALSE,FALSE,FALSE,FALSE,FALSE,FALSE,TRUE,TRUE,FALSE,FALSE,FALSE,FALSE,FALSE,FALSE,FALSE,TRUE,FALSE,FALSE,FALSE,FALSE,1389
,Shaper Armor Trim,shaper_armor_trim_smithing_template,FALSE,FALSE,FALSE,64,FALSE,FALSE,FALSE,FALSE,FALSE,N/A,N/A,N/A,N/A,1,0,1,4,N/A,N/A,N/A,FALSE,FALSE,FALSE,N/A,N/A,FALSE,FALSE,FALSE,FALSE,FALSE,FALSE,FALSE,FALSE,FALSE,TRUE,TRUE,FALSE,FALSE,FALSE,FALSE,FALSE,FALSE,FALSE,TRUE,FALSE,FALSE,FALSE,FALSE,1390
,Silence Armor Trim,silence_armor_trim_smithing_template,FALSE,FALSE,FALSE,64,FALSE,FALSE,FALSE,FALSE,FALSE,N/A,N/A,N/A,N/A,1,0,1,4,N/A,N/A,N/A,FALSE,FALSE,FALSE,N/A,N/A,FALSE,FALSE,FALSE,FALSE,FALSE,FALSE,FALSE,FALSE,FALSE,TRUE,TRUE,FALSE,FALSE,FALSE,FALSE,FALSE,FALSE,FALSE,FALSE,FALSE,TRUE,FALSE,FALSE,1391
,Snout Armor Trim,snout_armor_trim_smithing_template,FALSE,FALSE,FALSE,64,FALSE,FALSE,FALSE,FALSE,FALSE,N/A,N/A,N/A,N/A,1,0,1,4,N/A,N/A,N/A,FALSE,FALSE,FALSE,N/A,N/A,FALSE,FALSE,FALSE,FALSE,FALSE,FALSE,FALSE,FALSE,FALSE,TRUE,TRUE,FALSE,FALSE,FALSE,FALSE,FALSE,FALSE,FALSE,TRUE,FALSE,FALSE,FALSE,FALSE,1392
,Spire Armor Trim,spire_armor_trim_smithing_template,FALSE,FALSE,FALSE,64,FALSE,FALSE,FALSE,FALSE,FALSE,N/A,N/A,N/A,N/A,1,0,1,4,N/A,N/A,N/A,FALSE,FALSE,FALSE,N/A,N/A,FALSE,FALSE,FALSE,FALSE,FALSE,FALSE,FALSE,FALSE,FALSE,TRUE,TRUE,FALSE,FALSE,FALSE,FALSE,FALSE,FALSE,FALSE,FALSE,TRUE,FALSE,FALSE,FALSE,1393
,Tide Armor Trim,tide_armor_trim_smithing_template,FALSE,FALSE,FALSE,64,FALSE,FALSE,FALSE,FALSE,FALSE,N/A,N/A,N/A,N/A,1,0,1,4,N/A,N/A,N/A,FALSE,FALSE,FALSE,N/A,N/A,FALSE,FALSE,FALSE,FALSE,FALSE,FALSE,FALSE,FALSE,FALSE,TRUE,TRUE,FALSE,FALSE,FALSE,FALSE,FALSE,FALSE,FALSE,TRUE,FALSE,FALSE,FALSE,FALSE,1394
,Vex Armor Trim,vex_armor_trim_smithing_template,FALSE,FALSE,FALSE,64,FALSE,FALSE,FALSE,FALSE,FALSE,N/A,N/A,N/A,N/A,1,0,1,4,N/A,N/A,N/A,FALSE,FALSE,FALSE,N/A,N/A,FALSE,FALSE,FALSE,FALSE,FALSE,FALSE,FALSE,FALSE,FALSE,TRUE,TRUE,FALSE,FALSE,FALSE,FALSE,FALSE,FALSE,FALSE,FALSE,TRUE,FALSE,FALSE,FALSE,1395
,Ward Armor Trim,ward_armor_trim_smithing_template,FALSE,FALSE,FALSE,64,FALSE,FALSE,FALSE,FALSE,FALSE,N/A,N/A,N/A,N/A,1,0,1,4,N/A,N/A,N/A,FALSE,FALSE,FALSE,N/A,N/A,FALSE,FALSE,FALSE,FALSE,FALSE,FALSE,FALSE,FALSE,FALSE,TRUE,TRUE,FALSE,FALSE,FALSE,FALSE,FALSE,FALSE,FALSE,FALSE,TRUE,FALSE,FALSE,FALSE,1396
,Wayfinder Armor Trim,wayfinder_armor_trim_smithing_template,FALSE,FALSE,FALSE,64,FALSE,FALSE,FALSE,FALSE,FALSE,N/A,N/A,N/A,N/A,1,0,1,4,N/A,N/A,N/A,FALSE,FALSE,FALSE,N/A,N/A,FALSE,FALSE,FALSE,FALSE,FALSE,FALSE,FALSE,FALSE,FALSE,TRUE,TRUE,FALSE,FALSE,FALSE,FALSE,FALSE,FALSE,FALSE,TRUE,FALSE,FALSE,FALSE,FALSE,1397
,Wild Armor Trim,wild_armor_trim_smithing_template,FALSE,FALSE,FALSE,64,FALSE,FALSE,FALSE,FALSE,FALSE,N/A,N/A,N/A,N/A,1,0,1,4,N/A,N/A,N/A,FALSE,FALSE,FALSE,N/A,N/A,FALSE,FALSE,FALSE,FALSE,FALSE,FALSE,FALSE,FALSE,FALSE,TRUE,TRUE,FALSE,FALSE,FALSE,FALSE,FALSE,FALSE,FALSE,TRUE,FALSE,FALSE,FALSE,FALSE,1398
,Firework Star,firework_star,FALSE,FALSE,FALSE,64,TRUE,TRUE,FALSE,FALSE,FALSE,N/A,N/A,N/A,N/A,1,0,1,4,N/A,N/A,N/A,FALSE,FALSE,FALSE,N/A,N/A,FALSE,FALSE,FALSE,FALSE,FALSE,FALSE,FALSE,FALSE,FALSE,TRUE,TRUE,FALSE,FALSE,FALSE,FALSE,FALSE,FALSE,TRUE,FALSE,FALSE,FALSE,FALSE,FALSE,1399
,Firework Rocket,firework_rocket,TRUE,TRUE,TRUE,64,FALSE,FALSE,FALSE,FALSE,TRUE,N/A,N/A,N/A,N/A,1,0,1,4,N/A,N/A,N/A,FALSE,FALSE,FALSE,N/A,N/A,FALSE,FALSE,FALSE,TRUE,FALSE,FALSE,FALSE,FALSE,FALSE,FALSE,FALSE,FALSE,FALSE,FALSE,FALSE,FALSE,TRUE,TRUE,FALSE,FALSE,FALSE,FALSE,FALSE,1400
,Firework Rocket (Flight Duration: 1),firework_rocket[fireworks={flight_duration:1}],FALSE,FALSE,FALSE,64,TRUE,TRUE,FALSE,FALSE,TRUE,N/A,N/A,N/A,N/A,1,0,1,4,N/A,N/A,N/A,FALSE,FALSE,FALSE,N/A,N/A,FALSE,FALSE,FALSE,TRUE,FALSE,FALSE,FALSE,FALSE,FALSE,FALSE,TRUE,FALSE,FALSE,FALSE,FALSE,FALSE,TRUE,TRUE,FALSE,FALSE,FALSE,FALSE,TRUE,1401
,Firework Rocket (Flight Duration: 2),firework_rocket[fireworks={flight_duration:2}],FALSE,FALSE,FALSE,64,TRUE,TRUE,FALSE,FALSE,TRUE,N/A,N/A,N/A,N/A,1,0,1,4,N/A,N/A,N/A,FALSE,FALSE,FALSE,N/A,N/A,FALSE,FALSE,FALSE,TRUE,FALSE,FALSE,FALSE,FALSE,FALSE,FALSE,TRUE,FALSE,FALSE,FALSE,FALSE,FALSE,TRUE,TRUE,FALSE,FALSE,FALSE,FALSE,TRUE,1402
,Firework Rocket (Flight Duration: 3),firework_rocket[fireworks={flight_duration:3}],FALSE,FALSE,FALSE,64,TRUE,TRUE,FALSE,FALSE,TRUE,N/A,N/A,N/A,N/A,1,0,1,4,N/A,N/A,N/A,FALSE,FALSE,FALSE,N/A,N/A,FALSE,FALSE,FALSE,TRUE,FALSE,FALSE,FALSE,FALSE,FALSE,FALSE,TRUE,FALSE,FALSE,FALSE,FALSE,FALSE,TRUE,TRUE,FALSE,FALSE,FALSE,FALSE,TRUE,1403
,Glass Bottle,glass_bottle,FALSE,FALSE,FALSE,64,TRUE,TRUE,FALSE,FALSE,FALSE,N/A,N/A,N/A,N/A,1,0,1,4,N/A,N/A,N/A,FALSE,FALSE,FALSE,N/A,N/A,FALSE,FALSE,FALSE,TRUE,FALSE,FALSE,TRUE,FALSE,FALSE,TRUE,TRUE,FALSE,FALSE,FALSE,FALSE,FALSE,TRUE,TRUE,FALSE,FALSE,FALSE,FALSE,FALSE,1404
,Bottle O' Enchanting,experience_bottle,FALSE,FALSE,FALSE,64,TRUE,FALSE,FALSE,FALSE,TRUE,N/A,N/A,N/A,N/A,1,0,1,4,N/A,N/A,N/A,FALSE,FALSE,FALSE,N/A,N/A,FALSE,FALSE,FALSE,TRUE,FALSE,TRUE,FALSE,FALSE,FALSE,FALSE,FALSE,FALSE,FALSE,FALSE,FALSE,FALSE,TRUE,FALSE,TRUE,FALSE,FALSE,FALSE,FALSE,1405
,Ominous Bottle,ominous_bottle,FALSE,FALSE,FALSE,64,TRUE,TRUE,FALSE,FALSE,FALSE,N/A,N/A,N/A,N/A,1,0,1,4,N/A,N/A,N/A,FALSE,FALSE,FALSE,N/A,N/A,FALSE,FALSE,FALSE,FALSE,FALSE,FALSE,FALSE,FALSE,FALSE,FALSE,FALSE,FALSE,FALSE,FALSE,FALSE,FALSE,TRUE,FALSE,TRUE,FALSE,FALSE,FALSE,FALSE,1406
,Dragon's Breath,dragon_breath,FALSE,FALSE,FALSE,64,TRUE,TRUE,TRUE,FALSE,FALSE,N/A,N/A,N/A,N/A,1,0,1,4,N/A,N/A,N/A,FALSE,FALSE,FALSE,N/A,N/A,FALSE,FALSE,FALSE,FALSE,FALSE,FALSE,FALSE,FALSE,FALSE,FALSE,FALSE,FALSE,FALSE,FALSE,FALSE,FALSE,FALSE,FALSE,TRUE,FALSE,FALSE,FALSE,FALSE,1407
,Water Bottle,"potion[potion_contents={potion:""minecraft:water""}]",FALSE,FALSE,FALSE,1,TRUE,TRUE,FALSE,FALSE,FALSE,N/A,N/A,N/A,N/A,1,0,1,4,N/A,N/A,N/A,FALSE,TRUE,TRUE,0,0,FALSE,FALSE,FALSE,TRUE,FALSE,FALSE,FALSE,FALSE,FALSE,FALSE,FALSE,FALSE,FALSE,FALSE,FALSE,FALSE,TRUE,TRUE,FALSE,FALSE,FALSE,FALSE,TRUE,1408
,Uncraftable Potion,potion,TRUE,TRUE,TRUE,1,FALSE,FALSE,FALSE,FALSE,FALSE,N/A,N/A,N/A,N/A,1,0,1,4,N/A,N/A,N/A,FALSE,TRUE,TRUE,0,0,FALSE,FALSE,FALSE,FALSE,FALSE,FALSE,FALSE,FALSE,FALSE,FALSE,FALSE,FALSE,FALSE,FALSE,FALSE,FALSE,TRUE,TRUE,FALSE,FALSE,FALSE,FALSE,FALSE,1409
,Awkward Potion,"potion[potion_contents={potion:""minecraft:awkward""}]",FALSE,FALSE,FALSE,1,TRUE,TRUE,TRUE,FALSE,FALSE,N/A,N/A,N/A,N/A,1,0,1,4,N/A,N/A,N/A,FALSE,TRUE,TRUE,0,0,FALSE,FALSE,FALSE,FALSE,FALSE,FALSE,FALSE,FALSE,FALSE,FALSE,FALSE,FALSE,FALSE,FALSE,FALSE,FALSE,TRUE,TRUE,FALSE,FALSE,FALSE,FALSE,TRUE,1410
,Mundane Potion,"potion[potion_contents={potion:""minecraft:mundane""}]",FALSE,FALSE,FALSE,1,TRUE,TRUE,FALSE,FALSE,FALSE,N/A,N/A,N/A,N/A,1,0,1,4,N/A,N/A,N/A,FALSE,TRUE,TRUE,0,0,FALSE,FALSE,FALSE,FALSE,FALSE,FALSE,FALSE,FALSE,FALSE,FALSE,FALSE,FALSE,FALSE,FALSE,FALSE,FALSE,TRUE,TRUE,FALSE,FALSE,FALSE,FALSE,TRUE,1411
,Thick Potion,"potion[potion_contents={potion:""minecraft:thick""}]",FALSE,FALSE,FALSE,1,TRUE,TRUE,FALSE,FALSE,FALSE,N/A,N/A,N/A,N/A,1,0,1,4,N/A,N/A,N/A,FALSE,TRUE,TRUE,0,0,FALSE,FALSE,FALSE,FALSE,FALSE,FALSE,FALSE,FALSE,FALSE,FALSE,FALSE,FALSE,FALSE,FALSE,FALSE,FALSE,TRUE,TRUE,FALSE,FALSE,FALSE,FALSE,TRUE,1412
,Potion Of Healing,"potion[potion_contents={potion:""minecraft:healing""}]",FALSE,FALSE,FALSE,1,TRUE,TRUE,FALSE,FALSE,FALSE,N/A,N/A,N/A,N/A,1,0,1,4,N/A,N/A,N/A,FALSE,TRUE,TRUE,0,0,FALSE,FALSE,FALSE,FALSE,FALSE,FALSE,FALSE,FALSE,FALSE,FALSE,FALSE,FALSE,FALSE,FALSE,FALSE,FALSE,TRUE,TRUE,FALSE,FALSE,FALSE,FALSE,TRUE,1413
,Potion Of Healing (Strong),"potion[potion_contents={potion:""minecraft:strong_healing""}]",FALSE,FALSE,FALSE,1,TRUE,TRUE,FALSE,FALSE,FALSE,N/A,N/A,N/A,N/A,1,0,1,4,N/A,N/A,N/A,FALSE,TRUE,TRUE,0,0,FALSE,FALSE,FALSE,FALSE,FALSE,FALSE,FALSE,FALSE,FALSE,FALSE,FALSE,FALSE,FALSE,FALSE,FALSE,FALSE,TRUE,TRUE,FALSE,FALSE,FALSE,FALSE,TRUE,1414
,Potion Of Regeneration,"potion[potion_contents={potion:""minecraft:regeneration""}]",FALSE,FALSE,FALSE,1,TRUE,TRUE,TRUE,FALSE,FALSE,N/A,N/A,N/A,N/A,1,0,1,4,N/A,N/A,N/A,FALSE,TRUE,TRUE,0,0,FALSE,FALSE,FALSE,FALSE,FALSE,FALSE,FALSE,FALSE,FALSE,FALSE,FALSE,FALSE,FALSE,FALSE,FALSE,FALSE,TRUE,TRUE,FALSE,FALSE,FALSE,FALSE,TRUE,1415
,Potion Of Regeneration (Long),"potion[potion_contents={potion:""minecraft:long_regeneration""}]",FALSE,FALSE,FALSE,1,TRUE,TRUE,TRUE,FALSE,FALSE,N/A,N/A,N/A,N/A,1,0,1,4,N/A,N/A,N/A,FALSE,TRUE,TRUE,0,0,FALSE,FALSE,FALSE,FALSE,FALSE,FALSE,FALSE,FALSE,FALSE,FALSE,FALSE,FALSE,FALSE,FALSE,FALSE,FALSE,TRUE,TRUE,FALSE,FALSE,FALSE,FALSE,TRUE,1416
,Potion Of Regeneration (Strong),"potion[potion_contents={potion:""minecraft:strong_regeneration""}]",FALSE,FALSE,FALSE,1,TRUE,TRUE,TRUE,FALSE,FALSE,N/A,N/A,N/A,N/A,1,0,1,4,N/A,N/A,N/A,FALSE,TRUE,TRUE,0,0,FALSE,FALSE,FALSE,FALSE,FALSE,FALSE,FALSE,FALSE,FALSE,FALSE,FALSE,FALSE,FALSE,FALSE,FALSE,FALSE,TRUE,TRUE,FALSE,FALSE,FALSE,FALSE,TRUE,1417
,Potion Of Strength,"potion[potion_contents={potion:""minecraft:strength""}]",FALSE,FALSE,FALSE,1,TRUE,TRUE,TRUE,FALSE,FALSE,N/A,N/A,N/A,N/A,1,0,1,4,N/A,N/A,N/A,FALSE,TRUE,TRUE,0,0,FALSE,FALSE,FALSE,FALSE,FALSE,FALSE,FALSE,FALSE,FALSE,FALSE,FALSE,FALSE,FALSE,FALSE,FALSE,FALSE,TRUE,TRUE,FALSE,FALSE,FALSE,FALSE,TRUE,1418
,Potion Of Strength (Long),"potion[potion_contents={potion:""minecraft:long_strength""}]",FALSE,FALSE,FALSE,1,TRUE,TRUE,TRUE,FALSE,FALSE,N/A,N/A,N/A,N/A,1,0,1,4,N/A,N/A,N/A,FALSE,TRUE,TRUE,0,0,FALSE,FALSE,FALSE,FALSE,FALSE,FALSE,FALSE,FALSE,FALSE,FALSE,FALSE,FALSE,FALSE,FALSE,FALSE,FALSE,TRUE,TRUE,FALSE,FALSE,FALSE,FALSE,TRUE,1419
,Potion Of Strength (Strong),"potion[potion_contents={potion:""minecraft:strong_strength""}]",FALSE,FALSE,FALSE,1,TRUE,TRUE,TRUE,FALSE,FALSE,N/A,N/A,N/A,N/A,1,0,1,4,N/A,N/A,N/A,FALSE,TRUE,TRUE,0,0,FALSE,FALSE,FALSE,FALSE,FALSE,FALSE,FALSE,FALSE,FALSE,FALSE,FALSE,FALSE,FALSE,FALSE,FALSE,FALSE,TRUE,TRUE,FALSE,FALSE,FALSE,FALSE,TRUE,1420
,Potion Of Swiftness,"potion[potion_contents={potion:""minecraft:swiftness""}]",FALSE,FALSE,FALSE,1,TRUE,TRUE,FALSE,FALSE,FALSE,N/A,N/A,N/A,N/A,1,0,1,4,N/A,N/A,N/A,FALSE,TRUE,TRUE,0,0,FALSE,FALSE,FALSE,FALSE,FALSE,FALSE,FALSE,FALSE,FALSE,FALSE,FALSE,FALSE,FALSE,FALSE,FALSE,FALSE,TRUE,TRUE,FALSE,FALSE,FALSE,FALSE,TRUE,1421
,Potion Of Swiftness (Long),"potion[potion_contents={potion:""minecraft:long_swiftness""}]",FALSE,FALSE,FALSE,1,TRUE,TRUE,FALSE,FALSE,FALSE,N/A,N/A,N/A,N/A,1,0,1,4,N/A,N/A,N/A,FALSE,TRUE,TRUE,0,0,FALSE,FALSE,FALSE,FALSE,FALSE,FALSE,FALSE,FALSE,FALSE,FALSE,FALSE,FALSE,FALSE,FALSE,FALSE,FALSE,TRUE,TRUE,FALSE,FALSE,FALSE,FALSE,TRUE,1422
,Potion Of Swiftness (Strong),"potion[potion_contents={potion:""minecraft:strong_swiftness""}]",FALSE,FALSE,FALSE,1,TRUE,TRUE,FALSE,FALSE,FALSE,N/A,N/A,N/A,N/A,1,0,1,4,N/A,N/A,N/A,FALSE,TRUE,TRUE,0,0,FALSE,FALSE,FALSE,FALSE,FALSE,FALSE,FALSE,FALSE,FALSE,FALSE,FALSE,FALSE,FALSE,FALSE,FALSE,FALSE,TRUE,TRUE,FALSE,FALSE,FALSE,FALSE,TRUE,1423
,Potion Of Leaping,"potion[potion_contents={potion:""minecraft:leaping""}]",FALSE,FALSE,FALSE,1,TRUE,TRUE,TRUE,FALSE,FALSE,N/A,N/A,N/A,N/A,1,0,1,4,N/A,N/A,N/A,FALSE,TRUE,TRUE,0,0,FALSE,FALSE,FALSE,FALSE,FALSE,FALSE,FALSE,FALSE,FALSE,FALSE,FALSE,FALSE,FALSE,FALSE,FALSE,FALSE,TRUE,TRUE,FALSE,FALSE,FALSE,FALSE,TRUE,1424
,Potion Of Leaping (Long),"potion[potion_contents={potion:""minecraft:long_leaping""}]",FALSE,FALSE,FALSE,1,TRUE,TRUE,TRUE,FALSE,FALSE,N/A,N/A,N/A,N/A,1,0,1,4,N/A,N/A,N/A,FALSE,TRUE,TRUE,0,0,FALSE,FALSE,FALSE,FALSE,FALSE,FALSE,FALSE,FALSE,FALSE,FALSE,FALSE,FALSE,FALSE,FALSE,FALSE,FALSE,TRUE,TRUE,FALSE,FALSE,FALSE,FALSE,TRUE,1425
,Potion Of Leaping (Strong),"potion[potion_contents={potion:""minecraft:strong_leaping""}]",FALSE,FALSE,FALSE,1,TRUE,TRUE,TRUE,FALSE,FALSE,N/A,N/A,N/A,N/A,1,0,1,4,N/A,N/A,N/A,FALSE,TRUE,TRUE,0,0,FALSE,FALSE,FALSE,FALSE,FALSE,FALSE,FALSE,FALSE,FALSE,FALSE,FALSE,FALSE,FALSE,FALSE,FALSE,FALSE,TRUE,TRUE,FALSE,FALSE,FALSE,FALSE,TRUE,1426
,Potion Of Luck,"potion[potion_contents={potion:""minecraft:luck""}]",TRUE,FALSE,FALSE,1,FALSE,FALSE,FALSE,FALSE,FALSE,N/A,N/A,N/A,N/A,1,0,1,4,N/A,N/A,N/A,FALSE,TRUE,TRUE,0,0,FALSE,FALSE,FALSE,FALSE,FALSE,FALSE,FALSE,FALSE,FALSE,FALSE,FALSE,FALSE,FALSE,FALSE,FALSE,FALSE,TRUE,TRUE,FALSE,FALSE,FALSE,FALSE,TRUE,1427
,Potion Of Night Vision,"potion[potion_contents={potion:""minecraft:night_vision""}]",FALSE,FALSE,FALSE,1,TRUE,TRUE,TRUE,FALSE,FALSE,N/A,N/A,N/A,N/A,1,0,1,4,N/A,N/A,N/A,FALSE,TRUE,TRUE,0,0,FALSE,FALSE,FALSE,FALSE,FALSE,FALSE,FALSE,FALSE,FALSE,FALSE,FALSE,FALSE,FALSE,FALSE,FALSE,FALSE,TRUE,TRUE,FALSE,FALSE,FALSE,FALSE,TRUE,1428
,Potion Of Night Vision (Long),"potion[potion_contents={potion:""minecraft:long_night_vision""}]",FALSE,FALSE,FALSE,1,TRUE,TRUE,TRUE,FALSE,FALSE,N/A,N/A,N/A,N/A,1,0,1,4,N/A,N/A,N/A,FALSE,TRUE,TRUE,0,0,FALSE,FALSE,FALSE,FALSE,FALSE,FALSE,FALSE,FALSE,FALSE,FALSE,FALSE,FALSE,FALSE,FALSE,FALSE,FALSE,TRUE,TRUE,FALSE,FALSE,FALSE,FALSE,TRUE,1429
,Potion Of Invisibility,"potion[potion_contents={potion:""minecraft:invisibility""}]",FALSE,FALSE,FALSE,1,TRUE,TRUE,FALSE,FALSE,FALSE,N/A,N/A,N/A,N/A,1,0,1,4,N/A,N/A,N/A,FALSE,TRUE,TRUE,0,0,FALSE,FALSE,FALSE,FALSE,FALSE,FALSE,FALSE,FALSE,FALSE,FALSE,FALSE,FALSE,FALSE,FALSE,FALSE,FALSE,TRUE,TRUE,FALSE,FALSE,FALSE,FALSE,TRUE,1430
,Potion Of Invisibility (Long),"potion[potion_contents={potion:""minecraft:long_invisibility""}]",FALSE,FALSE,FALSE,1,TRUE,TRUE,FALSE,FALSE,FALSE,N/A,N/A,N/A,N/A,1,0,1,4,N/A,N/A,N/A,FALSE,TRUE,TRUE,0,0,FALSE,FALSE,FALSE,FALSE,FALSE,FALSE,FALSE,FALSE,FALSE,FALSE,FALSE,FALSE,FALSE,FALSE,FALSE,FALSE,TRUE,TRUE,FALSE,FALSE,FALSE,FALSE,TRUE,1431
,Potion Of Water Breathing,"potion[potion_contents={potion:""minecraft:water_breathing""}]",FALSE,FALSE,FALSE,1,TRUE,TRUE,FALSE,FALSE,FALSE,N/A,N/A,N/A,N/A,1,0,1,4,N/A,N/A,N/A,FALSE,TRUE,TRUE,0,0,FALSE,FALSE,FALSE,FALSE,FALSE,FALSE,FALSE,FALSE,FALSE,FALSE,FALSE,FALSE,FALSE,FALSE,FALSE,FALSE,TRUE,TRUE,FALSE,FALSE,FALSE,FALSE,TRUE,1432
,Potion Of Water Breathing (Long),"potion[potion_contents={potion:""minecraft:long_water_breathing""}]",FALSE,FALSE,FALSE,1,TRUE,TRUE,FALSE,FALSE,FALSE,N/A,N/A,N/A,N/A,1,0,1,4,N/A,N/A,N/A,FALSE,TRUE,TRUE,0,0,FALSE,FALSE,FALSE,FALSE,FALSE,FALSE,FALSE,FALSE,FALSE,FALSE,FALSE,FALSE,FALSE,FALSE,FALSE,FALSE,TRUE,TRUE,FALSE,FALSE,FALSE,FALSE,TRUE,1433
,Potion Of Fire Resistance,"potion[potion_contents={potion:""minecraft:fire_resistance""}]",FALSE,FALSE,FALSE,1,TRUE,TRUE,FALSE,FALSE,FALSE,N/A,N/A,N/A,N/A,1,0,1,4,N/A,N/A,N/A,FALSE,TRUE,TRUE,0,0,FALSE,FALSE,FALSE,FALSE,FALSE,FALSE,FALSE,FALSE,FALSE,FALSE,FALSE,FALSE,FALSE,FALSE,FALSE,FALSE,TRUE,TRUE,FALSE,FALSE,FALSE,FALSE,TRUE,1434
,Potion Of Fire Resistance (Long),"potion[potion_contents={potion:""minecraft:long_fire_resistance""}]",FALSE,FALSE,FALSE,1,TRUE,TRUE,FALSE,FALSE,FALSE,N/A,N/A,N/A,N/A,1,0,1,4,N/A,N/A,N/A,FALSE,TRUE,TRUE,0,0,FALSE,FALSE,FALSE,FALSE,FALSE,FALSE,FALSE,FALSE,FALSE,FALSE,FALSE,FALSE,FALSE,FALSE,FALSE,FALSE,TRUE,TRUE,FALSE,FALSE,FALSE,FALSE,TRUE,1435
,Potion Of Slow Falling,"potion[potion_contents={potion:""minecraft:slow_falling""}]",FALSE,FALSE,FALSE,1,TRUE,TRUE,TRUE,FALSE,FALSE,N/A,N/A,N/A,N/A,1,0,1,4,N/A,N/A,N/A,FALSE,TRUE,TRUE,0,0,FALSE,FALSE,FALSE,FALSE,FALSE,FALSE,FALSE,FALSE,FALSE,FALSE,FALSE,FALSE,FALSE,FALSE,FALSE,FALSE,TRUE,TRUE,FALSE,FALSE,FALSE,FALSE,TRUE,1436
,Potion Of Slow Falling (Long),"potion[potion_contents={potion:""minecraft:long_slow_falling""}]",FALSE,FALSE,FALSE,1,TRUE,TRUE,TRUE,FALSE,FALSE,N/A,N/A,N/A,N/A,1,0,1,4,N/A,N/A,N/A,FALSE,TRUE,TRUE,0,0,FALSE,FALSE,FALSE,FALSE,FALSE,FALSE,FALSE,FALSE,FALSE,FALSE,FALSE,FALSE,FALSE,FALSE,FALSE,FALSE,TRUE,TRUE,FALSE,FALSE,FALSE,FALSE,TRUE,1437
,Potion Of Turtle Master,"potion[potion_contents={potion:""minecraft:turtle_master""}]",FALSE,FALSE,FALSE,1,TRUE,TRUE,TRUE,FALSE,FALSE,N/A,N/A,N/A,N/A,1,0,1,4,N/A,N/A,N/A,FALSE,TRUE,TRUE,0,0,FALSE,FALSE,FALSE,FALSE,FALSE,FALSE,FALSE,FALSE,FALSE,FALSE,FALSE,FALSE,FALSE,FALSE,FALSE,FALSE,TRUE,TRUE,FALSE,FALSE,FALSE,FALSE,TRUE,1438
,Potion Of The Turtle Master (Long),"potion[potion_contents={potion:""minecraft:long_turtle_master""}]",FALSE,FALSE,FALSE,1,TRUE,TRUE,TRUE,FALSE,FALSE,N/A,N/A,N/A,N/A,1,0,1,4,N/A,N/A,N/A,FALSE,TRUE,TRUE,0,0,FALSE,FALSE,FALSE,FALSE,FALSE,FALSE,FALSE,FALSE,FALSE,FALSE,FALSE,FALSE,FALSE,FALSE,FALSE,FALSE,TRUE,TRUE,FALSE,FALSE,FALSE,FALSE,TRUE,1439
,Potion Of The Turtle Master (Strong),"potion[potion_contents={potion:""minecraft:strong_turtle_master""}]",FALSE,FALSE,FALSE,1,TRUE,TRUE,TRUE,FALSE,FALSE,N/A,N/A,N/A,N/A,1,0,1,4,N/A,N/A,N/A,FALSE,TRUE,TRUE,0,0,FALSE,FALSE,FALSE,FALSE,FALSE,FALSE,FALSE,FALSE,FALSE,FALSE,FALSE,FALSE,FALSE,FALSE,FALSE,FALSE,TRUE,TRUE,FALSE,FALSE,FALSE,FALSE,TRUE,1440
,Potion Of Harming,"potion[potion_contents={potion:""minecraft:harming""}]",FALSE,FALSE,FALSE,1,TRUE,TRUE,TRUE,FALSE,FALSE,N/A,N/A,N/A,N/A,1,0,1,4,N/A,N/A,N/A,FALSE,TRUE,TRUE,0,0,FALSE,FALSE,FALSE,FALSE,FALSE,FALSE,FALSE,FALSE,FALSE,FALSE,FALSE,FALSE,FALSE,FALSE,FALSE,FALSE,TRUE,TRUE,FALSE,FALSE,FALSE,FALSE,TRUE,1441
,Potion Of Harming (Strong),"potion[potion_contents={potion:""minecraft:strong_harming""}]",FALSE,FALSE,FALSE,1,TRUE,TRUE,TRUE,FALSE,FALSE,N/A,N/A,N/A,N/A,1,0,1,4,N/A,N/A,N/A,FALSE,TRUE,TRUE,0,0,FALSE,FALSE,FALSE,FALSE,FALSE,FALSE,FALSE,FALSE,FALSE,FALSE,FALSE,FALSE,FALSE,FALSE,FALSE,FALSE,TRUE,TRUE,FALSE,FALSE,FALSE,FALSE,TRUE,1442
,Potion Of Poison,"potion[potion_contents={potion:""minecraft:poison""}]",FALSE,FALSE,FALSE,1,TRUE,TRUE,TRUE,FALSE,FALSE,N/A,N/A,N/A,N/A,1,0,1,4,N/A,N/A,N/A,FALSE,TRUE,TRUE,0,0,FALSE,FALSE,FALSE,FALSE,FALSE,FALSE,FALSE,FALSE,FALSE,FALSE,FALSE,FALSE,FALSE,FALSE,FALSE,FALSE,TRUE,TRUE,FALSE,FALSE,FALSE,FALSE,TRUE,1443
,Potion Of Poison (Long),"potion[potion_contents={potion:""minecraft:long_poison""}]",FALSE,FALSE,FALSE,1,TRUE,TRUE,TRUE,FALSE,FALSE,N/A,N/A,N/A,N/A,1,0,1,4,N/A,N/A,N/A,FALSE,TRUE,TRUE,0,0,FALSE,FALSE,FALSE,FALSE,FALSE,FALSE,FALSE,FALSE,FALSE,FALSE,FALSE,FALSE,FALSE,FALSE,FALSE,FALSE,TRUE,TRUE,FALSE,FALSE,FALSE,FALSE,TRUE,1444
,Potion Of Poison (Strong),"potion[potion_contents={potion:""minecraft:strong_poison""}]",FALSE,FALSE,FALSE,1,TRUE,TRUE,TRUE,FALSE,FALSE,N/A,N/A,N/A,N/A,1,0,1,4,N/A,N/A,N/A,FALSE,TRUE,TRUE,0,0,FALSE,FALSE,FALSE,FALSE,FALSE,FALSE,FALSE,FALSE,FALSE,FALSE,FALSE,FALSE,FALSE,FALSE,FALSE,FALSE,TRUE,TRUE,FALSE,FALSE,FALSE,FALSE,TRUE,1445
,Potion Of Weakness,"potion[potion_contents={potion:""minecraft:weakness""}]",FALSE,FALSE,FALSE,1,TRUE,TRUE,FALSE,FALSE,FALSE,N/A,N/A,N/A,N/A,1,0,1,4,N/A,N/A,N/A,FALSE,TRUE,TRUE,0,0,FALSE,FALSE,FALSE,FALSE,FALSE,FALSE,FALSE,FALSE,FALSE,FALSE,FALSE,FALSE,FALSE,FALSE,FALSE,FALSE,TRUE,TRUE,FALSE,FALSE,FALSE,FALSE,TRUE,1446
,Potion Of Weakness (Long),"potion[potion_contents={potion:""minecraft:long_weakness""}]",FALSE,FALSE,FALSE,1,TRUE,TRUE,FALSE,FALSE,FALSE,N/A,N/A,N/A,N/A,1,0,1,4,N/A,N/A,N/A,FALSE,TRUE,TRUE,0,0,FALSE,FALSE,FALSE,FALSE,FALSE,FALSE,FALSE,FALSE,FALSE,FALSE,FALSE,FALSE,FALSE,FALSE,FALSE,FALSE,TRUE,TRUE,FALSE,FALSE,FALSE,FALSE,TRUE,1447
,Potion Of Slowness,"potion[potion_contents={potion:""minecraft:slowness""}]",FALSE,FALSE,FALSE,1,TRUE,TRUE,TRUE,FALSE,FALSE,N/A,N/A,N/A,N/A,1,0,1,4,N/A,N/A,N/A,FALSE,TRUE,TRUE,0,0,FALSE,FALSE,FALSE,FALSE,FALSE,FALSE,FALSE,FALSE,FALSE,FALSE,FALSE,FALSE,FALSE,FALSE,FALSE,FALSE,TRUE,TRUE,FALSE,FALSE,FALSE,FALSE,TRUE,1448
,Potion Of Slowness (Long),"potion[potion_contents={potion:""minecraft:long_slowness""}]",FALSE,FALSE,FALSE,1,TRUE,TRUE,TRUE,FALSE,FALSE,N/A,N/A,N/A,N/A,1,0,1,4,N/A,N/A,N/A,FALSE,TRUE,TRUE,0,0,FALSE,FALSE,FALSE,FALSE,FALSE,FALSE,FALSE,FALSE,FALSE,FALSE,FALSE,FALSE,FALSE,FALSE,FALSE,FALSE,TRUE,TRUE,FALSE,FALSE,FALSE,FALSE,TRUE,1449
,Potion Of Slowness (Strong),"potion[potion_contents={potion:""minecraft:strong_slowness""}]",FALSE,FALSE,FALSE,1,TRUE,TRUE,TRUE,FALSE,FALSE,N/A,N/A,N/A,N/A,1,0,1,4,N/A,N/A,N/A,FALSE,TRUE,TRUE,0,0,FALSE,FALSE,FALSE,FALSE,FALSE,FALSE,FALSE,FALSE,FALSE,FALSE,FALSE,FALSE,FALSE,FALSE,FALSE,FALSE,TRUE,TRUE,FALSE,FALSE,FALSE,FALSE,TRUE,1450
,Potion Of Infestation,"potion[potion_contents={potion:""minecraft:infested""}]",FALSE,FALSE,FALSE,1,TRUE,TRUE,TRUE,FALSE,FALSE,N/A,N/A,N/A,N/A,1,0,1,4,N/A,N/A,N/A,FALSE,TRUE,TRUE,0,0,FALSE,FALSE,FALSE,FALSE,FALSE,FALSE,FALSE,FALSE,FALSE,FALSE,FALSE,FALSE,FALSE,FALSE,FALSE,FALSE,TRUE,TRUE,FALSE,FALSE,FALSE,FALSE,TRUE,1451
,Potion Of Oozing,"potion[potion_contents={potion:""minecraft:oozing""}]",FALSE,FALSE,FALSE,1,TRUE,TRUE,TRUE,FALSE,FALSE,N/A,N/A,N/A,N/A,1,0,1,4,N/A,N/A,N/A,FALSE,TRUE,TRUE,0,0,FALSE,FALSE,FALSE,FALSE,FALSE,FALSE,FALSE,FALSE,FALSE,FALSE,FALSE,FALSE,FALSE,FALSE,FALSE,FALSE,TRUE,TRUE,FALSE,FALSE,FALSE,FALSE,TRUE,1452
,Potion Of Weaving,"potion[potion_contents={potion:""minecraft:weaving""}]",FALSE,FALSE,FALSE,1,TRUE,TRUE,TRUE,FALSE,FALSE,N/A,N/A,N/A,N/A,1,0,1,4,N/A,N/A,N/A,FALSE,TRUE,TRUE,0,0,FALSE,FALSE,FALSE,FALSE,FALSE,FALSE,FALSE,FALSE,FALSE,FALSE,FALSE,FALSE,FALSE,FALSE,FALSE,FALSE,TRUE,TRUE,FALSE,FALSE,FALSE,FALSE,TRUE,1453
,Potion Of Wind Charging,"potion[potion_contents={potion:""minecraft:wind_charged""}]",FALSE,FALSE,FALSE,1,TRUE,TRUE,TRUE,FALSE,FALSE,N/A,N/A,N/A,N/A,1,0,1,4,N/A,N/A,N/A,FALSE,TRUE,TRUE,0,0,FALSE,FALSE,FALSE,FALSE,FALSE,FALSE,FALSE,FALSE,FALSE,FALSE,FALSE,FALSE,FALSE,FALSE,FALSE,FALSE,TRUE,TRUE,FALSE,FALSE,FALSE,FALSE,TRUE,1454
,Splash Water Bottle,"splash_potion[potion_contents={potion:""minecraft:water""}]",FALSE,FALSE,FALSE,1,TRUE,TRUE,FALSE,FALSE,TRUE,N/A,N/A,N/A,N/A,1,0,1,4,N/A,N/A,N/A,FALSE,FALSE,FALSE,N/A,N/A,FALSE,FALSE,FALSE,TRUE,FALSE,FALSE,FALSE,FALSE,FALSE,FALSE,FALSE,FALSE,FALSE,FALSE,FALSE,FALSE,TRUE,TRUE,FALSE,FALSE,FALSE,FALSE,TRUE,1455
,Splash Uncraftable Potion,splash_potion,TRUE,TRUE,TRUE,1,FALSE,FALSE,FALSE,FALSE,TRUE,N/A,N/A,N/A,N/A,1,0,1,4,N/A,N/A,N/A,FALSE,FALSE,FALSE,N/A,N/A,FALSE,FALSE,FALSE,TRUE,FALSE,FALSE,FALSE,FALSE,FALSE,FALSE,FALSE,FALSE,FALSE,FALSE,FALSE,FALSE,TRUE,TRUE,FALSE,FALSE,FALSE,FALSE,FALSE,1456
,Splash Awkward Potion,"splash_potion[potion_contents={potion:""minecraft:awkward""}]",FALSE,FALSE,FALSE,1,TRUE,TRUE,TRUE,FALSE,TRUE,N/A,N/A,N/A,N/A,1,0,1,4,N/A,N/A,N/A,FALSE,FALSE,FALSE,N/A,N/A,FALSE,FALSE,FALSE,TRUE,FALSE,FALSE,FALSE,FALSE,FALSE,FALSE,FALSE,FALSE,FALSE,FALSE,FALSE,FALSE,TRUE,TRUE,FALSE,FALSE,FALSE,FALSE,TRUE,1457
,Splash Mundane Potion,"splash_potion[potion_contents={potion:""minecraft:mundane""}]",FALSE,FALSE,FALSE,1,TRUE,TRUE,FALSE,FALSE,TRUE,N/A,N/A,N/A,N/A,1,0,1,4,N/A,N/A,N/A,FALSE,FALSE,FALSE,N/A,N/A,FALSE,FALSE,FALSE,TRUE,FALSE,FALSE,FALSE,FALSE,FALSE,FALSE,FALSE,FALSE,FALSE,FALSE,FALSE,FALSE,TRUE,TRUE,FALSE,FALSE,FALSE,FALSE,TRUE,1458
,Splash Thick Potion,"splash_potion[potion_contents={potion:""minecraft:thick""}]",FALSE,FALSE,FALSE,1,TRUE,TRUE,FALSE,FALSE,TRUE,N/A,N/A,N/A,N/A,1,0,1,4,N/A,N/A,N/A,FALSE,FALSE,FALSE,N/A,N/A,FALSE,FALSE,FALSE,TRUE,FALSE,FALSE,FALSE,FALSE,FALSE,FALSE,FALSE,FALSE,FALSE,FALSE,FALSE,FALSE,TRUE,TRUE,FALSE,FALSE,FALSE,FALSE,TRUE,1459
,Splash Potion Of Healing,"splash_potion[potion_contents={potion:""minecraft:healing""}]",FALSE,FALSE,FALSE,1,TRUE,TRUE,FALSE,FALSE,TRUE,N/A,N/A,N/A,N/A,1,0,1,4,N/A,N/A,N/A,FALSE,FALSE,FALSE,N/A,N/A,FALSE,FALSE,FALSE,TRUE,FALSE,FALSE,FALSE,FALSE,FALSE,FALSE,FALSE,FALSE,FALSE,FALSE,FALSE,FALSE,TRUE,TRUE,FALSE,FALSE,FALSE,FALSE,TRUE,1460
,Splash Potion Of Healing (Strong),"splash_potion[potion_contents={potion:""minecraft:strong_healing""}]",FALSE,FALSE,FALSE,1,TRUE,TRUE,FALSE,FALSE,TRUE,N/A,N/A,N/A,N/A,1,0,1,4,N/A,N/A,N/A,FALSE,FALSE,FALSE,N/A,N/A,FALSE,FALSE,FALSE,TRUE,FALSE,FALSE,FALSE,FALSE,FALSE,FALSE,FALSE,FALSE,FALSE,FALSE,FALSE,FALSE,TRUE,TRUE,FALSE,FALSE,FALSE,FALSE,TRUE,1461
,Splash Potion Of Regeneration,"splash_potion[potion_contents={potion:""minecraft:regeneration""}]",FALSE,FALSE,FALSE,1,TRUE,TRUE,TRUE,FALSE,TRUE,N/A,N/A,N/A,N/A,1,0,1,4,N/A,N/A,N/A,FALSE,FALSE,FALSE,N/A,N/A,FALSE,FALSE,FALSE,TRUE,FALSE,FALSE,FALSE,FALSE,FALSE,FALSE,FALSE,FALSE,FALSE,FALSE,FALSE,FALSE,TRUE,TRUE,FALSE,FALSE,FALSE,FALSE,TRUE,1462
,Splash Potion Of Regeneration (Long),"splash_potion[potion_contents={potion:""minecraft:long_regeneration""}]",FALSE,FALSE,FALSE,1,TRUE,TRUE,TRUE,FALSE,TRUE,N/A,N/A,N/A,N/A,1,0,1,4,N/A,N/A,N/A,FALSE,FALSE,FALSE,N/A,N/A,FALSE,FALSE,FALSE,TRUE,FALSE,FALSE,FALSE,FALSE,FALSE,FALSE,FALSE,FALSE,FALSE,FALSE,FALSE,FALSE,TRUE,TRUE,FALSE,FALSE,FALSE,FALSE,TRUE,1463
,Splash Potion Of Regeneration (Strong),"splash_potion[potion_contents={potion:""minecraft:strong_regeneration""}]",FALSE,FALSE,FALSE,1,TRUE,TRUE,TRUE,FALSE,TRUE,N/A,N/A,N/A,N/A,1,0,1,4,N/A,N/A,N/A,FALSE,FALSE,FALSE,N/A,N/A,FALSE,FALSE,FALSE,TRUE,FALSE,FALSE,FALSE,FALSE,FALSE,FALSE,FALSE,FALSE,FALSE,FALSE,FALSE,FALSE,TRUE,TRUE,FALSE,FALSE,FALSE,FALSE,TRUE,1464
,Splash Potion Of Strength,"splash_potion[potion_contents={potion:""minecraft:strength""}]",FALSE,FALSE,FALSE,1,TRUE,TRUE,TRUE,FALSE,TRUE,N/A,N/A,N/A,N/A,1,0,1,4,N/A,N/A,N/A,FALSE,FALSE,FALSE,N/A,N/A,FALSE,FALSE,FALSE,TRUE,FALSE,FALSE,FALSE,FALSE,FALSE,FALSE,FALSE,FALSE,FALSE,FALSE,FALSE,FALSE,TRUE,TRUE,FALSE,FALSE,FALSE,FALSE,TRUE,1465
,Splash Potion Of Strength (Long),"splash_potion[potion_contents={potion:""minecraft:long_strength""}]",FALSE,FALSE,FALSE,1,TRUE,TRUE,TRUE,FALSE,TRUE,N/A,N/A,N/A,N/A,1,0,1,4,N/A,N/A,N/A,FALSE,FALSE,FALSE,N/A,N/A,FALSE,FALSE,FALSE,TRUE,FALSE,FALSE,FALSE,FALSE,FALSE,FALSE,FALSE,FALSE,FALSE,FALSE,FALSE,FALSE,TRUE,TRUE,FALSE,FALSE,FALSE,FALSE,TRUE,1466
,Splash Potion Of Strength (Strong),"splash_potion[potion_contents={potion:""minecraft:strong_strength""}]",FALSE,FALSE,FALSE,1,TRUE,TRUE,TRUE,FALSE,TRUE,N/A,N/A,N/A,N/A,1,0,1,4,N/A,N/A,N/A,FALSE,FALSE,FALSE,N/A,N/A,FALSE,FALSE,FALSE,TRUE,FALSE,FALSE,FALSE,FALSE,FALSE,FALSE,FALSE,FALSE,FALSE,FALSE,FALSE,FALSE,TRUE,TRUE,FALSE,FALSE,FALSE,FALSE,TRUE,1467
,Splash Potion Of Swiftness,"splash_potion[potion_contents={potion:""minecraft:swiftness""}]",FALSE,FALSE,FALSE,1,TRUE,TRUE,FALSE,FALSE,TRUE,N/A,N/A,N/A,N/A,1,0,1,4,N/A,N/A,N/A,FALSE,FALSE,FALSE,N/A,N/A,FALSE,FALSE,FALSE,TRUE,FALSE,FALSE,FALSE,FALSE,FALSE,FALSE,FALSE,FALSE,FALSE,FALSE,FALSE,FALSE,TRUE,TRUE,FALSE,FALSE,FALSE,FALSE,TRUE,1468
,Splash Potion Of Swiftness (Long),"splash_potion[potion_contents={potion:""minecraft:long_swiftness""}]",FALSE,FALSE,FALSE,1,TRUE,TRUE,FALSE,FALSE,TRUE,N/A,N/A,N/A,N/A,1,0,1,4,N/A,N/A,N/A,FALSE,FALSE,FALSE,N/A,N/A,FALSE,FALSE,FALSE,TRUE,FALSE,FALSE,FALSE,FALSE,FALSE,FALSE,FALSE,FALSE,FALSE,FALSE,FALSE,FALSE,TRUE,TRUE,FALSE,FALSE,FALSE,FALSE,TRUE,1469
,Splash Potion Of Swiftness (Strong),"splash_potion[potion_contents={potion:""minecraft:strong_swiftness""}]",FALSE,FALSE,FALSE,1,TRUE,TRUE,FALSE,FALSE,TRUE,N/A,N/A,N/A,N/A,1,0,1,4,N/A,N/A,N/A,FALSE,FALSE,FALSE,N/A,N/A,FALSE,FALSE,FALSE,TRUE,FALSE,FALSE,FALSE,FALSE,FALSE,FALSE,FALSE,FALSE,FALSE,FALSE,FALSE,FALSE,TRUE,TRUE,FALSE,FALSE,FALSE,FALSE,TRUE,1470
,Splash Potion Of Leaping,"splash_potion[potion_contents={potion:""minecraft:leaping""}]",FALSE,FALSE,FALSE,1,TRUE,TRUE,TRUE,FALSE,TRUE,N/A,N/A,N/A,N/A,1,0,1,4,N/A,N/A,N/A,FALSE,FALSE,FALSE,N/A,N/A,FALSE,FALSE,FALSE,TRUE,FALSE,FALSE,FALSE,FALSE,FALSE,FALSE,FALSE,FALSE,FALSE,FALSE,FALSE,FALSE,TRUE,TRUE,FALSE,FALSE,FALSE,FALSE,TRUE,1471
,Splash Potion Of Leaping (Long),"splash_potion[potion_contents={potion:""minecraft:long_leaping""}]",FALSE,FALSE,FALSE,1,TRUE,TRUE,TRUE,FALSE,TRUE,N/A,N/A,N/A,N/A,1,0,1,4,N/A,N/A,N/A,FALSE,FALSE,FALSE,N/A,N/A,FALSE,FALSE,FALSE,TRUE,FALSE,FALSE,FALSE,FALSE,FALSE,FALSE,FALSE,FALSE,FALSE,FALSE,FALSE,FALSE,TRUE,TRUE,FALSE,FALSE,FALSE,FALSE,TRUE,1472
,Splash Potion Of Leaping (Strong),"splash_potion[potion_contents={potion:""minecraft:strong_leaping""}]",FALSE,FALSE,FALSE,1,TRUE,TRUE,TRUE,FALSE,TRUE,N/A,N/A,N/A,N/A,1,0,1,4,N/A,N/A,N/A,FALSE,FALSE,FALSE,N/A,N/A,FALSE,FALSE,FALSE,TRUE,FALSE,FALSE,FALSE,FALSE,FALSE,FALSE,FALSE,FALSE,FALSE,FALSE,FALSE,FALSE,TRUE,TRUE,FALSE,FALSE,FALSE,FALSE,TRUE,1473
,Splash Potion Of Luck,"splash_potion[potion_contents={potion:""minecraft:luck""}]",TRUE,FALSE,FALSE,1,FALSE,FALSE,FALSE,FALSE,TRUE,N/A,N/A,N/A,N/A,1,0,1,4,N/A,N/A,N/A,FALSE,FALSE,FALSE,N/A,N/A,FALSE,FALSE,FALSE,TRUE,FALSE,FALSE,FALSE,FALSE,FALSE,FALSE,FALSE,FALSE,FALSE,FALSE,FALSE,FALSE,TRUE,TRUE,FALSE,FALSE,FALSE,FALSE,TRUE,1474
,Splash Potion Of Night Vision,"splash_potion[potion_contents={potion:""minecraft:night_vision""}]",FALSE,FALSE,FALSE,1,TRUE,TRUE,TRUE,FALSE,TRUE,N/A,N/A,N/A,N/A,1,0,1,4,N/A,N/A,N/A,FALSE,FALSE,FALSE,N/A,N/A,FALSE,FALSE,FALSE,TRUE,FALSE,FALSE,FALSE,FALSE,FALSE,FALSE,FALSE,FALSE,FALSE,FALSE,FALSE,FALSE,TRUE,TRUE,FALSE,FALSE,FALSE,FALSE,TRUE,1475
,Splash Potion Of Night Vision (Long),"splash_potion[potion_contents={potion:""minecraft:long_night_vision""}]",FALSE,FALSE,FALSE,1,TRUE,TRUE,TRUE,FALSE,TRUE,N/A,N/A,N/A,N/A,1,0,1,4,N/A,N/A,N/A,FALSE,FALSE,FALSE,N/A,N/A,FALSE,FALSE,FALSE,TRUE,FALSE,FALSE,FALSE,FALSE,FALSE,FALSE,FALSE,FALSE,FALSE,FALSE,FALSE,FALSE,TRUE,TRUE,FALSE,FALSE,FALSE,FALSE,TRUE,1476
,Splash Potion Of Invisibility,"splash_potion[potion_contents={potion:""minecraft:invisibility""}]",FALSE,FALSE,FALSE,1,TRUE,TRUE,FALSE,FALSE,TRUE,N/A,N/A,N/A,N/A,1,0,1,4,N/A,N/A,N/A,FALSE,FALSE,FALSE,N/A,N/A,FALSE,FALSE,FALSE,TRUE,FALSE,FALSE,FALSE,FALSE,FALSE,FALSE,FALSE,FALSE,FALSE,FALSE,FALSE,FALSE,TRUE,TRUE,FALSE,FALSE,FALSE,FALSE,TRUE,1477
,Splash Potion Of Invisibility (Long),"splash_potion[potion_contents={potion:""minecraft:long_invisibility""}]",FALSE,FALSE,FALSE,1,TRUE,TRUE,FALSE,FALSE,TRUE,N/A,N/A,N/A,N/A,1,0,1,4,N/A,N/A,N/A,FALSE,FALSE,FALSE,N/A,N/A,FALSE,FALSE,FALSE,TRUE,FALSE,FALSE,FALSE,FALSE,FALSE,FALSE,FALSE,FALSE,FALSE,FALSE,FALSE,FALSE,TRUE,TRUE,FALSE,FALSE,FALSE,FALSE,TRUE,1478
,Splash Potion Of Water Breathing,"splash_potion[potion_contents={potion:""minecraft:water_breathing""}]",FALSE,FALSE,FALSE,1,TRUE,TRUE,FALSE,FALSE,TRUE,N/A,N/A,N/A,N/A,1,0,1,4,N/A,N/A,N/A,FALSE,FALSE,FALSE,N/A,N/A,FALSE,FALSE,FALSE,TRUE,FALSE,FALSE,FALSE,FALSE,FALSE,FALSE,FALSE,FALSE,FALSE,FALSE,FALSE,FALSE,TRUE,TRUE,FALSE,FALSE,FALSE,FALSE,TRUE,1479
,Splash Potion Of Water Breathing (Long),"splash_potion[potion_contents={potion:""minecraft:long_water_breathing""}]",FALSE,FALSE,FALSE,1,TRUE,TRUE,FALSE,FALSE,TRUE,N/A,N/A,N/A,N/A,1,0,1,4,N/A,N/A,N/A,FALSE,FALSE,FALSE,N/A,N/A,FALSE,FALSE,FALSE,TRUE,FALSE,FALSE,FALSE,FALSE,FALSE,FALSE,FALSE,FALSE,FALSE,FALSE,FALSE,FALSE,TRUE,TRUE,FALSE,FALSE,FALSE,FALSE,TRUE,1480
,Splash Potion Of Fire Resistance,"splash_potion[potion_contents={potion:""minecraft:fire_resistance""}]",FALSE,FALSE,FALSE,1,TRUE,TRUE,FALSE,FALSE,TRUE,N/A,N/A,N/A,N/A,1,0,1,4,N/A,N/A,N/A,FALSE,FALSE,FALSE,N/A,N/A,FALSE,FALSE,FALSE,TRUE,FALSE,FALSE,FALSE,FALSE,FALSE,FALSE,FALSE,FALSE,FALSE,FALSE,FALSE,FALSE,TRUE,TRUE,FALSE,FALSE,FALSE,FALSE,TRUE,1481
,Splash Potion Of Fire Resistance (Long),"splash_potion[potion_contents={potion:""minecraft:long_fire_resistance""}]",FALSE,FALSE,FALSE,1,TRUE,TRUE,FALSE,FALSE,TRUE,N/A,N/A,N/A,N/A,1,0,1,4,N/A,N/A,N/A,FALSE,FALSE,FALSE,N/A,N/A,FALSE,FALSE,FALSE,TRUE,FALSE,FALSE,FALSE,FALSE,FALSE,FALSE,FALSE,FALSE,FALSE,FALSE,FALSE,FALSE,TRUE,TRUE,FALSE,FALSE,FALSE,FALSE,TRUE,1482
,Splash Potion Of Slow Falling,"splash_potion[potion_contents={potion:""minecraft:slow_falling""}]",FALSE,FALSE,FALSE,1,TRUE,TRUE,TRUE,FALSE,TRUE,N/A,N/A,N/A,N/A,1,0,1,4,N/A,N/A,N/A,FALSE,FALSE,FALSE,N/A,N/A,FALSE,FALSE,FALSE,TRUE,FALSE,FALSE,FALSE,FALSE,FALSE,FALSE,FALSE,FALSE,FALSE,FALSE,FALSE,FALSE,TRUE,TRUE,FALSE,FALSE,FALSE,FALSE,TRUE,1483
,Splash Potion Of Slow Falling (Long),"splash_potion[potion_contents={potion:""minecraft:long_slow_falling""}]",FALSE,FALSE,FALSE,1,TRUE,TRUE,TRUE,FALSE,TRUE,N/A,N/A,N/A,N/A,1,0,1,4,N/A,N/A,N/A,FALSE,FALSE,FALSE,N/A,N/A,FALSE,FALSE,FALSE,TRUE,FALSE,FALSE,FALSE,FALSE,FALSE,FALSE,FALSE,FALSE,FALSE,FALSE,FALSE,FALSE,TRUE,TRUE,FALSE,FALSE,FALSE,FALSE,TRUE,1484
,Splash Potion Of Turtle Master,"splash_potion[potion_contents={potion:""minecraft:turtle_master""}]",FALSE,FALSE,FALSE,1,TRUE,TRUE,TRUE,FALSE,TRUE,N/A,N/A,N/A,N/A,1,0,1,4,N/A,N/A,N/A,FALSE,FALSE,FALSE,N/A,N/A,FALSE,FALSE,FALSE,TRUE,FALSE,FALSE,FALSE,FALSE,FALSE,FALSE,FALSE,FALSE,FALSE,FALSE,FALSE,FALSE,TRUE,TRUE,FALSE,FALSE,FALSE,FALSE,TRUE,1485
,Splash Potion Of The Turtle Master (Long),"splash_potion[potion_contents={potion:""minecraft:long_turtle_master""}]",FALSE,FALSE,FALSE,1,TRUE,TRUE,TRUE,FALSE,TRUE,N/A,N/A,N/A,N/A,1,0,1,4,N/A,N/A,N/A,FALSE,FALSE,FALSE,N/A,N/A,FALSE,FALSE,FALSE,TRUE,FALSE,FALSE,FALSE,FALSE,FALSE,FALSE,FALSE,FALSE,FALSE,FALSE,FALSE,FALSE,TRUE,TRUE,FALSE,FALSE,FALSE,FALSE,TRUE,1486
,Splash Potion Of The Turtle Master (Strong),"splash_potion[potion_contents={potion:""minecraft:strong_turtle_master""}]",FALSE,FALSE,FALSE,1,TRUE,TRUE,TRUE,FALSE,TRUE,N/A,N/A,N/A,N/A,1,0,1,4,N/A,N/A,N/A,FALSE,FALSE,FALSE,N/A,N/A,FALSE,FALSE,FALSE,TRUE,FALSE,FALSE,FALSE,FALSE,FALSE,FALSE,FALSE,FALSE,FALSE,FALSE,FALSE,FALSE,TRUE,TRUE,FALSE,FALSE,FALSE,FALSE,TRUE,1487
,Splash Potion Of Harming,"splash_potion[potion_contents={potion:""minecraft:harming""}]",FALSE,FALSE,FALSE,1,TRUE,TRUE,TRUE,FALSE,TRUE,N/A,N/A,N/A,N/A,1,0,1,4,N/A,N/A,N/A,FALSE,FALSE,FALSE,N/A,N/A,FALSE,FALSE,FALSE,TRUE,FALSE,FALSE,FALSE,FALSE,FALSE,FALSE,FALSE,FALSE,FALSE,FALSE,FALSE,FALSE,TRUE,TRUE,FALSE,FALSE,FALSE,FALSE,TRUE,1488
,Splash Potion Of Harming (Strong),"splash_potion[potion_contents={potion:""minecraft:strong_harming""}]",FALSE,FALSE,FALSE,1,TRUE,TRUE,TRUE,FALSE,TRUE,N/A,N/A,N/A,N/A,1,0,1,4,N/A,N/A,N/A,FALSE,FALSE,FALSE,N/A,N/A,FALSE,FALSE,FALSE,TRUE,FALSE,FALSE,FALSE,FALSE,FALSE,FALSE,FALSE,FALSE,FALSE,FALSE,FALSE,FALSE,TRUE,TRUE,FALSE,FALSE,FALSE,FALSE,TRUE,1489
,Splash Potion Of Poison,"splash_potion[potion_contents={potion:""minecraft:poison""}]",FALSE,FALSE,FALSE,1,TRUE,TRUE,TRUE,FALSE,TRUE,N/A,N/A,N/A,N/A,1,0,1,4,N/A,N/A,N/A,FALSE,FALSE,FALSE,N/A,N/A,FALSE,FALSE,FALSE,TRUE,FALSE,FALSE,FALSE,FALSE,FALSE,FALSE,FALSE,FALSE,FALSE,FALSE,FALSE,FALSE,TRUE,TRUE,FALSE,FALSE,FALSE,FALSE,TRUE,1490
,Splash Potion Of Poison (Long),"splash_potion[potion_contents={potion:""minecraft:long_poison""}]",FALSE,FALSE,FALSE,1,TRUE,TRUE,TRUE,FALSE,TRUE,N/A,N/A,N/A,N/A,1,0,1,4,N/A,N/A,N/A,FALSE,FALSE,FALSE,N/A,N/A,FALSE,FALSE,FALSE,TRUE,FALSE,FALSE,FALSE,FALSE,FALSE,FALSE,FALSE,FALSE,FALSE,FALSE,FALSE,FALSE,TRUE,TRUE,FALSE,FALSE,FALSE,FALSE,TRUE,1491
,Splash Potion Of Poison (Strong),"splash_potion[potion_contents={potion:""minecraft:strong_poison""}]",FALSE,FALSE,FALSE,1,TRUE,TRUE,TRUE,FALSE,TRUE,N/A,N/A,N/A,N/A,1,0,1,4,N/A,N/A,N/A,FALSE,FALSE,FALSE,N/A,N/A,FALSE,FALSE,FALSE,TRUE,FALSE,FALSE,FALSE,FALSE,FALSE,FALSE,FALSE,FALSE,FALSE,FALSE,FALSE,FALSE,TRUE,TRUE,FALSE,FALSE,FALSE,FALSE,TRUE,1492
,Splash Potion Of Weakness,"splash_potion[potion_contents={potion:""minecraft:weakness""}]",FALSE,FALSE,FALSE,1,TRUE,TRUE,FALSE,FALSE,TRUE,N/A,N/A,N/A,N/A,1,0,1,4,N/A,N/A,N/A,FALSE,FALSE,FALSE,N/A,N/A,FALSE,FALSE,FALSE,TRUE,FALSE,FALSE,FALSE,FALSE,FALSE,FALSE,FALSE,FALSE,FALSE,FALSE,FALSE,FALSE,TRUE,TRUE,FALSE,FALSE,FALSE,FALSE,TRUE,1493
,Splash Potion Of Weakness (Long),"splash_potion[potion_contents={potion:""minecraft:long_weakness""}]",FALSE,FALSE,FALSE,1,TRUE,TRUE,FALSE,FALSE,TRUE,N/A,N/A,N/A,N/A,1,0,1,4,N/A,N/A,N/A,FALSE,FALSE,FALSE,N/A,N/A,FALSE,FALSE,FALSE,TRUE,FALSE,FALSE,FALSE,FALSE,FALSE,FALSE,FALSE,FALSE,FALSE,FALSE,FALSE,FALSE,TRUE,TRUE,FALSE,FALSE,FALSE,FALSE,TRUE,1494
,Splash Potion Of Slowness,"splash_potion[potion_contents={potion:""minecraft:slowness""}]",FALSE,FALSE,FALSE,1,TRUE,TRUE,TRUE,FALSE,TRUE,N/A,N/A,N/A,N/A,1,0,1,4,N/A,N/A,N/A,FALSE,FALSE,FALSE,N/A,N/A,FALSE,FALSE,FALSE,TRUE,FALSE,FALSE,FALSE,FALSE,FALSE,FALSE,FALSE,FALSE,FALSE,FALSE,FALSE,FALSE,TRUE,TRUE,FALSE,FALSE,FALSE,FALSE,TRUE,1495
,Splash Potion Of Slowness (Long),"splash_potion[potion_contents={potion:""minecraft:long_slowness""}]",FALSE,FALSE,FALSE,1,TRUE,TRUE,TRUE,FALSE,TRUE,N/A,N/A,N/A,N/A,1,0,1,4,N/A,N/A,N/A,FALSE,FALSE,FALSE,N/A,N/A,FALSE,FALSE,FALSE,TRUE,FALSE,FALSE,FALSE,FALSE,FALSE,FALSE,FALSE,FALSE,FALSE,FALSE,FALSE,FALSE,TRUE,TRUE,FALSE,FALSE,FALSE,FALSE,TRUE,1496
,Splash Potion Of Slowness (Strong),"splash_potion[potion_contents={potion:""minecraft:strong_slowness""}]",FALSE,FALSE,FALSE,1,TRUE,TRUE,TRUE,FALSE,TRUE,N/A,N/A,N/A,N/A,1,0,1,4,N/A,N/A,N/A,FALSE,FALSE,FALSE,N/A,N/A,FALSE,FALSE,FALSE,TRUE,FALSE,FALSE,FALSE,FALSE,FALSE,FALSE,FALSE,FALSE,FALSE,FALSE,FALSE,FALSE,TRUE,TRUE,FALSE,FALSE,FALSE,FALSE,TRUE,1497
,Splash Potion Of Infestation,"splash_potion[potion_contents={potion:""minecraft:infested""}]",FALSE,FALSE,FALSE,1,TRUE,TRUE,TRUE,FALSE,TRUE,N/A,N/A,N/A,N/A,1,0,1,4,N/A,N/A,N/A,FALSE,FALSE,FALSE,N/A,N/A,FALSE,FALSE,FALSE,TRUE,FALSE,FALSE,FALSE,FALSE,FALSE,FALSE,FALSE,FALSE,FALSE,FALSE,FALSE,FALSE,TRUE,TRUE,FALSE,FALSE,FALSE,FALSE,TRUE,1498
,Splash Potion Of Oozing,"splash_potion[potion_contents={potion:""minecraft:oozing""}]",FALSE,FALSE,FALSE,1,TRUE,TRUE,TRUE,FALSE,TRUE,N/A,N/A,N/A,N/A,1,0,1,4,N/A,N/A,N/A,FALSE,FALSE,FALSE,N/A,N/A,FALSE,FALSE,FALSE,TRUE,FALSE,FALSE,FALSE,FALSE,FALSE,FALSE,FALSE,FALSE,FALSE,FALSE,FALSE,FALSE,TRUE,TRUE,FALSE,FALSE,FALSE,FALSE,TRUE,1499
,Splash Potion Of Weaving,"splash_potion[potion_contents={potion:""minecraft:weaving""}]",FALSE,FALSE,FALSE,1,TRUE,TRUE,TRUE,FALSE,TRUE,N/A,N/A,N/A,N/A,1,0,1,4,N/A,N/A,N/A,FALSE,FALSE,FALSE,N/A,N/A,FALSE,FALSE,FALSE,TRUE,FALSE,FALSE,FALSE,FALSE,FALSE,FALSE,FALSE,FALSE,FALSE,FALSE,FALSE,FALSE,TRUE,TRUE,FALSE,FALSE,FALSE,FALSE,TRUE,1500
,Splash Potion Of Wind Charging,"splash_potion[potion_contents={potion:""minecraft:wind_charged""}]",FALSE,FALSE,FALSE,1,TRUE,TRUE,TRUE,FALSE,TRUE,N/A,N/A,N/A,N/A,1,0,1,4,N/A,N/A,N/A,FALSE,FALSE,FALSE,N/A,N/A,FALSE,FALSE,FALSE,TRUE,FALSE,FALSE,FALSE,FALSE,FALSE,FALSE,FALSE,FALSE,FALSE,FALSE,FALSE,FALSE,TRUE,TRUE,FALSE,FALSE,FALSE,FALSE,TRUE,1501
,Lingering Water Bottle,"lingering_potion[potion_contents={potion:""minecraft:water""}]",FALSE,FALSE,FALSE,1,TRUE,TRUE,TRUE,FALSE,TRUE,N/A,N/A,N/A,N/A,1,0,1,4,N/A,N/A,N/A,FALSE,FALSE,FALSE,N/A,N/A,FALSE,FALSE,FALSE,TRUE,FALSE,FALSE,FALSE,FALSE,FALSE,TRUE,FALSE,FALSE,FALSE,FALSE,FALSE,FALSE,TRUE,TRUE,FALSE,FALSE,FALSE,FALSE,TRUE,1502
,Lingering Uncraftable Potion,lingering_potion,TRUE,TRUE,TRUE,1,FALSE,FALSE,FALSE,FALSE,TRUE,N/A,N/A,N/A,N/A,1,0,1,4,N/A,N/A,N/A,FALSE,FALSE,FALSE,N/A,N/A,FALSE,FALSE,FALSE,TRUE,FALSE,FALSE,FALSE,FALSE,FALSE,TRUE,FALSE,FALSE,FALSE,FALSE,FALSE,FALSE,TRUE,TRUE,FALSE,FALSE,FALSE,FALSE,FALSE,1503
,Lingering Awkward Potion,"lingering_potion[potion_contents={potion:""minecraft:awkward""}]",FALSE,FALSE,FALSE,1,TRUE,TRUE,TRUE,FALSE,TRUE,N/A,N/A,N/A,N/A,1,0,1,4,N/A,N/A,N/A,FALSE,FALSE,FALSE,N/A,N/A,FALSE,FALSE,FALSE,TRUE,FALSE,FALSE,FALSE,FALSE,FALSE,TRUE,FALSE,FALSE,FALSE,FALSE,FALSE,FALSE,TRUE,TRUE,FALSE,FALSE,FALSE,FALSE,TRUE,1504
,Lingering Mundane Potion,"lingering_potion[potion_contents={potion:""minecraft:mundane""}]",FALSE,FALSE,FALSE,1,TRUE,TRUE,TRUE,FALSE,TRUE,N/A,N/A,N/A,N/A,1,0,1,4,N/A,N/A,N/A,FALSE,FALSE,FALSE,N/A,N/A,FALSE,FALSE,FALSE,TRUE,FALSE,FALSE,FALSE,FALSE,FALSE,TRUE,FALSE,FALSE,FALSE,FALSE,FALSE,FALSE,TRUE,TRUE,FALSE,FALSE,FALSE,FALSE,TRUE,1505
,Lingering Thick Potion,"lingering_potion[potion_contents={potion:""minecraft:thick""}]",FALSE,FALSE,FALSE,1,TRUE,TRUE,TRUE,FALSE,TRUE,N/A,N/A,N/A,N/A,1,0,1,4,N/A,N/A,N/A,FALSE,FALSE,FALSE,N/A,N/A,FALSE,FALSE,FALSE,TRUE,FALSE,FALSE,FALSE,FALSE,FALSE,TRUE,FALSE,FALSE,FALSE,FALSE,FALSE,FALSE,TRUE,TRUE,FALSE,FALSE,FALSE,FALSE,TRUE,1506
,Lingering Potion Of Healing,"lingering_potion[potion_contents={potion:""minecraft:healing""}]",FALSE,FALSE,FALSE,1,TRUE,TRUE,TRUE,FALSE,TRUE,N/A,N/A,N/A,N/A,1,0,1,4,N/A,N/A,N/A,FALSE,FALSE,FALSE,N/A,N/A,FALSE,FALSE,FALSE,TRUE,FALSE,FALSE,FALSE,FALSE,FALSE,TRUE,FALSE,FALSE,FALSE,FALSE,FALSE,FALSE,TRUE,TRUE,FALSE,FALSE,FALSE,FALSE,TRUE,1507
,Lingering Potion Of Healing (Strong),"lingering_potion[potion_contents={potion:""minecraft:strong_healing""}]",FALSE,FALSE,FALSE,1,TRUE,TRUE,TRUE,FALSE,TRUE,N/A,N/A,N/A,N/A,1,0,1,4,N/A,N/A,N/A,FALSE,FALSE,FALSE,N/A,N/A,FALSE,FALSE,FALSE,TRUE,FALSE,FALSE,FALSE,FALSE,FALSE,TRUE,FALSE,FALSE,FALSE,FALSE,FALSE,FALSE,TRUE,TRUE,FALSE,FALSE,FALSE,FALSE,TRUE,1508
,Lingering Potion Of Regeneration,"lingering_potion[potion_contents={potion:""minecraft:regeneration""}]",FALSE,FALSE,FALSE,1,TRUE,TRUE,TRUE,FALSE,TRUE,N/A,N/A,N/A,N/A,1,0,1,4,N/A,N/A,N/A,FALSE,FALSE,FALSE,N/A,N/A,FALSE,FALSE,FALSE,TRUE,FALSE,FALSE,FALSE,FALSE,FALSE,TRUE,FALSE,FALSE,FALSE,FALSE,FALSE,FALSE,TRUE,TRUE,FALSE,FALSE,FALSE,FALSE,TRUE,1509
,Lingering Potion Of Regeneration (Long),"lingering_potion[potion_contents={potion:""minecraft:long_regeneration""}]",FALSE,FALSE,FALSE,1,TRUE,TRUE,TRUE,FALSE,TRUE,N/A,N/A,N/A,N/A,1,0,1,4,N/A,N/A,N/A,FALSE,FALSE,FALSE,N/A,N/A,FALSE,FALSE,FALSE,TRUE,FALSE,FALSE,FALSE,FALSE,FALSE,TRUE,FALSE,FALSE,FALSE,FALSE,FALSE,FALSE,TRUE,TRUE,FALSE,FALSE,FALSE,FALSE,TRUE,1510
,Lingering Potion Of Regeneration (Strong),"lingering_potion[potion_contents={potion:""minecraft:strong_regeneration""}]",FALSE,FALSE,FALSE,1,TRUE,TRUE,TRUE,FALSE,TRUE,N/A,N/A,N/A,N/A,1,0,1,4,N/A,N/A,N/A,FALSE,FALSE,FALSE,N/A,N/A,FALSE,FALSE,FALSE,TRUE,FALSE,FALSE,FALSE,FALSE,FALSE,TRUE,FALSE,FALSE,FALSE,FALSE,FALSE,FALSE,TRUE,TRUE,FALSE,FALSE,FALSE,FALSE,TRUE,1511
,Lingering Potion Of Strength,"lingering_potion[potion_contents={potion:""minecraft:strength""}]",FALSE,FALSE,FALSE,1,TRUE,TRUE,TRUE,FALSE,TRUE,N/A,N/A,N/A,N/A,1,0,1,4,N/A,N/A,N/A,FALSE,FALSE,FALSE,N/A,N/A,FALSE,FALSE,FALSE,TRUE,FALSE,FALSE,FALSE,FALSE,FALSE,TRUE,FALSE,FALSE,FALSE,FALSE,FALSE,FALSE,TRUE,TRUE,FALSE,FALSE,FALSE,FALSE,TRUE,1512
,Lingering Potion Of Strength (Long),"lingering_potion[potion_contents={potion:""minecraft:long_strength""}]",FALSE,FALSE,FALSE,1,TRUE,TRUE,TRUE,FALSE,TRUE,N/A,N/A,N/A,N/A,1,0,1,4,N/A,N/A,N/A,FALSE,FALSE,FALSE,N/A,N/A,FALSE,FALSE,FALSE,TRUE,FALSE,FALSE,FALSE,FALSE,FALSE,TRUE,FALSE,FALSE,FALSE,FALSE,FALSE,FALSE,TRUE,TRUE,FALSE,FALSE,FALSE,FALSE,TRUE,1513
,Lingering Potion Of Strength (Strong),"lingering_potion[potion_contents={potion:""minecraft:strong_strength""}]",FALSE,FALSE,FALSE,1,TRUE,TRUE,TRUE,FALSE,TRUE,N/A,N/A,N/A,N/A,1,0,1,4,N/A,N/A,N/A,FALSE,FALSE,FALSE,N/A,N/A,FALSE,FALSE,FALSE,TRUE,FALSE,FALSE,FALSE,FALSE,FALSE,TRUE,FALSE,FALSE,FALSE,FALSE,FALSE,FALSE,TRUE,TRUE,FALSE,FALSE,FALSE,FALSE,TRUE,1514
,Lingering Potion Of Swiftness,"lingering_potion[potion_contents={potion:""minecraft:swiftness""}]",FALSE,FALSE,FALSE,1,TRUE,TRUE,TRUE,FALSE,TRUE,N/A,N/A,N/A,N/A,1,0,1,4,N/A,N/A,N/A,FALSE,FALSE,FALSE,N/A,N/A,FALSE,FALSE,FALSE,TRUE,FALSE,FALSE,FALSE,FALSE,FALSE,TRUE,FALSE,FALSE,FALSE,FALSE,FALSE,FALSE,TRUE,TRUE,FALSE,FALSE,FALSE,FALSE,TRUE,1515
,Lingering Potion Of Swiftness (Long),"lingering_potion[potion_contents={potion:""minecraft:long_swiftness""}]",FALSE,FALSE,FALSE,1,TRUE,TRUE,TRUE,FALSE,TRUE,N/A,N/A,N/A,N/A,1,0,1,4,N/A,N/A,N/A,FALSE,FALSE,FALSE,N/A,N/A,FALSE,FALSE,FALSE,TRUE,FALSE,FALSE,FALSE,FALSE,FALSE,TRUE,FALSE,FALSE,FALSE,FALSE,FALSE,FALSE,TRUE,TRUE,FALSE,FALSE,FALSE,FALSE,TRUE,1516
,Lingering Potion Of Swiftness (Strong),"lingering_potion[potion_contents={potion:""minecraft:strong_swiftness""}]",FALSE,FALSE,FALSE,1,TRUE,TRUE,TRUE,FALSE,TRUE,N/A,N/A,N/A,N/A,1,0,1,4,N/A,N/A,N/A,FALSE,FALSE,FALSE,N/A,N/A,FALSE,FALSE,FALSE,TRUE,FALSE,FALSE,FALSE,FALSE,FALSE,TRUE,FALSE,FALSE,FALSE,FALSE,FALSE,FALSE,TRUE,TRUE,FALSE,FALSE,FALSE,FALSE,TRUE,1517
,Lingering Potion Of Leaping,"lingering_potion[potion_contents={potion:""minecraft:leaping""}]",FALSE,FALSE,FALSE,1,TRUE,TRUE,TRUE,FALSE,TRUE,N/A,N/A,N/A,N/A,1,0,1,4,N/A,N/A,N/A,FALSE,FALSE,FALSE,N/A,N/A,FALSE,FALSE,FALSE,TRUE,FALSE,FALSE,FALSE,FALSE,FALSE,TRUE,FALSE,FALSE,FALSE,FALSE,FALSE,FALSE,TRUE,TRUE,FALSE,FALSE,FALSE,FALSE,TRUE,1518
,Lingering Potion Of Leaping (Long),"lingering_potion[potion_contents={potion:""minecraft:long_leaping""}]",FALSE,FALSE,FALSE,1,TRUE,TRUE,TRUE,FALSE,TRUE,N/A,N/A,N/A,N/A,1,0,1,4,N/A,N/A,N/A,FALSE,FALSE,FALSE,N/A,N/A,FALSE,FALSE,FALSE,TRUE,FALSE,FALSE,FALSE,FALSE,FALSE,TRUE,FALSE,FALSE,FALSE,FALSE,FALSE,FALSE,TRUE,TRUE,FALSE,FALSE,FALSE,FALSE,TRUE,1519
,Lingering Potion Of Leaping (Strong),"lingering_potion[potion_contents={potion:""minecraft:strong_leaping""}]",FALSE,FALSE,FALSE,1,TRUE,TRUE,TRUE,FALSE,TRUE,N/A,N/A,N/A,N/A,1,0,1,4,N/A,N/A,N/A,FALSE,FALSE,FALSE,N/A,N/A,FALSE,FALSE,FALSE,TRUE,FALSE,FALSE,FALSE,FALSE,FALSE,TRUE,FALSE,FALSE,FALSE,FALSE,FALSE,FALSE,TRUE,TRUE,FALSE,FALSE,FALSE,FALSE,TRUE,1520
,Lingering Potion Of Luck,"lingering_potion[potion_contents={potion:""minecraft:luck""}]",TRUE,FALSE,FALSE,1,TRUE,FALSE,FALSE,FALSE,TRUE,N/A,N/A,N/A,N/A,1,0,1,4,N/A,N/A,N/A,FALSE,FALSE,FALSE,N/A,N/A,FALSE,FALSE,FALSE,TRUE,FALSE,FALSE,FALSE,FALSE,FALSE,TRUE,FALSE,FALSE,FALSE,FALSE,FALSE,FALSE,TRUE,TRUE,FALSE,FALSE,FALSE,FALSE,TRUE,1521
,Lingering Potion Of Night Vision,"lingering_potion[potion_contents={potion:""minecraft:night_vision""}]",FALSE,FALSE,FALSE,1,TRUE,TRUE,TRUE,FALSE,TRUE,N/A,N/A,N/A,N/A,1,0,1,4,N/A,N/A,N/A,FALSE,FALSE,FALSE,N/A,N/A,FALSE,FALSE,FALSE,TRUE,FALSE,FALSE,FALSE,FALSE,FALSE,TRUE,FALSE,FALSE,FALSE,FALSE,FALSE,FALSE,TRUE,TRUE,FALSE,FALSE,FALSE,FALSE,TRUE,1522
,Lingering Potion Of Night Vision (Long),"lingering_potion[potion_contents={potion:""minecraft:long_night_vision""}]",FALSE,FALSE,FALSE,1,TRUE,TRUE,TRUE,FALSE,TRUE,N/A,N/A,N/A,N/A,1,0,1,4,N/A,N/A,N/A,FALSE,FALSE,FALSE,N/A,N/A,FALSE,FALSE,FALSE,TRUE,FALSE,FALSE,FALSE,FALSE,FALSE,TRUE,FALSE,FALSE,FALSE,FALSE,FALSE,FALSE,TRUE,TRUE,FALSE,FALSE,FALSE,FALSE,TRUE,1523
,Lingering Potion Of Invisibility ,"lingering_potion[potion_contents={potion:""minecraft:invisibility""}]",FALSE,FALSE,FALSE,1,TRUE,TRUE,TRUE,FALSE,TRUE,N/A,N/A,N/A,N/A,1,0,1,4,N/A,N/A,N/A,FALSE,FALSE,FALSE,N/A,N/A,FALSE,FALSE,FALSE,TRUE,FALSE,FALSE,FALSE,FALSE,FALSE,TRUE,FALSE,FALSE,FALSE,FALSE,FALSE,FALSE,TRUE,TRUE,FALSE,FALSE,FALSE,FALSE,TRUE,1524
,Lingering Potion Of Invisibility (Long),"lingering_potion[potion_contents={potion:""minecraft:long_invisibility""}]",FALSE,FALSE,FALSE,1,TRUE,TRUE,TRUE,FALSE,TRUE,N/A,N/A,N/A,N/A,1,0,1,4,N/A,N/A,N/A,FALSE,FALSE,FALSE,N/A,N/A,FALSE,FALSE,FALSE,TRUE,FALSE,FALSE,FALSE,FALSE,FALSE,TRUE,FALSE,FALSE,FALSE,FALSE,FALSE,FALSE,TRUE,TRUE,FALSE,FALSE,FALSE,FALSE,TRUE,1525
,Lingering Potion Of Water Breathing,"lingering_potion[potion_contents={potion:""minecraft:water_breathing""}]",FALSE,FALSE,FALSE,1,TRUE,TRUE,TRUE,FALSE,TRUE,N/A,N/A,N/A,N/A,1,0,1,4,N/A,N/A,N/A,FALSE,FALSE,FALSE,N/A,N/A,FALSE,FALSE,FALSE,TRUE,FALSE,FALSE,FALSE,FALSE,FALSE,TRUE,FALSE,FALSE,FALSE,FALSE,FALSE,FALSE,TRUE,TRUE,FALSE,FALSE,FALSE,FALSE,TRUE,1526
,Lingering Potion Of Water Breathing (Long),"lingering_potion[potion_contents={potion:""minecraft:long_water_breathing""}]",FALSE,FALSE,FALSE,1,TRUE,TRUE,TRUE,FALSE,TRUE,N/A,N/A,N/A,N/A,1,0,1,4,N/A,N/A,N/A,FALSE,FALSE,FALSE,N/A,N/A,FALSE,FALSE,FALSE,TRUE,FALSE,FALSE,FALSE,FALSE,FALSE,TRUE,FALSE,FALSE,FALSE,FALSE,FALSE,FALSE,TRUE,TRUE,FALSE,FALSE,FALSE,FALSE,TRUE,1527
,Lingering Potion Of Fire Resistance,"lingering_potion[potion_contents={potion:""minecraft:fire_resistance""}]",FALSE,FALSE,FALSE,1,TRUE,TRUE,TRUE,FALSE,TRUE,N/A,N/A,N/A,N/A,1,0,1,4,N/A,N/A,N/A,FALSE,FALSE,FALSE,N/A,N/A,FALSE,FALSE,FALSE,TRUE,FALSE,FALSE,FALSE,FALSE,FALSE,TRUE,FALSE,FALSE,FALSE,FALSE,FALSE,FALSE,TRUE,TRUE,FALSE,FALSE,FALSE,FALSE,TRUE,1528
,Lingering Potion Of Fire Resistance (Long),"lingering_potion[potion_contents={potion:""minecraft:long_fire_resistance""}]",FALSE,FALSE,FALSE,1,TRUE,TRUE,TRUE,FALSE,TRUE,N/A,N/A,N/A,N/A,1,0,1,4,N/A,N/A,N/A,FALSE,FALSE,FALSE,N/A,N/A,FALSE,FALSE,FALSE,TRUE,FALSE,FALSE,FALSE,FALSE,FALSE,TRUE,FALSE,FALSE,FALSE,FALSE,FALSE,FALSE,TRUE,TRUE,FALSE,FALSE,FALSE,FALSE,TRUE,1529
,Lingering Potion Of Slow Falling,"lingering_potion[potion_contents={potion:""minecraft:slow_falling""}]",FALSE,FALSE,FALSE,1,TRUE,TRUE,TRUE,FALSE,TRUE,N/A,N/A,N/A,N/A,1,0,1,4,N/A,N/A,N/A,FALSE,FALSE,FALSE,N/A,N/A,FALSE,FALSE,FALSE,TRUE,FALSE,FALSE,FALSE,FALSE,FALSE,TRUE,FALSE,FALSE,FALSE,FALSE,FALSE,FALSE,TRUE,TRUE,FALSE,FALSE,FALSE,FALSE,TRUE,1530
,Lingering Potion Of Slow Falling (Long),"lingering_potion[potion_contents={potion:""minecraft:long_slow_falling""}]",FALSE,FALSE,FALSE,1,TRUE,TRUE,TRUE,FALSE,TRUE,N/A,N/A,N/A,N/A,1,0,1,4,N/A,N/A,N/A,FALSE,FALSE,FALSE,N/A,N/A,FALSE,FALSE,FALSE,TRUE,FALSE,FALSE,FALSE,FALSE,FALSE,TRUE,FALSE,FALSE,FALSE,FALSE,FALSE,FALSE,TRUE,TRUE,FALSE,FALSE,FALSE,FALSE,TRUE,1531
,Lingering Potion Of Turtle Master,"lingering_potion[potion_contents={potion:""minecraft:turtle_master""}]",FALSE,FALSE,FALSE,1,TRUE,TRUE,TRUE,FALSE,TRUE,N/A,N/A,N/A,N/A,1,0,1,4,N/A,N/A,N/A,FALSE,FALSE,FALSE,N/A,N/A,FALSE,FALSE,FALSE,TRUE,FALSE,FALSE,FALSE,FALSE,FALSE,TRUE,FALSE,FALSE,FALSE,FALSE,FALSE,FALSE,TRUE,TRUE,FALSE,FALSE,FALSE,FALSE,TRUE,1532
,Lingering Potion Of The Turtle Master (Long),"lingering_potion[potion_contents={potion:""minecraft:long_turtle_master""}]",FALSE,FALSE,FALSE,1,TRUE,TRUE,TRUE,FALSE,TRUE,N/A,N/A,N/A,N/A,1,0,1,4,N/A,N/A,N/A,FALSE,FALSE,FALSE,N/A,N/A,FALSE,FALSE,FALSE,TRUE,FALSE,FALSE,FALSE,FALSE,FALSE,TRUE,FALSE,FALSE,FALSE,FALSE,FALSE,FALSE,TRUE,TRUE,FALSE,FALSE,FALSE,FALSE,TRUE,1533
,Lingering Potion Of The Turtle Master (Strong),"lingering_potion[potion_contents={potion:""minecraft:strong_turtle_master""}]",FALSE,FALSE,FALSE,1,TRUE,TRUE,TRUE,FALSE,TRUE,N/A,N/A,N/A,N/A,1,0,1,4,N/A,N/A,N/A,FALSE,FALSE,FALSE,N/A,N/A,FALSE,FALSE,FALSE,TRUE,FALSE,FALSE,FALSE,FALSE,FALSE,TRUE,FALSE,FALSE,FALSE,FALSE,FALSE,FALSE,TRUE,TRUE,FALSE,FALSE,FALSE,FALSE,TRUE,1534
,Lingering Potion Of Harming,"lingering_potion[potion_contents={potion:""minecraft:harming""}]",FALSE,FALSE,FALSE,1,TRUE,TRUE,TRUE,FALSE,TRUE,N/A,N/A,N/A,N/A,1,0,1,4,N/A,N/A,N/A,FALSE,FALSE,FALSE,N/A,N/A,FALSE,FALSE,FALSE,TRUE,FALSE,FALSE,FALSE,FALSE,FALSE,TRUE,FALSE,FALSE,FALSE,FALSE,FALSE,FALSE,TRUE,TRUE,FALSE,FALSE,FALSE,FALSE,TRUE,1535
,Lingering Potion Of Harming (Strong),"lingering_potion[potion_contents={potion:""minecraft:strong_harming""}]",FALSE,FALSE,FALSE,1,TRUE,TRUE,TRUE,FALSE,TRUE,N/A,N/A,N/A,N/A,1,0,1,4,N/A,N/A,N/A,FALSE,FALSE,FALSE,N/A,N/A,FALSE,FALSE,FALSE,TRUE,FALSE,FALSE,FALSE,FALSE,FALSE,TRUE,FALSE,FALSE,FALSE,FALSE,FALSE,FALSE,TRUE,TRUE,FALSE,FALSE,FALSE,FALSE,TRUE,1536
,Lingering Potion Of Poison,"lingering_potion[potion_contents={potion:""minecraft:poison""}]",FALSE,FALSE,FALSE,1,TRUE,TRUE,TRUE,FALSE,TRUE,N/A,N/A,N/A,N/A,1,0,1,4,N/A,N/A,N/A,FALSE,FALSE,FALSE,N/A,N/A,FALSE,FALSE,FALSE,TRUE,FALSE,FALSE,FALSE,FALSE,FALSE,TRUE,FALSE,FALSE,FALSE,FALSE,FALSE,FALSE,TRUE,TRUE,FALSE,FALSE,FALSE,FALSE,TRUE,1537
,Lingering Potion Of Poison (Long),"lingering_potion[potion_contents={potion:""minecraft:long_poison""}]",FALSE,FALSE,FALSE,1,TRUE,TRUE,TRUE,FALSE,TRUE,N/A,N/A,N/A,N/A,1,0,1,4,N/A,N/A,N/A,FALSE,FALSE,FALSE,N/A,N/A,FALSE,FALSE,FALSE,TRUE,FALSE,FALSE,FALSE,FALSE,FALSE,TRUE,FALSE,FALSE,FALSE,FALSE,FALSE,FALSE,TRUE,TRUE,FALSE,FALSE,FALSE,FALSE,TRUE,1538
,Lingering Potion Of Poison (Strong),"lingering_potion[potion_contents={potion:""minecraft:strong_poison""}]",FALSE,FALSE,FALSE,1,TRUE,TRUE,TRUE,FALSE,TRUE,N/A,N/A,N/A,N/A,1,0,1,4,N/A,N/A,N/A,FALSE,FALSE,FALSE,N/A,N/A,FALSE,FALSE,FALSE,TRUE,FALSE,FALSE,FALSE,FALSE,FALSE,TRUE,FALSE,FALSE,FALSE,FALSE,FALSE,FALSE,TRUE,TRUE,FALSE,FALSE,FALSE,FALSE,TRUE,1539
,Lingering Potion Of Weakness,"lingering_potion[potion_contents={potion:""minecraft:weakness""}]",FALSE,FALSE,FALSE,1,TRUE,TRUE,TRUE,FALSE,TRUE,N/A,N/A,N/A,N/A,1,0,1,4,N/A,N/A,N/A,FALSE,FALSE,FALSE,N/A,N/A,FALSE,FALSE,FALSE,TRUE,FALSE,FALSE,FALSE,FALSE,FALSE,TRUE,FALSE,FALSE,FALSE,FALSE,FALSE,FALSE,TRUE,TRUE,FALSE,FALSE,FALSE,FALSE,TRUE,1540
,Lingering Potion Of Weakness (Long),"lingering_potion[potion_contents={potion:""minecraft:long_weakness""}]",FALSE,FALSE,FALSE,1,TRUE,TRUE,TRUE,FALSE,TRUE,N/A,N/A,N/A,N/A,1,0,1,4,N/A,N/A,N/A,FALSE,FALSE,FALSE,N/A,N/A,FALSE,FALSE,FALSE,TRUE,FALSE,FALSE,FALSE,FALSE,FALSE,TRUE,FALSE,FALSE,FALSE,FALSE,FALSE,FALSE,TRUE,TRUE,FALSE,FALSE,FALSE,FALSE,TRUE,1541
,Lingering Potion Of Slowness,"lingering_potion[potion_contents={potion:""minecraft:slowness""}]",FALSE,FALSE,FALSE,1,TRUE,TRUE,TRUE,FALSE,TRUE,N/A,N/A,N/A,N/A,1,0,1,4,N/A,N/A,N/A,FALSE,FALSE,FALSE,N/A,N/A,FALSE,FALSE,FALSE,TRUE,FALSE,FALSE,FALSE,FALSE,FALSE,TRUE,FALSE,FALSE,FALSE,FALSE,FALSE,FALSE,TRUE,TRUE,FALSE,FALSE,FALSE,FALSE,TRUE,1542
,Lingering Potion Of Slowness (Long),"lingering_potion[potion_contents={potion:""minecraft:long_slowness""}]",FALSE,FALSE,FALSE,1,TRUE,TRUE,TRUE,FALSE,TRUE,N/A,N/A,N/A,N/A,1,0,1,4,N/A,N/A,N/A,FALSE,FALSE,FALSE,N/A,N/A,FALSE,FALSE,FALSE,TRUE,FALSE,FALSE,FALSE,FALSE,FALSE,TRUE,FALSE,FALSE,FALSE,FALSE,FALSE,FALSE,TRUE,TRUE,FALSE,FALSE,FALSE,FALSE,TRUE,1543
,Lingering Potion Of Slowness (Strong),"lingering_potion[potion_contents={potion:""minecraft:strong_slowness""}]",FALSE,FALSE,FALSE,1,TRUE,TRUE,TRUE,FALSE,TRUE,N/A,N/A,N/A,N/A,1,0,1,4,N/A,N/A,N/A,FALSE,FALSE,FALSE,N/A,N/A,FALSE,FALSE,FALSE,TRUE,FALSE,FALSE,FALSE,FALSE,FALSE,TRUE,FALSE,FALSE,FALSE,FALSE,FALSE,FALSE,TRUE,TRUE,FALSE,FALSE,FALSE,FALSE,TRUE,1544
,Lingering Potion Of Infestation,"lingering_potion[potion_contents={potion:""minecraft:infested""}]",FALSE,FALSE,FALSE,1,TRUE,TRUE,TRUE,FALSE,TRUE,N/A,N/A,N/A,N/A,1,0,1,4,N/A,N/A,N/A,FALSE,FALSE,FALSE,N/A,N/A,FALSE,FALSE,FALSE,TRUE,FALSE,FALSE,FALSE,FALSE,FALSE,TRUE,FALSE,FALSE,FALSE,FALSE,FALSE,FALSE,TRUE,TRUE,FALSE,FALSE,FALSE,FALSE,TRUE,1545
,Lingering Potion Of Oozing,"lingering__potion[potion_contents={potion:""minecraft:oozing""}]",FALSE,FALSE,FALSE,1,TRUE,TRUE,TRUE,FALSE,TRUE,N/A,N/A,N/A,N/A,1,0,1,4,N/A,N/A,N/A,FALSE,FALSE,FALSE,N/A,N/A,FALSE,FALSE,FALSE,TRUE,FALSE,FALSE,FALSE,FALSE,FALSE,TRUE,FALSE,FALSE,FALSE,FALSE,FALSE,FALSE,TRUE,TRUE,FALSE,FALSE,FALSE,FALSE,TRUE,1546
,Lingering Potion Of Weaving,"lingering_potion[potion_contents={potion:""minecraft:weaving""}]",FALSE,FALSE,FALSE,1,TRUE,TRUE,TRUE,FALSE,TRUE,N/A,N/A,N/A,N/A,1,0,1,4,N/A,N/A,N/A,FALSE,FALSE,FALSE,N/A,N/A,FALSE,FALSE,FALSE,TRUE,FALSE,FALSE,FALSE,FALSE,FALSE,TRUE,FALSE,FALSE,FALSE,FALSE,FALSE,FALSE,TRUE,TRUE,FALSE,FALSE,FALSE,FALSE,TRUE,1547
,Lingering Potion Of Wind Charging,"lingering_potion[potion_contents={potion:""minecraft:wind_charged""}]",FALSE,FALSE,FALSE,1,TRUE,TRUE,TRUE,FALSE,TRUE,N/A,N/A,N/A,N/A,1,0,1,4,N/A,N/A,N/A,FALSE,FALSE,FALSE,N/A,N/A,FALSE,FALSE,FALSE,TRUE,FALSE,FALSE,FALSE,FALSE,FALSE,TRUE,FALSE,FALSE,FALSE,FALSE,FALSE,FALSE,TRUE,TRUE,FALSE,FALSE,FALSE,FALSE,TRUE,1548
,Saddle,saddle,FALSE,FALSE,FALSE,1,TRUE,TRUE,FALSE,FALSE,FALSE,N/A,N/A,N/A,N/A,1,0,1,4,N/A,N/A,N/A,FALSE,FALSE,FALSE,N/A,N/A,FALSE,FALSE,FALSE,TRUE,FALSE,TRUE,FALSE,FALSE,FALSE,FALSE,FALSE,FALSE,FALSE,FALSE,FALSE,FALSE,TRUE,TRUE,FALSE,FALSE,FALSE,FALSE,FALSE,1549
,Leather Horse Armor,leather_horse_armor,FALSE,FALSE,FALSE,1,TRUE,TRUE,FALSE,FALSE,FALSE,N/A,N/A,N/A,N/A,1,0,1,4,N/A,N/A,N/A,FALSE,FALSE,FALSE,N/A,N/A,FALSE,FALSE,FALSE,TRUE,FALSE,TRUE,FALSE,FALSE,FALSE,FALSE,TRUE,FALSE,FALSE,FALSE,FALSE,FALSE,TRUE,TRUE,FALSE,FALSE,FALSE,FALSE,FALSE,1550
,Iron Horse Armor,iron_horse_armor,FALSE,FALSE,FALSE,1,FALSE,FALSE,FALSE,FALSE,FALSE,N/A,N/A,0.1,N/A,1,0,1,4,N/A,N/A,N/A,FALSE,FALSE,FALSE,N/A,N/A,FALSE,FALSE,FALSE,TRUE,FALSE,FALSE,FALSE,FALSE,FALSE,FALSE,FALSE,FALSE,TRUE,FALSE,TRUE,FALSE,TRUE,TRUE,FALSE,FALSE,FALSE,FALSE,FALSE,1551
,Golden Horse Armor,gold_horse_armor,FALSE,FALSE,FALSE,1,FALSE,FALSE,FALSE,FALSE,FALSE,N/A,N/A,0.1,N/A,1,0,1,4,N/A,N/A,N/A,FALSE,FALSE,FALSE,N/A,N/A,FALSE,FALSE,FALSE,TRUE,FALSE,FALSE,FALSE,FALSE,FALSE,FALSE,FALSE,FALSE,TRUE,FALSE,TRUE,FALSE,TRUE,TRUE,FALSE,FALSE,FALSE,FALSE,FALSE,1552
,Diamond Horse Armor,diamond_horse_armor,FALSE,FALSE,FALSE,1,FALSE,FALSE,FALSE,FALSE,FALSE,N/A,N/A,N/A,N/A,1,0,1,4,N/A,N/A,N/A,FALSE,FALSE,FALSE,N/A,N/A,FALSE,FALSE,FALSE,TRUE,FALSE,FALSE,FALSE,FALSE,FALSE,FALSE,FALSE,FALSE,FALSE,FALSE,FALSE,FALSE,TRUE,TRUE,FALSE,FALSE,FALSE,FALSE,FALSE,1553
,Wolf Armor,wolf_armor,FALSE,FALSE,FALSE,1,TRUE,TRUE,FALSE,FALSE,FALSE,64,N/A,N/A,N/A,1,0,1,4,N/A,N/A,N/A,FALSE,FALSE,FALSE,N/A,N/A,FALSE,FALSE,FALSE,FALSE,FALSE,FALSE,FALSE,FALSE,FALSE,FALSE,TRUE,FALSE,FALSE,FALSE,FALSE,FALSE,TRUE,TRUE,FALSE,FALSE,FALSE,FALSE,FALSE,1554
,Bucket,bucket,FALSE,FALSE,FALSE,16,TRUE,TRUE,FALSE,FALSE,FALSE,N/A,N/A,N/A,N/A,1,0,1,4,N/A,N/A,N/A,FALSE,FALSE,FALSE,N/A,N/A,FALSE,FALSE,FALSE,TRUE,FALSE,FALSE,FALSE,FALSE,FALSE,FALSE,TRUE,FALSE,FALSE,FALSE,FALSE,FALSE,TRUE,TRUE,FALSE,FALSE,FALSE,FALSE,FALSE,1555
,Water Bucket,water_bucket,FALSE,FALSE,FALSE,1,TRUE,TRUE,FALSE,FALSE,FALSE,N/A,N/A,N/A,N/A,1,0,1,4,N/A,N/A,N/A,FALSE,FALSE,FALSE,N/A,N/A,FALSE,FALSE,FALSE,TRUE,FALSE,FALSE,FALSE,FALSE,FALSE,FALSE,FALSE,FALSE,FALSE,FALSE,FALSE,FALSE,TRUE,TRUE,FALSE,FALSE,FALSE,FALSE,FALSE,1556
,Bucket Of Cod,cod_bucket,FALSE,FALSE,FALSE,1,TRUE,TRUE,TRUE,FALSE,FALSE,N/A,N/A,N/A,N/A,1,0,1,4,N/A,N/A,N/A,FALSE,FALSE,FALSE,N/A,N/A,FALSE,FALSE,FALSE,TRUE,FALSE,TRUE,FALSE,FALSE,FALSE,FALSE,FALSE,FALSE,FALSE,FALSE,FALSE,FALSE,TRUE,TRUE,FALSE,FALSE,FALSE,FALSE,FALSE,1557
,Bucket Of Salmon,salmon_bucket,FALSE,FALSE,FALSE,1,TRUE,TRUE,TRUE,FALSE,FALSE,N/A,N/A,N/A,N/A,1,0,1,4,N/A,N/A,N/A,FALSE,FALSE,FALSE,N/A,N/A,FALSE,FALSE,FALSE,TRUE,FALSE,FALSE,FALSE,FALSE,FALSE,FALSE,FALSE,FALSE,FALSE,FALSE,FALSE,FALSE,TRUE,TRUE,FALSE,FALSE,FALSE,FALSE,FALSE,1558
,Bucket Of Tropical Fish,tropical_fish_bucket,FALSE,FALSE,FALSE,1,TRUE,TRUE,TRUE,FALSE,FALSE,N/A,N/A,N/A,N/A,1,0,1,4,N/A,N/A,N/A,FALSE,FALSE,FALSE,N/A,N/A,FALSE,FALSE,TRUE,TRUE,FALSE,FALSE,FALSE,TRUE,FALSE,FALSE,FALSE,FALSE,FALSE,FALSE,FALSE,FALSE,TRUE,TRUE,FALSE,FALSE,FALSE,FALSE,FALSE,1559
,Bucket Of Pufferfish,pufferfish_bucket,FALSE,FALSE,FALSE,1,TRUE,TRUE,TRUE,FALSE,FALSE,N/A,N/A,N/A,N/A,1,0,1,4,N/A,N/A,N/A,FALSE,FALSE,FALSE,N/A,N/A,FALSE,FALSE,FALSE,TRUE,FALSE,FALSE,FALSE,TRUE,FALSE,FALSE,FALSE,FALSE,FALSE,FALSE,FALSE,FALSE,TRUE,TRUE,FALSE,FALSE,FALSE,FALSE,FALSE,1560
,Bucket Of Axolotl,axolotl_bucket,FALSE,FALSE,FALSE,1,TRUE,TRUE,TRUE,FALSE,FALSE,N/A,N/A,N/A,N/A,1,0,1,4,N/A,N/A,N/A,FALSE,FALSE,FALSE,N/A,N/A,FALSE,FALSE,FALSE,TRUE,FALSE,FALSE,FALSE,FALSE,FALSE,FALSE,FALSE,FALSE,FALSE,FALSE,FALSE,FALSE,TRUE,TRUE,FALSE,FALSE,FALSE,FALSE,FALSE,1561
,Bucket Of Tadpole,tadpole_bucket,FALSE,FALSE,FALSE,1,TRUE,TRUE,TRUE,FALSE,FALSE,N/A,N/A,N/A,N/A,1,0,1,4,N/A,N/A,N/A,FALSE,FALSE,FALSE,N/A,N/A,FALSE,FALSE,FALSE,TRUE,FALSE,FALSE,FALSE,FALSE,FALSE,FALSE,FALSE,FALSE,FALSE,FALSE,FALSE,FALSE,TRUE,TRUE,FALSE,FALSE,FALSE,FALSE,FALSE,1562
,Lava Bucket,lava_bucket,FALSE,FALSE,FALSE,1,TRUE,TRUE,FALSE,FALSE,FALSE,N/A,1000,N/A,N/A,1,0,1,4,N/A,N/A,N/A,FALSE,FALSE,FALSE,N/A,N/A,FALSE,FALSE,FALSE,TRUE,FALSE,FALSE,TRUE,FALSE,FALSE,FALSE,FALSE,FALSE,FALSE,FALSE,FALSE,FALSE,TRUE,TRUE,FALSE,FALSE,FALSE,FALSE,FALSE,1563
,Milk Bucket,milk_bucket,FALSE,FALSE,FALSE,1,TRUE,TRUE,FALSE,FALSE,FALSE,N/A,N/A,N/A,N/A,1,0,1,4,N/A,N/A,N/A,FALSE,TRUE,TRUE,0,0,FALSE,FALSE,FALSE,FALSE,FALSE,FALSE,FALSE,FALSE,FALSE,TRUE,FALSE,FALSE,FALSE,FALSE,FALSE,FALSE,TRUE,TRUE,FALSE,FALSE,FALSE,FALSE,FALSE,1564
,Powder Snow Bucket,powder_snow_bucket,FALSE,FALSE,FALSE,1,TRUE,TRUE,TRUE,FALSE,FALSE,N/A,N/A,N/A,N/A,1,0,1,4,N/A,N/A,N/A,FALSE,FALSE,FALSE,N/A,N/A,FALSE,FALSE,FALSE,TRUE,FALSE,FALSE,FALSE,FALSE,FALSE,FALSE,FALSE,FALSE,FALSE,FALSE,FALSE,FALSE,TRUE,TRUE,FALSE,FALSE,FALSE,FALSE,FALSE,1565
,Flint And Steel,flint_and_steel,FALSE,FALSE,FALSE,1,TRUE,TRUE,TRUE,FALSE,FALSE,64,N/A,N/A,N/A,1,0,1,4,N/A,N/A,N/A,FALSE,FALSE,FALSE,N/A,N/A,FALSE,FALSE,FALSE,TRUE,FALSE,FALSE,FALSE,FALSE,TRUE,TRUE,TRUE,FALSE,FALSE,FALSE,FALSE,FALSE,TRUE,TRUE,FALSE,FALSE,FALSE,FALSE,FALSE,1566
,Shears,shears,FALSE,FALSE,FALSE,1,TRUE,TRUE,FALSE,FALSE,FALSE,238,N/A,N/A,N/A,1/2/5/15,0,1,4,N/A,N/A,N/A,FALSE,FALSE,FALSE,N/A,N/A,FALSE,FALSE,FALSE,TRUE,FALSE,TRUE,FALSE,FALSE,TRUE,TRUE,TRUE,FALSE,FALSE,FALSE,FALSE,FALSE,TRUE,TRUE,FALSE,FALSE,FALSE,FALSE,FALSE,1567
,Compass,compass,FALSE,FALSE,FALSE,64,TRUE,TRUE,FALSE,FALSE,FALSE,N/A,N/A,N/A,N/A,1,0,1,4,N/A,N/A,N/A,FALSE,FALSE,FALSE,N/A,N/A,FALSE,FALSE,FALSE,FALSE,FALSE,TRUE,TRUE,FALSE,TRUE,TRUE,TRUE,FALSE,FALSE,FALSE,FALSE,FALSE,TRUE,TRUE,FALSE,FALSE,FALSE,FALSE,FALSE,1568
,Recovery Compass,recovery_compass,FALSE,FALSE,FALSE,64,FALSE,FALSE,FALSE,FALSE,FALSE,N/A,N/A,N/A,N/A,1,0,1,4,N/A,N/A,N/A,FALSE,FALSE,FALSE,N/A,N/A,FALSE,FALSE,FALSE,FALSE,FALSE,FALSE,FALSE,FALSE,FALSE,FALSE,TRUE,FALSE,FALSE,FALSE,FALSE,FALSE,FALSE,FALSE,TRUE,FALSE,FALSE,FALSE,FALSE,1569
,Clock,clock,FALSE,FALSE,FALSE,64,TRUE,TRUE,FALSE,FALSE,FALSE,N/A,N/A,N/A,N/A,1,0,1,4,N/A,N/A,N/A,FALSE,FALSE,FALSE,N/A,N/A,FALSE,FALSE,FALSE,FALSE,FALSE,TRUE,FALSE,FALSE,FALSE,FALSE,TRUE,FALSE,FALSE,FALSE,FALSE,FALSE,FALSE,TRUE,FALSE,FALSE,FALSE,FALSE,FALSE,1570
,Spyglass,spyglass,FALSE,FALSE,FALSE,1,TRUE,TRUE,FALSE,FALSE,FALSE,N/A,N/A,N/A,N/A,1,0,1,4,N/A,N/A,N/A,FALSE,FALSE,FALSE,N/A,N/A,FALSE,FALSE,FALSE,FALSE,FALSE,FALSE,FALSE,FALSE,FALSE,FALSE,TRUE,FALSE,FALSE,FALSE,FALSE,FALSE,TRUE,TRUE,FALSE,FALSE,FALSE,FALSE,FALSE,1571
,Brush,brush,FALSE,FALSE,FALSE,1,TRUE,TRUE,FALSE,FALSE,FALSE,64,N/A,N/A,N/A,1,0,1,4,N/A,N/A,N/A,FALSE,FALSE,FALSE,N/A,N/A,FALSE,FALSE,FALSE,TRUE,FALSE,FALSE,FALSE,FALSE,FALSE,TRUE,TRUE,FALSE,FALSE,FALSE,FALSE,FALSE,TRUE,TRUE,FALSE,FALSE,FALSE,FALSE,FALSE,1572
,Lead,lead,FALSE,FALSE,FALSE,64,TRUE,TRUE,FALSE,FALSE,TRUE,N/A,N/A,N/A,N/A,1,0,1,4,N/A,N/A,N/A,FALSE,FALSE,FALSE,N/A,N/A,FALSE,FALSE,FALSE,FALSE,FALSE,FALSE,FALSE,FALSE,FALSE,FALSE,TRUE,FALSE,FALSE,FALSE,FALSE,FALSE,TRUE,TRUE,FALSE,FALSE,FALSE,FALSE,FALSE,1573
,Nametag,name_tag,FALSE,FALSE,FALSE,64,TRUE,TRUE,TRUE,FALSE,FALSE,N/A,N/A,N/A,N/A,1,0,1,4,N/A,N/A,N/A,FALSE,FALSE,FALSE,N/A,N/A,FALSE,FALSE,FALSE,FALSE,FALSE,TRUE,FALSE,FALSE,FALSE,FALSE,FALSE,FALSE,FALSE,FALSE,FALSE,FALSE,TRUE,TRUE,FALSE,FALSE,FALSE,FALSE,FALSE,1574
,Totem Of Undying,totem_of_undying,FALSE,FALSE,FALSE,1,TRUE,TRUE,FALSE,FALSE,FALSE,N/A,N/A,N/A,N/A,1,0,1,4,N/A,N/A,N/A,FALSE,FALSE,FALSE,N/A,N/A,FALSE,FALSE,FALSE,FALSE,FALSE,FALSE,FALSE,FALSE,FALSE,FALSE,FALSE,FALSE,FALSE,FALSE,FALSE,FALSE,FALSE,FALSE,TRUE,FALSE,FALSE,FALSE,FALSE,1575
,Fishing Rod,fishing_rod,FALSE,FALSE,FALSE,1,TRUE,TRUE,FALSE,FALSE,FALSE,64,15,N/A,1,1,0,1,4,N/A,N/A,N/A,FALSE,FALSE,FALSE,N/A,N/A,FALSE,FALSE,FALSE,FALSE,TRUE,TRUE,FALSE,FALSE,TRUE,TRUE,TRUE,FALSE,FALSE,FALSE,FALSE,FALSE,TRUE,TRUE,FALSE,FALSE,FALSE,FALSE,FALSE,1576
,Carrot On A Stick,carrot_on_a_stick,FALSE,FALSE,FALSE,1,TRUE,TRUE,FALSE,FALSE,FALSE,25,N/A,N/A,N/A,1,0,1,4,N/A,N/A,N/A,FALSE,FALSE,FALSE,N/A,N/A,FALSE,FALSE,TRUE,FALSE,FALSE,FALSE,FALSE,FALSE,TRUE,TRUE,TRUE,FALSE,FALSE,FALSE,FALSE,FALSE,TRUE,TRUE,FALSE,FALSE,FALSE,FALSE,FALSE,1577
,Warped Fungus On A Stick,warped_fungus_on_a_stick,FALSE,FALSE,FALSE,1,TRUE,TRUE,FALSE,FALSE,FALSE,100,N/A,N/A,N/A,1,0,1,4,N/A,N/A,N/A,FALSE,FALSE,FALSE,N/A,N/A,FALSE,FALSE,TRUE,FALSE,FALSE,FALSE,FALSE,FALSE,TRUE,TRUE,TRUE,FALSE,FALSE,FALSE,FALSE,FALSE,TRUE,TRUE,FALSE,FALSE,FALSE,FALSE,FALSE,1578
,Bow,bow,FALSE,FALSE,FALSE,1,TRUE,TRUE,FALSE,FALSE,FALSE,384,15,N/A,1,1,0,1,4,N/A,N/A,N/A,FALSE,FALSE,FALSE,N/A,N/A,FALSE,FALSE,FALSE,FALSE,TRUE,TRUE,FALSE,FALSE,TRUE,TRUE,TRUE,FALSE,FALSE,FALSE,FALSE,FALSE,TRUE,TRUE,FALSE,FALSE,FALSE,FALSE,FALSE,1579
,Crossbow,crossbow,FALSE,FALSE,FALSE,1,TRUE,TRUE,FALSE,FALSE,FALSE,465,15,N/A,1,1,0,1,4,N/A,N/A,N/A,FALSE,FALSE,FALSE,N/A,N/A,FALSE,FALSE,FALSE,FALSE,TRUE,TRUE,FALSE,FALSE,TRUE,TRUE,TRUE,FALSE,FALSE,FALSE,FALSE,FALSE,TRUE,TRUE,FALSE,FALSE,FALSE,FALSE,FALSE,1580
,Shield,shield,FALSE,FALSE,FALSE,1,TRUE,TRUE,FALSE,FALSE,FALSE,336,N/A,N/A,N/A,1,0,1,4,N/A,N/A,N/A,FALSE,FALSE,FALSE,N/A,N/A,FALSE,FALSE,FALSE,FALSE,FALSE,TRUE,FALSE,FALSE,TRUE,TRUE,TRUE,FALSE,FALSE,FALSE,FALSE,FALSE,TRUE,TRUE,FALSE,FALSE,FALSE,FALSE,FALSE,1581
,Mace,mace,FALSE,FALSE,FALSE,1,FALSE,FALSE,FALSE,FALSE,FALSE,500,N/A,N/A,N/A,1.5,0,1,4,N/A,N/A,N/A,FALSE,FALSE,FALSE,N/A,N/A,FALSE,FALSE,FALSE,FALSE,TRUE,FALSE,FALSE,FALSE,TRUE,TRUE,TRUE,FALSE,FALSE,FALSE,FALSE,FALSE,FALSE,FALSE,FALSE,FALSE,TRUE,FALSE,FALSE,1582
,Trident,trident,FALSE,FALSE,FALSE,1,TRUE,TRUE,FALSE,FALSE,TRUE,250,N/A,N/A,1,1,0,9,1.1,N/A,N/A,N/A,FALSE,FALSE,FALSE,N/A,N/A,FALSE,FALSE,FALSE,FALSE,TRUE,FALSE,FALSE,FALSE,TRUE,TRUE,FALSE,FALSE,FALSE,FALSE,FALSE,FALSE,TRUE,FALSE,FALSE,TRUE,FALSE,FALSE,FALSE,1583
,Turtle Shell,turtle_helmet,FALSE,FALSE,FALSE,1,TRUE,TRUE,TRUE,FALSE,FALSE,275,N/A,N/A,9,1,0,1,4,2,0,0%,TRUE,FALSE,FALSE,N/A,N/A,FALSE,FALSE,FALSE,TRUE,TRUE,FALSE,FALSE,FALSE,TRUE,TRUE,TRUE,FALSE,FALSE,FALSE,FALSE,FALSE,TRUE,TRUE,FALSE,FALSE,FALSE,FALSE,FALSE,1584
,Elytra,elytra,FALSE,FALSE,FALSE,1,FALSE,FALSE,FALSE,FALSE,FALSE,432,N/A,N/A,N/A,1,0,1,4,N/A,N/A,N/A,TRUE,FALSE,FALSE,N/A,N/A,FALSE,FALSE,FALSE,TRUE,FALSE,FALSE,FALSE,FALSE,TRUE,TRUE,FALSE,FALSE,FALSE,FALSE,FALSE,FALSE,TRUE,FALSE,FALSE,FALSE,TRUE,FALSE,FALSE,1585
,Wooden Sword,wooden_sword,FALSE,FALSE,FALSE,1,TRUE,TRUE,FALSE,FALSE,FALSE,59,10,N/A,15,1.5/15,0,4,1.6,N/A,N/A,N/A,FALSE,FALSE,FALSE,N/A,N/A,FALSE,FALSE,FALSE,FALSE,TRUE,FALSE,FALSE,FALSE,TRUE,TRUE,TRUE,FALSE,FALSE,FALSE,FALSE,FALSE,FALSE,TRUE,FALSE,FALSE,FALSE,FALSE,FALSE,1586
,Stone Sword,stone_sword,FALSE,FALSE,FALSE,1,TRUE,TRUE,FALSE,FALSE,FALSE,131,N/A,N/A,5,1.5/15,1,5,1.6,N/A,N/A,N/A,FALSE,FALSE,FALSE,N/A,N/A,FALSE,FALSE,FALSE,FALSE,TRUE,FALSE,FALSE,FALSE,TRUE,TRUE,TRUE,FALSE,FALSE,FALSE,FALSE,FALSE,FALSE,TRUE,FALSE,FALSE,FALSE,FALSE,FALSE,1587
,Iron Sword,iron_sword,FALSE,FALSE,FALSE,1,TRUE,TRUE,FALSE,FALSE,FALSE,250,N/A,0.1,14,1.5/15,2,6,1.6,N/A,N/A,N/A,FALSE,FALSE,FALSE,N/A,N/A,FALSE,FALSE,FALSE,FALSE,TRUE,TRUE,FALSE,FALSE,TRUE,TRUE,TRUE,FALSE,TRUE,FALSE,TRUE,FALSE,FALSE,TRUE,FALSE,FALSE,FALSE,FALSE,FALSE,1588
,Golden Sword,golden_sword,FALSE,FALSE,FALSE,1,TRUE,TRUE,FALSE,FALSE,FALSE,32,N/A,0.1,22,1.5/15,0,4,1.6,N/A,N/A,N/A,FALSE,FALSE,FALSE,N/A,N/A,FALSE,FALSE,FALSE,FALSE,TRUE,FALSE,FALSE,FALSE,TRUE,TRUE,TRUE,FALSE,TRUE,FALSE,TRUE,FALSE,FALSE,TRUE,FALSE,FALSE,FALSE,FALSE,FALSE,1589
,Diamond Sword,diamond_sword,FALSE,FALSE,FALSE,1,TRUE,FALSE,FALSE,FALSE,FALSE,1561,N/A,N/A,10,1.5/15,3,7,1.6,N/A,N/A,N/A,FALSE,FALSE,FALSE,N/A,N/A,FALSE,FALSE,FALSE,FALSE,TRUE,TRUE,FALSE,FALSE,TRUE,TRUE,TRUE,FALSE,FALSE,FALSE,FALSE,FALSE,FALSE,TRUE,FALSE,FALSE,FALSE,FALSE,FALSE,1590
,Netherite Sword,netherite_sword,FALSE,FALSE,FALSE,1,FALSE,FALSE,FALSE,FALSE,FALSE,2031,N/A,N/A,15,1.5/15,4,8,1.6,N/A,N/A,N/A,FALSE,FALSE,FALSE,N/A,N/A,TRUE,FALSE,FALSE,FALSE,TRUE,FALSE,FALSE,FALSE,TRUE,TRUE,TRUE,FALSE,FALSE,FALSE,FALSE,FALSE,FALSE,TRUE,FALSE,FALSE,FALSE,FALSE,FALSE,1591
,Wooden Pickaxe,wooden_pickaxe,FALSE,FALSE,FALSE,1,TRUE,TRUE,FALSE,FALSE,FALSE,59,10,N/A,15,2,0,2,1.2,N/A,N/A,N/A,FALSE,FALSE,FALSE,N/A,N/A,FALSE,FALSE,FALSE,FALSE,TRUE,FALSE,FALSE,FALSE,TRUE,TRUE,TRUE,FALSE,FALSE,FALSE,FALSE,FALSE,FALSE,TRUE,FALSE,FALSE,FALSE,FALSE,FALSE,1592
,Stone Pickaxe,stone_pickaxe,FALSE,FALSE,FALSE,1,TRUE,TRUE,FALSE,FALSE,FALSE,131,N/A,N/A,5,4,1,3,1.2,N/A,N/A,N/A,FALSE,FALSE,FALSE,N/A,N/A,FALSE,FALSE,FALSE,FALSE,TRUE,TRUE,FALSE,FALSE,TRUE,TRUE,TRUE,FALSE,FALSE,FALSE,FALSE,FALSE,FALSE,TRUE,FALSE,FALSE,FALSE,FALSE,FALSE,1593
,Iron Pickaxe,iron_pickaxe,FALSE,FALSE,FALSE,1,TRUE,TRUE,FALSE,FALSE,FALSE,250,N/A,0.1,14,6,2,4,1.2,N/A,N/A,N/A,FALSE,FALSE,FALSE,N/A,N/A,FALSE,FALSE,FALSE,FALSE,TRUE,TRUE,FALSE,FALSE,TRUE,TRUE,TRUE,FALSE,TRUE,FALSE,TRUE,FALSE,FALSE,TRUE,FALSE,FALSE,FALSE,FALSE,FALSE,1594
,Golden Pickaxe,golden_pickaxe,FALSE,FALSE,FALSE,1,TRUE,TRUE,FALSE,FALSE,FALSE,32,N/A,0.1,22,12,0,2,1.2,N/A,N/A,N/A,FALSE,FALSE,FALSE,N/A,N/A,FALSE,FALSE,FALSE,FALSE,TRUE,FALSE,FALSE,FALSE,TRUE,TRUE,TRUE,FALSE,TRUE,FALSE,TRUE,FALSE,FALSE,TRUE,FALSE,FALSE,FALSE,FALSE,FALSE,1595
,Diamond Pickaxe,diamond_pickaxe,FALSE,FALSE,FALSE,1,TRUE,FALSE,FALSE,FALSE,FALSE,1561,N/A,N/A,10,8,3,5,1.2,N/A,N/A,N/A,FALSE,FALSE,FALSE,N/A,N/A,FALSE,FALSE,FALSE,FALSE,TRUE,TRUE,FALSE,FALSE,TRUE,TRUE,TRUE,FALSE,FALSE,FALSE,FALSE,FALSE,FALSE,TRUE,FALSE,FALSE,FALSE,FALSE,FALSE,1596
,Netherite Pickaxe,netherite_pickaxe,FALSE,FALSE,FALSE,1,FALSE,FALSE,FALSE,FALSE,FALSE,2031,N/A,N/A,15,9,4,6,1.2,N/A,N/A,N/A,FALSE,FALSE,FALSE,N/A,N/A,TRUE,FALSE,FALSE,FALSE,TRUE,FALSE,FALSE,FALSE,TRUE,TRUE,TRUE,FALSE,FALSE,FALSE,FALSE,FALSE,FALSE,TRUE,FALSE,FALSE,FALSE,FALSE,FALSE,1597
,Wooden Axe,wooden_axe,FALSE,FALSE,FALSE,1,TRUE,TRUE,FALSE,FALSE,FALSE,59,10,N/A,15,2,0,7,0.8,N/A,N/A,N/A,FALSE,FALSE,FALSE,N/A,N/A,FALSE,FALSE,FALSE,FALSE,TRUE,FALSE,FALSE,FALSE,TRUE,TRUE,TRUE,FALSE,FALSE,FALSE,FALSE,FALSE,TRUE,TRUE,FALSE,FALSE,FALSE,FALSE,FALSE,1598
,Stone Axe,stone_axe,FALSE,FALSE,FALSE,1,TRUE,TRUE,FALSE,FALSE,FALSE,131,N/A,N/A,5,4,1,9,0.8,N/A,N/A,N/A,FALSE,FALSE,FALSE,N/A,N/A,FALSE,FALSE,FALSE,FALSE,TRUE,TRUE,FALSE,FALSE,TRUE,TRUE,TRUE,FALSE,FALSE,FALSE,FALSE,FALSE,TRUE,TRUE,FALSE,FALSE,FALSE,FALSE,FALSE,1599
,Iron Axe,iron_axe,FALSE,FALSE,FALSE,1,TRUE,TRUE,FALSE,FALSE,FALSE,250,N/A,0.1,14,6,2,9,0.9,N/A,N/A,N/A,FALSE,FALSE,FALSE,N/A,N/A,FALSE,FALSE,FALSE,FALSE,TRUE,TRUE,FALSE,FALSE,TRUE,TRUE,TRUE,FALSE,TRUE,FALSE,TRUE,FALSE,TRUE,TRUE,FALSE,FALSE,FALSE,FALSE,FALSE,1600
,Golden Axe,golden_axe,FALSE,FALSE,FALSE,1,TRUE,TRUE,FALSE,FALSE,FALSE,32,N/A,0.1,22,12,0,7,1,N/A,N/A,N/A,FALSE,FALSE,FALSE,N/A,N/A,FALSE,FALSE,FALSE,FALSE,TRUE,FALSE,FALSE,FALSE,TRUE,TRUE,TRUE,FALSE,TRUE,FALSE,TRUE,FALSE,TRUE,TRUE,FALSE,FALSE,FALSE,FALSE,FALSE,1601
,Diamond Axe,diamond_axe,FALSE,FALSE,FALSE,1,TRUE,FALSE,FALSE,FALSE,FALSE,1561,N/A,N/A,10,8,3,9,1,N/A,N/A,N/A,FALSE,FALSE,FALSE,N/A,N/A,FALSE,FALSE,FALSE,FALSE,TRUE,TRUE,FALSE,FALSE,TRUE,TRUE,TRUE,FALSE,FALSE,FALSE,FALSE,FALSE,TRUE,TRUE,FALSE,FALSE,FALSE,FALSE,FALSE,1602
,Netherite Axe,netherite_axe,FALSE,FALSE,FALSE,1,FALSE,FALSE,FALSE,FALSE,FALSE,2031,N/A,N/A,15,9,4,10,1,N/A,N/A,N/A,FALSE,FALSE,FALSE,N/A,N/A,TRUE,FALSE,FALSE,FALSE,TRUE,FALSE,FALSE,FALSE,TRUE,TRUE,TRUE,FALSE,FALSE,FALSE,FALSE,FALSE,TRUE,TRUE,FALSE,FALSE,FALSE,FALSE,FALSE,1603
,Wooden Shovel,wooden_shovel,FALSE,FALSE,FALSE,1,TRUE,TRUE,FALSE,FALSE,FALSE,59,10,N/A,15,2,0,2.5,1,N/A,N/A,N/A,FALSE,FALSE,FALSE,N/A,N/A,FALSE,FALSE,FALSE,FALSE,TRUE,FALSE,FALSE,FALSE,TRUE,TRUE,TRUE,FALSE,FALSE,FALSE,FALSE,FALSE,TRUE,TRUE,FALSE,FALSE,FALSE,FALSE,FALSE,1604
,Stone Shovel,stone_shovel,FALSE,FALSE,FALSE,1,TRUE,TRUE,FALSE,FALSE,FALSE,131,N/A,N/A,5,4,1,3.5,1,N/A,N/A,N/A,FALSE,FALSE,FALSE,N/A,N/A,FALSE,FALSE,FALSE,FALSE,TRUE,TRUE,FALSE,FALSE,TRUE,TRUE,TRUE,FALSE,FALSE,FALSE,FALSE,FALSE,TRUE,TRUE,FALSE,FALSE,FALSE,FALSE,FALSE,1605
,Iron Shovel,iron_shovel,FALSE,FALSE,FALSE,1,TRUE,TRUE,FALSE,FALSE,FALSE,250,N/A,0.1,14,6,2,4.5,1,N/A,N/A,N/A,FALSE,FALSE,FALSE,N/A,N/A,FALSE,FALSE,FALSE,FALSE,TRUE,TRUE,FALSE,FALSE,TRUE,TRUE,TRUE,FALSE,TRUE,FALSE,TRUE,FALSE,TRUE,TRUE,FALSE,FALSE,FALSE,FALSE,FALSE,1606
,Golden Shovel,golden_shovel,FALSE,FALSE,FALSE,1,TRUE,TRUE,FALSE,FALSE,FALSE,32,N/A,0.1,22,12,0,2.5,1,N/A,N/A,N/A,FALSE,FALSE,FALSE,N/A,N/A,FALSE,FALSE,FALSE,FALSE,TRUE,FALSE,FALSE,FALSE,TRUE,TRUE,TRUE,FALSE,TRUE,FALSE,TRUE,FALSE,TRUE,TRUE,FALSE,FALSE,FALSE,FALSE,FALSE,1607
,Diamond Shovel,diamond_shovel,FALSE,FALSE,FALSE,1,TRUE,FALSE,FALSE,FALSE,FALSE,1561,N/A,N/A,10,8,3,5.5,1,N/A,N/A,N/A,FALSE,FALSE,FALSE,N/A,N/A,FALSE,FALSE,FALSE,FALSE,TRUE,TRUE,FALSE,FALSE,TRUE,TRUE,TRUE,FALSE,FALSE,FALSE,FALSE,FALSE,TRUE,TRUE,FALSE,FALSE,FALSE,FALSE,FALSE,1608
,Netherite Shovel,netherite_shovel,FALSE,FALSE,FALSE,1,FALSE,FALSE,FALSE,FALSE,FALSE,2031,N/A,N/A,15,9,4,6.5,1,N/A,N/A,N/A,FALSE,FALSE,FALSE,N/A,N/A,TRUE,FALSE,FALSE,FALSE,TRUE,FALSE,FALSE,FALSE,TRUE,TRUE,TRUE,FALSE,FALSE,FALSE,FALSE,FALSE,TRUE,TRUE,FALSE,FALSE,FALSE,FALSE,FALSE,1609
,Wooden Hoe,wooden_hoe,FALSE,FALSE,FALSE,1,TRUE,FALSE,FALSE,FALSE,FALSE,59,10,N/A,15,2,0,1,1,N/A,N/A,N/A,FALSE,FALSE,FALSE,N/A,N/A,FALSE,FALSE,FALSE,FALSE,TRUE,FALSE,FALSE,FALSE,TRUE,TRUE,TRUE,FALSE,FALSE,FALSE,FALSE,FALSE,TRUE,TRUE,FALSE,FALSE,FALSE,FALSE,FALSE,1610
,Stone Hoe,stone_hoe,FALSE,FALSE,FALSE,1,TRUE,TRUE,FALSE,FALSE,FALSE,131,N/A,N/A,5,4,1,1,2,N/A,N/A,N/A,FALSE,FALSE,FALSE,N/A,N/A,FALSE,FALSE,FALSE,FALSE,TRUE,TRUE,FALSE,FALSE,TRUE,TRUE,TRUE,FALSE,FALSE,FALSE,FALSE,FALSE,TRUE,TRUE,FALSE,FALSE,FALSE,FALSE,FALSE,1611
,Iron Hoe,iron_hoe,FALSE,FALSE,FALSE,1,TRUE,TRUE,FALSE,FALSE,FALSE,250,N/A,0.1,14,6,2,1,3,N/A,N/A,N/A,FALSE,FALSE,FALSE,N/A,N/A,FALSE,FALSE,FALSE,FALSE,TRUE,FALSE,FALSE,FALSE,TRUE,TRUE,TRUE,FALSE,TRUE,FALSE,TRUE,FALSE,TRUE,TRUE,FALSE,FALSE,FALSE,FALSE,FALSE,1612
,Golden Hoe,golden_hoe,FALSE,FALSE,FALSE,1,TRUE,TRUE,FALSE,FALSE,FALSE,32,N/A,0.1,22,12,0,1,1,N/A,N/A,N/A,FALSE,FALSE,FALSE,N/A,N/A,FALSE,FALSE,FALSE,FALSE,TRUE,FALSE,FALSE,FALSE,TRUE,TRUE,TRUE,FALSE,TRUE,FALSE,TRUE,FALSE,TRUE,TRUE,FALSE,FALSE,FALSE,FALSE,FALSE,1613
,Diamond Hoe,diamond_hoe,FALSE,FALSE,FALSE,1,TRUE,FALSE,FALSE,FALSE,FALSE,1561,N/A,N/A,10,8,3,1,4,N/A,N/A,N/A,FALSE,FALSE,FALSE,N/A,N/A,FALSE,FALSE,FALSE,FALSE,TRUE,TRUE,FALSE,FALSE,TRUE,TRUE,TRUE,FALSE,FALSE,FALSE,FALSE,FALSE,TRUE,TRUE,FALSE,FALSE,FALSE,FALSE,FALSE,1614
,Netherite Hoe,netherite_hoe,FALSE,FALSE,FALSE,1,FALSE,FALSE,FALSE,FALSE,FALSE,2031,N/A,N/A,15,9,4,1,4,N/A,N/A,N/A,FALSE,FALSE,FALSE,N/A,N/A,TRUE,FALSE,FALSE,FALSE,TRUE,FALSE,FALSE,FALSE,TRUE,TRUE,TRUE,FALSE,FALSE,FALSE,FALSE,FALSE,TRUE,TRUE,FALSE,FALSE,FALSE,FALSE,FALSE,1615
,Leather Cap,leather_helmet,FALSE,FALSE,FALSE,1,TRUE,TRUE,FALSE,FALSE,FALSE,55,N/A,N/A,15,1,0,1,4,1,0,0%,TRUE,FALSE,FALSE,N/A,N/A,FALSE,FALSE,FALSE,TRUE,TRUE,TRUE,FALSE,FALSE,TRUE,TRUE,TRUE,FALSE,FALSE,FALSE,FALSE,FALSE,TRUE,TRUE,FALSE,FALSE,FALSE,FALSE,FALSE,1616
,Chainmail Helmet,chainmail_helmet,FALSE,FALSE,FALSE,1,TRUE,TRUE,FALSE,FALSE,FALSE,165,N/A,0.1,12,1,0,1,4,2,0,0%,TRUE,FALSE,FALSE,N/A,N/A,FALSE,FALSE,FALSE,TRUE,TRUE,TRUE,FALSE,FALSE,TRUE,TRUE,TRUE,FALSE,TRUE,FALSE,TRUE,FALSE,TRUE,FALSE,TRUE,FALSE,FALSE,FALSE,FALSE,1617
,Iron Helmet,iron_helmet,FALSE,FALSE,FALSE,1,TRUE,TRUE,FALSE,FALSE,FALSE,165,N/A,0.1,9,1,0,1,4,2,0,0%,TRUE,FALSE,FALSE,N/A,N/A,FALSE,FALSE,FALSE,TRUE,TRUE,TRUE,FALSE,FALSE,TRUE,TRUE,TRUE,FALSE,TRUE,FALSE,TRUE,FALSE,TRUE,TRUE,FALSE,FALSE,FALSE,FALSE,FALSE,1618
,Golden Helmet,golden_helmet,FALSE,FALSE,FALSE,1,TRUE,TRUE,FALSE,FALSE,FALSE,77,N/A,0.1,25,1,0,1,4,2,0,0%,TRUE,FALSE,FALSE,N/A,N/A,FALSE,FALSE,FALSE,TRUE,TRUE,FALSE,FALSE,FALSE,TRUE,TRUE,TRUE,FALSE,TRUE,FALSE,TRUE,FALSE,TRUE,TRUE,FALSE,FALSE,FALSE,FALSE,FALSE,1619
,Diamond Helmet,diamond_helmet,FALSE,FALSE,FALSE,1,TRUE,TRUE,FALSE,FALSE,FALSE,363,N/A,N/A,10,1,0,1,4,3,2,0%,TRUE,FALSE,FALSE,N/A,N/A,FALSE,FALSE,FALSE,TRUE,TRUE,TRUE,FALSE,FALSE,TRUE,TRUE,TRUE,FALSE,FALSE,FALSE,FALSE,FALSE,TRUE,TRUE,FALSE,FALSE,FALSE,FALSE,FALSE,1620
,Netherite Helmet,netherite_helmet,FALSE,FALSE,FALSE,1,FALSE,FALSE,FALSE,FALSE,FALSE,407,N/A,N/A,15,1,0,1,4,3,3,10%,TRUE,FALSE,FALSE,N/A,N/A,TRUE,FALSE,FALSE,TRUE,TRUE,FALSE,FALSE,FALSE,TRUE,TRUE,TRUE,FALSE,FALSE,FALSE,FALSE,FALSE,TRUE,TRUE,FALSE,FALSE,FALSE,FALSE,FALSE,1621
,Leather Tunic,leather_chestplate,FALSE,FALSE,FALSE,1,TRUE,TRUE,FALSE,FALSE,FALSE,80,N/A,N/A,15,1,0,1,4,3,0,0%,TRUE,FALSE,FALSE,N/A,N/A,FALSE,FALSE,FALSE,TRUE,TRUE,TRUE,FALSE,FALSE,TRUE,TRUE,TRUE,FALSE,FALSE,FALSE,FALSE,FALSE,TRUE,TRUE,FALSE,FALSE,FALSE,FALSE,FALSE,1622
,Chainmail Chestplate,chainmail_chestplate,FALSE,FALSE,FALSE,1,TRUE,TRUE,FALSE,FALSE,FALSE,240,N/A,0.1,12,1,0,1,4,5,0,0%,TRUE,FALSE,FALSE,N/A,N/A,FALSE,FALSE,FALSE,TRUE,TRUE,TRUE,FALSE,FALSE,TRUE,TRUE,TRUE,FALSE,TRUE,FALSE,TRUE,FALSE,TRUE,FALSE,TRUE,FALSE,FALSE,FALSE,FALSE,1623
,Iron Chestplate,iron_chestplate,FALSE,FALSE,FALSE,1,TRUE,TRUE,FALSE,FALSE,FALSE,240,N/A,0.1,9,1,0,1,4,6,0,0%,TRUE,FALSE,FALSE,N/A,N/A,FALSE,FALSE,FALSE,TRUE,TRUE,TRUE,FALSE,FALSE,TRUE,TRUE,TRUE,FALSE,TRUE,FALSE,TRUE,FALSE,TRUE,TRUE,FALSE,FALSE,FALSE,FALSE,FALSE,1624
,Golden Chestplate,golden_chestplate,FALSE,FALSE,FALSE,1,TRUE,TRUE,FALSE,FALSE,FALSE,112,N/A,0.1,25,1,0,1,4,5,0,0%,TRUE,FALSE,FALSE,N/A,N/A,FALSE,FALSE,FALSE,TRUE,TRUE,FALSE,FALSE,FALSE,TRUE,TRUE,TRUE,FALSE,TRUE,FALSE,TRUE,FALSE,TRUE,TRUE,FALSE,FALSE,FALSE,FALSE,FALSE,1625
,Diamond Chestplate,diamond_chestplate,FALSE,FALSE,FALSE,1,TRUE,TRUE,FALSE,FALSE,FALSE,528,N/A,N/A,10,1,0,1,4,8,2,0%,TRUE,FALSE,FALSE,N/A,N/A,FALSE,FALSE,FALSE,TRUE,TRUE,TRUE,FALSE,FALSE,TRUE,TRUE,TRUE,FALSE,FALSE,FALSE,FALSE,FALSE,TRUE,TRUE,FALSE,FALSE,FALSE,FALSE,FALSE,1626
,Netherite Chestplate,netherite_chestplate,FALSE,FALSE,FALSE,1,FALSE,FALSE,FALSE,FALSE,FALSE,592,N/A,N/A,15,1,0,1,4,8,3,10%,TRUE,FALSE,FALSE,N/A,N/A,TRUE,FALSE,FALSE,TRUE,TRUE,FALSE,FALSE,FALSE,TRUE,TRUE,TRUE,FALSE,FALSE,FALSE,FALSE,FALSE,TRUE,TRUE,FALSE,FALSE,FALSE,FALSE,FALSE,1627
,Leather Pants,leather_leggings,FALSE,FALSE,FALSE,1,TRUE,TRUE,FALSE,FALSE,FALSE,75,N/A,N/A,15,1,0,1,4,2,0,0%,TRUE,FALSE,FALSE,N/A,N/A,FALSE,FALSE,FALSE,TRUE,TRUE,TRUE,FALSE,FALSE,TRUE,TRUE,TRUE,FALSE,FALSE,FALSE,FALSE,FALSE,TRUE,TRUE,FALSE,FALSE,FALSE,FALSE,FALSE,1628
,Chainmail Leggings,chainmail_leggings,FALSE,FALSE,FALSE,1,TRUE,TRUE,FALSE,FALSE,FALSE,225,N/A,0.1,12,1,0,1,4,4,0,0%,TRUE,FALSE,FALSE,N/A,N/A,FALSE,FALSE,FALSE,TRUE,TRUE,TRUE,FALSE,FALSE,TRUE,TRUE,TRUE,FALSE,TRUE,FALSE,TRUE,FALSE,TRUE,FALSE,TRUE,FALSE,FALSE,FALSE,FALSE,1629
,Iron Leggings,iron_leggings,FALSE,FALSE,FALSE,1,TRUE,TRUE,FALSE,FALSE,FALSE,225,N/A,0.1,9,1,0,1,4,5,0,0%,TRUE,FALSE,FALSE,N/A,N/A,FALSE,FALSE,FALSE,TRUE,TRUE,TRUE,FALSE,FALSE,TRUE,TRUE,TRUE,FALSE,TRUE,FALSE,TRUE,FALSE,TRUE,TRUE,FALSE,FALSE,FALSE,FALSE,FALSE,1630
,Golden Leggings,golden_leggings,FALSE,FALSE,FALSE,1,TRUE,TRUE,FALSE,FALSE,FALSE,105,N/A,0.1,25,1,0,1,4,3,0,0%,TRUE,FALSE,FALSE,N/A,N/A,FALSE,FALSE,FALSE,TRUE,TRUE,FALSE,FALSE,FALSE,TRUE,TRUE,TRUE,FALSE,TRUE,FALSE,TRUE,FALSE,TRUE,TRUE,FALSE,FALSE,FALSE,FALSE,FALSE,1631
,Diamond Leggings,diamond_leggings,FALSE,FALSE,FALSE,1,TRUE,TRUE,FALSE,FALSE,FALSE,495,N/A,N/A,10,1,0,1,4,6,2,0%,TRUE,FALSE,FALSE,N/A,N/A,FALSE,FALSE,FALSE,TRUE,TRUE,TRUE,FALSE,FALSE,TRUE,TRUE,TRUE,FALSE,FALSE,FALSE,FALSE,FALSE,TRUE,TRUE,FALSE,FALSE,FALSE,FALSE,FALSE,1632
,Netherite Leggings,netherite_leggings,FALSE,FALSE,FALSE,1,FALSE,FALSE,FALSE,FALSE,FALSE,555,N/A,N/A,15,1,0,1,4,6,3,10%,TRUE,FALSE,FALSE,N/A,N/A,TRUE,FALSE,FALSE,TRUE,TRUE,FALSE,FALSE,FALSE,TRUE,TRUE,TRUE,FALSE,FALSE,FALSE,FALSE,FALSE,TRUE,TRUE,FALSE,FALSE,FALSE,FALSE,FALSE,1633
,Leather Boots,leather_boots,FALSE,FALSE,FALSE,1,TRUE,TRUE,FALSE,FALSE,FALSE,65,N/A,N/A,15,1,0,1,4,1,0,0%,TRUE,FALSE,FALSE,N/A,N/A,FALSE,FALSE,FALSE,TRUE,TRUE,TRUE,FALSE,FALSE,TRUE,TRUE,TRUE,FALSE,FALSE,FALSE,FALSE,FALSE,TRUE,TRUE,FALSE,FALSE,FALSE,FALSE,FALSE,1634
,Chainmail Boots,chainmail_boots,FALSE,FALSE,FALSE,1,TRUE,TRUE,FALSE,FALSE,FALSE,195,N/A,0.1,12,1,0,1,4,1,0,0%,TRUE,FALSE,FALSE,N/A,N/A,FALSE,FALSE,FALSE,TRUE,TRUE,TRUE,FALSE,FALSE,TRUE,TRUE,TRUE,FALSE,TRUE,FALSE,TRUE,FALSE,TRUE,FALSE,TRUE,FALSE,FALSE,FALSE,FALSE,1635
,Iron Boots,iron_boots,FALSE,FALSE,FALSE,1,TRUE,TRUE,FALSE,FALSE,FALSE,195,N/A,0.1,9,1,0,1,4,2,0,0%,TRUE,FALSE,FALSE,N/A,N/A,FALSE,FALSE,FALSE,TRUE,TRUE,TRUE,FALSE,FALSE,TRUE,TRUE,TRUE,FALSE,TRUE,FALSE,TRUE,FALSE,TRUE,TRUE,FALSE,FALSE,FALSE,FALSE,FALSE,1636
,Golden Boots,golden_boots,FALSE,FALSE,FALSE,1,TRUE,TRUE,FALSE,FALSE,FALSE,91,N/A,0.1,25,1,0,1,4,1,0,0%,TRUE,FALSE,FALSE,N/A,N/A,FALSE,FALSE,FALSE,TRUE,TRUE,FALSE,FALSE,FALSE,TRUE,TRUE,TRUE,FALSE,TRUE,FALSE,TRUE,FALSE,TRUE,TRUE,FALSE,FALSE,FALSE,FALSE,FALSE,1637
,Diamond Boots,diamond_boots,FALSE,FALSE,FALSE,1,TRUE,TRUE,FALSE,FALSE,FALSE,429,N/A,N/A,10,1,0,1,4,3,2,0%,TRUE,FALSE,FALSE,N/A,N/A,FALSE,FALSE,FALSE,TRUE,TRUE,TRUE,FALSE,FALSE,TRUE,TRUE,TRUE,FALSE,FALSE,FALSE,FALSE,FALSE,TRUE,TRUE,FALSE,FALSE,FALSE,FALSE,FALSE,1638
,Netherite Boots,netherite_boots,FALSE,FALSE,FALSE,1,FALSE,FALSE,FALSE,FALSE,FALSE,481,N/A,N/A,15,1,0,1,4,3,3,10%,TRUE,FALSE,FALSE,N/A,N/A,TRUE,FALSE,FALSE,TRUE,TRUE,FALSE,FALSE,FALSE,TRUE,TRUE,TRUE,FALSE,FALSE,FALSE,FALSE,FALSE,TRUE,TRUE,FALSE,FALSE,FALSE,FALSE,FALSE,1639
,Debug Stick,debug_stick,TRUE,TRUE,FALSE,1,FALSE,FALSE,FALSE,FALSE,FALSE,N/A,N/A,N/A,N/A,1,0,1,4,N/A,N/A,N/A,FALSE,FALSE,FALSE,N/A,N/A,FALSE,FALSE,FALSE,FALSE,FALSE,FALSE,FALSE,FALSE,FALSE,FALSE,FALSE,FALSE,FALSE,FALSE,FALSE,FALSE,TRUE,FALSE,FALSE,FALSE,TRUE,FALSE,FALSE,1640
,Command Block,command_block,TRUE,TRUE,FALSE,64,FALSE,FALSE,FALSE,TRUE,FALSE,N/A,N/A,N/A,N/A,1,0,1,4,N/A,N/A,N/A,FALSE,FALSE,FALSE,N/A,N/A,FALSE,FALSE,FALSE,FALSE,FALSE,FALSE,FALSE,FALSE,FALSE,FALSE,FALSE,FALSE,FALSE,FALSE,FALSE,FALSE,TRUE,FALSE,FALSE,FALSE,TRUE,FALSE,FALSE,1641
,Chain Command Block,chain_command_block,TRUE,TRUE,FALSE,64,FALSE,FALSE,FALSE,TRUE,FALSE,N/A,N/A,N/A,N/A,1,0,1,4,N/A,N/A,N/A,FALSE,FALSE,FALSE,N/A,N/A,FALSE,FALSE,FALSE,FALSE,FALSE,FALSE,FALSE,FALSE,FALSE,FALSE,FALSE,FALSE,FALSE,FALSE,FALSE,FALSE,TRUE,FALSE,FALSE,FALSE,TRUE,FALSE,FALSE,1642
,Repeating Command Block,repeating_command_block,TRUE,TRUE,FALSE,64,FALSE,FALSE,FALSE,TRUE,FALSE,N/A,N/A,N/A,N/A,1,0,1,4,N/A,N/A,N/A,FALSE,FALSE,FALSE,N/A,N/A,FALSE,FALSE,FALSE,FALSE,FALSE,FALSE,FALSE,FALSE,FALSE,FALSE,FALSE,FALSE,FALSE,FALSE,FALSE,FALSE,TRUE,FALSE,FALSE,FALSE,TRUE,FALSE,FALSE,1643
,Structure Block,structure_block,TRUE,TRUE,FALSE,64,FALSE,FALSE,FALSE,TRUE,FALSE,N/A,N/A,N/A,N/A,1,0,1,4,N/A,N/A,N/A,FALSE,FALSE,FALSE,N/A,N/A,FALSE,FALSE,FALSE,FALSE,FALSE,FALSE,FALSE,FALSE,FALSE,FALSE,FALSE,FALSE,FALSE,FALSE,FALSE,FALSE,TRUE,FALSE,FALSE,FALSE,TRUE,FALSE,FALSE,1644
,Jigsaw Block,jigsaw,TRUE,TRUE,FALSE,64,FALSE,FALSE,FALSE,TRUE,FALSE,N/A,N/A,N/A,N/A,1,0,1,4,N/A,N/A,N/A,FALSE,FALSE,FALSE,N/A,N/A,FALSE,FALSE,FALSE,FALSE,FALSE,FALSE,FALSE,FALSE,FALSE,FALSE,FALSE,FALSE,FALSE,FALSE,FALSE,FALSE,TRUE,FALSE,FALSE,FALSE,TRUE,FALSE,FALSE,1645
,Structure Void,structure_void,TRUE,TRUE,FALSE,64,FALSE,FALSE,FALSE,TRUE,FALSE,N/A,N/A,N/A,N/A,1,0,1,4,N/A,N/A,N/A,FALSE,FALSE,FALSE,N/A,N/A,FALSE,FALSE,FALSE,FALSE,FALSE,FALSE,FALSE,FALSE,FALSE,FALSE,FALSE,FALSE,FALSE,FALSE,FALSE,FALSE,TRUE,FALSE,FALSE,FALSE,TRUE,TRUE,FALSE,1646
,Barrier,barrier,TRUE,TRUE,FALSE,64,FALSE,FALSE,FALSE,TRUE,FALSE,N/A,N/A,N/A,N/A,1,0,1,4,N/A,N/A,N/A,FALSE,FALSE,FALSE,N/A,N/A,FALSE,FALSE,FALSE,FALSE,FALSE,FALSE,FALSE,FALSE,FALSE,FALSE,FALSE,FALSE,FALSE,FALSE,FALSE,FALSE,TRUE,FALSE,FALSE,FALSE,TRUE,TRUE,FALSE,1647
,Light (0),"light[block_state={level:""0""}]",TRUE,TRUE,FALSE,64,FALSE,FALSE,FALSE,TRUE,FALSE,N/A,N/A,N/A,N/A,1,0,1,4,N/A,N/A,N/A,FALSE,FALSE,FALSE,N/A,N/A,FALSE,FALSE,FALSE,FALSE,FALSE,FALSE,FALSE,FALSE,FALSE,FALSE,FALSE,FALSE,FALSE,FALSE,FALSE,FALSE,TRUE,FALSE,FALSE,FALSE,TRUE,TRUE,TRUE,1648
,Light (1),"light[block_state={level:""1""}]",TRUE,TRUE,FALSE,64,FALSE,FALSE,FALSE,TRUE,FALSE,N/A,N/A,N/A,N/A,1,0,1,4,N/A,N/A,N/A,FALSE,FALSE,FALSE,N/A,N/A,FALSE,FALSE,FALSE,FALSE,FALSE,FALSE,FALSE,FALSE,FALSE,FALSE,FALSE,FALSE,FALSE,FALSE,FALSE,FALSE,TRUE,FALSE,FALSE,FALSE,TRUE,TRUE,TRUE,1649
,Light (2),"light[block_state={level:""2""}]",TRUE,TRUE,FALSE,64,FALSE,FALSE,FALSE,TRUE,FALSE,N/A,N/A,N/A,N/A,1,0,1,4,N/A,N/A,N/A,FALSE,FALSE,FALSE,N/A,N/A,FALSE,FALSE,FALSE,FALSE,FALSE,FALSE,FALSE,FALSE,FALSE,FALSE,FALSE,FALSE,FALSE,FALSE,FALSE,FALSE,TRUE,FALSE,FALSE,FALSE,TRUE,TRUE,TRUE,1650
,Light (3),"light[block_state={level:""3""}]",TRUE,TRUE,FALSE,64,FALSE,FALSE,FALSE,TRUE,FALSE,N/A,N/A,N/A,N/A,1,0,1,4,N/A,N/A,N/A,FALSE,FALSE,FALSE,N/A,N/A,FALSE,FALSE,FALSE,FALSE,FALSE,FALSE,FALSE,FALSE,FALSE,FALSE,FALSE,FALSE,FALSE,FALSE,FALSE,FALSE,TRUE,FALSE,FALSE,FALSE,TRUE,TRUE,TRUE,1651
,Light (4),"light[block_state={level:""4""}]",TRUE,TRUE,FALSE,64,FALSE,FALSE,FALSE,TRUE,FALSE,N/A,N/A,N/A,N/A,1,0,1,4,N/A,N/A,N/A,FALSE,FALSE,FALSE,N/A,N/A,FALSE,FALSE,FALSE,FALSE,FALSE,FALSE,FALSE,FALSE,FALSE,FALSE,FALSE,FALSE,FALSE,FALSE,FALSE,FALSE,TRUE,FALSE,FALSE,FALSE,TRUE,TRUE,TRUE,1652
,Light (5),"light[block_state={level:""5""}]",TRUE,TRUE,FALSE,64,FALSE,FALSE,FALSE,TRUE,FALSE,N/A,N/A,N/A,N/A,1,0,1,4,N/A,N/A,N/A,FALSE,FALSE,FALSE,N/A,N/A,FALSE,FALSE,FALSE,FALSE,FALSE,FALSE,FALSE,FALSE,FALSE,FALSE,FALSE,FALSE,FALSE,FALSE,FALSE,FALSE,TRUE,FALSE,FALSE,FALSE,TRUE,TRUE,TRUE,1653
,Light (6),"light[block_state={level:""6""}]",TRUE,TRUE,FALSE,64,FALSE,FALSE,FALSE,TRUE,FALSE,N/A,N/A,N/A,N/A,1,0,1,4,N/A,N/A,N/A,FALSE,FALSE,FALSE,N/A,N/A,FALSE,FALSE,FALSE,FALSE,FALSE,FALSE,FALSE,FALSE,FALSE,FALSE,FALSE,FALSE,FALSE,FALSE,FALSE,FALSE,TRUE,FALSE,FALSE,FALSE,TRUE,TRUE,TRUE,1654
,Light (7),"light[block_state={level:""7""}]",TRUE,TRUE,FALSE,64,FALSE,FALSE,FALSE,TRUE,FALSE,N/A,N/A,N/A,N/A,1,0,1,4,N/A,N/A,N/A,FALSE,FALSE,FALSE,N/A,N/A,FALSE,FALSE,FALSE,FALSE,FALSE,FALSE,FALSE,FALSE,FALSE,FALSE,FALSE,FALSE,FALSE,FALSE,FALSE,FALSE,TRUE,FALSE,FALSE,FALSE,TRUE,TRUE,TRUE,1655
,Light (8),"light[block_state={level:""8""}]",TRUE,TRUE,FALSE,64,FALSE,FALSE,FALSE,TRUE,FALSE,N/A,N/A,N/A,N/A,1,0,1,4,N/A,N/A,N/A,FALSE,FALSE,FALSE,N/A,N/A,FALSE,FALSE,FALSE,FALSE,FALSE,FALSE,FALSE,FALSE,FALSE,FALSE,FALSE,FALSE,FALSE,FALSE,FALSE,FALSE,TRUE,FALSE,FALSE,FALSE,TRUE,TRUE,TRUE,1656
,Light (9),"light[block_state={level:""9""}]",TRUE,TRUE,FALSE,64,FALSE,FALSE,FALSE,TRUE,FALSE,N/A,N/A,N/A,N/A,1,0,1,4,N/A,N/A,N/A,FALSE,FALSE,FALSE,N/A,N/A,FALSE,FALSE,FALSE,FALSE,FALSE,FALSE,FALSE,FALSE,FALSE,FALSE,FALSE,FALSE,FALSE,FALSE,FALSE,FALSE,TRUE,FALSE,FALSE,FALSE,TRUE,TRUE,TRUE,1657
,Light (10),"light[block_state={level:""10""}]",TRUE,TRUE,FALSE,64,FALSE,FALSE,FALSE,TRUE,FALSE,N/A,N/A,N/A,N/A,1,0,1,4,N/A,N/A,N/A,FALSE,FALSE,FALSE,N/A,N/A,FALSE,FALSE,FALSE,FALSE,FALSE,FALSE,FALSE,FALSE,FALSE,FALSE,FALSE,FALSE,FALSE,FALSE,FALSE,FALSE,TRUE,FALSE,FALSE,FALSE,TRUE,TRUE,TRUE,1658
,Light (11),"light[block_state={level:""11""}]",TRUE,TRUE,FALSE,64,FALSE,FALSE,FALSE,TRUE,FALSE,N/A,N/A,N/A,N/A,1,0,1,4,N/A,N/A,N/A,FALSE,FALSE,FALSE,N/A,N/A,FALSE,FALSE,FALSE,FALSE,FALSE,FALSE,FALSE,FALSE,FALSE,FALSE,FALSE,FALSE,FALSE,FALSE,FALSE,FALSE,TRUE,FALSE,FALSE,FALSE,TRUE,TRUE,TRUE,1659
,Light (12),"light[block_state={level:""12""}]",TRUE,TRUE,FALSE,64,FALSE,FALSE,FALSE,TRUE,FALSE,N/A,N/A,N/A,N/A,1,0,1,4,N/A,N/A,N/A,FALSE,FALSE,FALSE,N/A,N/A,FALSE,FALSE,FALSE,FALSE,FALSE,FALSE,FALSE,FALSE,FALSE,FALSE,FALSE,FALSE,FALSE,FALSE,FALSE,FALSE,TRUE,FALSE,FALSE,FALSE,TRUE,TRUE,TRUE,1660
,Light (13),"light[block_state={level:""13""}]",TRUE,TRUE,FALSE,64,FALSE,FALSE,FALSE,TRUE,FALSE,N/A,N/A,N/A,N/A,1,0,1,4,N/A,N/A,N/A,FALSE,FALSE,FALSE,N/A,N/A,FALSE,FALSE,FALSE,FALSE,FALSE,FALSE,FALSE,FALSE,FALSE,FALSE,FALSE,FALSE,FALSE,FALSE,FALSE,FALSE,TRUE,FALSE,FALSE,FALSE,TRUE,TRUE,TRUE,1661
,Light (14),"light[block_state={level:""14""}]",TRUE,TRUE,FALSE,64,FALSE,FALSE,FALSE,TRUE,FALSE,N/A,N/A,N/A,N/A,1,0,1,4,N/A,N/A,N/A,FALSE,FALSE,FALSE,N/A,N/A,FALSE,FALSE,FALSE,FALSE,FALSE,FALSE,FALSE,FALSE,FALSE,FALSE,FALSE,FALSE,FALSE,FALSE,FALSE,FALSE,TRUE,FALSE,FALSE,FALSE,TRUE,TRUE,TRUE,1662
,Light (15),light,TRUE,TRUE,FALSE,64,FALSE,FALSE,FALSE,TRUE,FALSE,N/A,N/A,N/A,N/A,1,0,1,4,N/A,N/A,N/A,FALSE,FALSE,FALSE,N/A,N/A,FALSE,FALSE,FALSE,FALSE,FALSE,FALSE,FALSE,FALSE,FALSE,FALSE,FALSE,FALSE,FALSE,FALSE,FALSE,FALSE,TRUE,FALSE,FALSE,FALSE,TRUE,TRUE,FALSE,1663
,Bedrock,bedrock,TRUE,FALSE,FALSE,64,FALSE,FALSE,FALSE,TRUE,FALSE,N/A,N/A,N/A,N/A,1,0,1,4,N/A,N/A,N/A,FALSE,FALSE,FALSE,N/A,N/A,FALSE,FALSE,FALSE,FALSE,FALSE,FALSE,FALSE,FALSE,FALSE,FALSE,FALSE,FALSE,FALSE,FALSE,FALSE,FALSE,TRUE,TRUE,FALSE,FALSE,FALSE,FALSE,FALSE,1664
,End Portal Frame,end_portal_frame,TRUE,FALSE,FALSE,64,FALSE,FALSE,FALSE,TRUE,FALSE,N/A,N/A,N/A,N/A,1,0,1,4,N/A,N/A,N/A,FALSE,FALSE,FALSE,N/A,N/A,FALSE,FALSE,FALSE,FALSE,FALSE,FALSE,FALSE,FALSE,FALSE,FALSE,FALSE,FALSE,FALSE,FALSE,FALSE,FALSE,TRUE,TRUE,FALSE,FALSE,FALSE,FALSE,FALSE,1665
,Monster Spawner,spawner,TRUE,FALSE,FALSE,64,FALSE,FALSE,FALSE,TRUE,FALSE,N/A,N/A,N/A,N/A,1,0,1,4,N/A,N/A,N/A,FALSE,FALSE,FALSE,N/A,N/A,FALSE,FALSE,FALSE,FALSE,FALSE,FALSE,FALSE,FALSE,FALSE,FALSE,FALSE,FALSE,FALSE,FALSE,FALSE,FALSE,TRUE,TRUE,FALSE,FALSE,FALSE,FALSE,FALSE,1666
,Allay Spawn Egg,allay_spawn_egg,TRUE,FALSE,FALSE,64,FALSE,FALSE,FALSE,FALSE,FALSE,N/A,N/A,N/A,N/A,1,0,1,4,N/A,N/A,N/A,FALSE,FALSE,FALSE,N/A,N/A,FALSE,FALSE,FALSE,TRUE,FALSE,FALSE,FALSE,FALSE,FALSE,FALSE,FALSE,FALSE,FALSE,FALSE,FALSE,FALSE,TRUE,TRUE,FALSE,FALSE,FALSE,FALSE,FALSE,1667
,Armadillo Spawn Egg,armadillo_spawn_egg,TRUE,FALSE,FALSE,64,FALSE,FALSE,FALSE,FALSE,FALSE,N/A,N/A,N/A,N/A,1,0,1,4,N/A,N/A,N/A,FALSE,FALSE,FALSE,N/A,N/A,FALSE,FALSE,FALSE,TRUE,FALSE,FALSE,FALSE,FALSE,FALSE,FALSE,FALSE,FALSE,FALSE,FALSE,FALSE,FALSE,TRUE,TRUE,FALSE,FALSE,FALSE,FALSE,FALSE,1668
,Axolotl Spawn Egg,axolotl_spawn_egg,TRUE,FALSE,FALSE,64,FALSE,FALSE,FALSE,FALSE,FALSE,N/A,N/A,N/A,N/A,1,0,1,4,N/A,N/A,N/A,FALSE,FALSE,FALSE,N/A,N/A,FALSE,FALSE,FALSE,TRUE,FALSE,FALSE,FALSE,FALSE,FALSE,FALSE,FALSE,FALSE,FALSE,FALSE,FALSE,FALSE,TRUE,TRUE,FALSE,FALSE,FALSE,FALSE,FALSE,1669
,Bat Spawn Egg,bat_spawn_egg,TRUE,FALSE,FALSE,64,FALSE,FALSE,FALSE,FALSE,FALSE,N/A,N/A,N/A,N/A,1,0,1,4,N/A,N/A,N/A,FALSE,FALSE,FALSE,N/A,N/A,FALSE,FALSE,FALSE,TRUE,FALSE,FALSE,FALSE,FALSE,FALSE,FALSE,FALSE,FALSE,FALSE,FALSE,FALSE,FALSE,TRUE,TRUE,FALSE,FALSE,FALSE,FALSE,FALSE,1670
,Bee Spawn Egg,bee_spawn_egg,TRUE,FALSE,FALSE,64,FALSE,FALSE,FALSE,FALSE,FALSE,N/A,N/A,N/A,N/A,1,0,1,4,N/A,N/A,N/A,FALSE,FALSE,FALSE,N/A,N/A,FALSE,FALSE,FALSE,TRUE,FALSE,FALSE,FALSE,FALSE,FALSE,FALSE,FALSE,FALSE,FALSE,FALSE,FALSE,FALSE,TRUE,TRUE,FALSE,FALSE,FALSE,FALSE,FALSE,1671
,Blaze Spawn Egg,blaze_spawn_egg,TRUE,FALSE,FALSE,64,FALSE,FALSE,FALSE,FALSE,FALSE,N/A,N/A,N/A,N/A,1,0,1,4,N/A,N/A,N/A,FALSE,FALSE,FALSE,N/A,N/A,FALSE,FALSE,FALSE,TRUE,FALSE,FALSE,FALSE,FALSE,FALSE,FALSE,FALSE,FALSE,FALSE,FALSE,FALSE,FALSE,TRUE,TRUE,FALSE,FALSE,FALSE,FALSE,FALSE,1672
,Bogged Spawn Egg,bogged_spawn_egg,TRUE,FALSE,FALSE,64,FALSE,FALSE,FALSE,FALSE,FALSE,N/A,N/A,N/A,N/A,1,0,1,4,N/A,N/A,N/A,FALSE,FALSE,FALSE,N/A,N/A,FALSE,FALSE,FALSE,TRUE,FALSE,FALSE,FALSE,FALSE,FALSE,FALSE,FALSE,FALSE,FALSE,FALSE,FALSE,FALSE,TRUE,TRUE,FALSE,FALSE,FALSE,FALSE,FALSE,1673
,Breeze Spawn Egg,breeze_spawn_egg,TRUE,FALSE,FALSE,64,FALSE,FALSE,FALSE,FALSE,FALSE,N/A,N/A,N/A,N/A,1,0,1,4,N/A,N/A,N/A,FALSE,FALSE,FALSE,N/A,N/A,FALSE,FALSE,FALSE,TRUE,FALSE,FALSE,FALSE,FALSE,FALSE,FALSE,FALSE,FALSE,FALSE,FALSE,FALSE,FALSE,TRUE,TRUE,FALSE,FALSE,FALSE,FALSE,FALSE,1674
,Camel Spawn Egg,camel_spawn_egg,TRUE,FALSE,FALSE,64,FALSE,FALSE,FALSE,FALSE,FALSE,N/A,N/A,N/A,N/A,1,0,1,4,N/A,N/A,N/A,FALSE,FALSE,FALSE,N/A,N/A,FALSE,FALSE,FALSE,TRUE,FALSE,FALSE,FALSE,FALSE,FALSE,FALSE,FALSE,FALSE,FALSE,FALSE,FALSE,FALSE,TRUE,TRUE,FALSE,FALSE,FALSE,FALSE,FALSE,1675
,Cat Spawn Egg,cat_spawn_egg,TRUE,FALSE,FALSE,64,FALSE,FALSE,FALSE,FALSE,FALSE,N/A,N/A,N/A,N/A,1,0,1,4,N/A,N/A,N/A,FALSE,FALSE,FALSE,N/A,N/A,FALSE,FALSE,FALSE,TRUE,FALSE,FALSE,FALSE,FALSE,FALSE,FALSE,FALSE,FALSE,FALSE,FALSE,FALSE,FALSE,TRUE,TRUE,FALSE,FALSE,FALSE,FALSE,FALSE,1676
,Cave Spider Spawn Egg,cave_spider_spawn_egg,TRUE,FALSE,FALSE,64,FALSE,FALSE,FALSE,FALSE,FALSE,N/A,N/A,N/A,N/A,1,0,1,4,N/A,N/A,N/A,FALSE,FALSE,FALSE,N/A,N/A,FALSE,FALSE,FALSE,TRUE,FALSE,FALSE,FALSE,FALSE,FALSE,FALSE,FALSE,FALSE,FALSE,FALSE,FALSE,FALSE,TRUE,TRUE,FALSE,FALSE,FALSE,FALSE,FALSE,1677
,Chicken Spawn Egg,chicken_spawn_egg,TRUE,FALSE,FALSE,64,FALSE,FALSE,FALSE,FALSE,FALSE,N/A,N/A,N/A,N/A,1,0,1,4,N/A,N/A,N/A,FALSE,FALSE,FALSE,N/A,N/A,FALSE,FALSE,FALSE,TRUE,FALSE,FALSE,FALSE,FALSE,FALSE,FALSE,FALSE,FALSE,FALSE,FALSE,FALSE,FALSE,TRUE,TRUE,FALSE,FALSE,FALSE,FALSE,FALSE,1678
,Cod Spawn Egg,cod_spawn_egg,TRUE,FALSE,FALSE,64,FALSE,FALSE,FALSE,FALSE,FALSE,N/A,N/A,N/A,N/A,1,0,1,4,N/A,N/A,N/A,FALSE,FALSE,FALSE,N/A,N/A,FALSE,FALSE,FALSE,TRUE,FALSE,FALSE,FALSE,FALSE,FALSE,FALSE,FALSE,FALSE,FALSE,FALSE,FALSE,FALSE,TRUE,TRUE,FALSE,FALSE,FALSE,FALSE,FALSE,1679
,Cow Spawn Egg,cow_spawn_egg,TRUE,FALSE,FALSE,64,FALSE,FALSE,FALSE,FALSE,FALSE,N/A,N/A,N/A,N/A,1,0,1,4,N/A,N/A,N/A,FALSE,FALSE,FALSE,N/A,N/A,FALSE,FALSE,FALSE,TRUE,FALSE,FALSE,FALSE,FALSE,FALSE,FALSE,FALSE,FALSE,FALSE,FALSE,FALSE,FALSE,TRUE,TRUE,FALSE,FALSE,FALSE,FALSE,FALSE,1680
,Creeper Spawn Egg,creeper_spawn_egg,TRUE,FALSE,FALSE,64,FALSE,FALSE,FALSE,FALSE,FALSE,N/A,N/A,N/A,N/A,1,0,1,4,N/A,N/A,N/A,FALSE,FALSE,FALSE,N/A,N/A,FALSE,FALSE,FALSE,TRUE,FALSE,FALSE,FALSE,FALSE,FALSE,FALSE,FALSE,FALSE,FALSE,FALSE,FALSE,FALSE,TRUE,TRUE,FALSE,FALSE,FALSE,FALSE,FALSE,1681
,Dolphin Spawn Egg,dolphin_spawn_egg,TRUE,FALSE,FALSE,64,FALSE,FALSE,FALSE,FALSE,FALSE,N/A,N/A,N/A,N/A,1,0,1,4,N/A,N/A,N/A,FALSE,FALSE,FALSE,N/A,N/A,FALSE,FALSE,FALSE,TRUE,FALSE,FALSE,FALSE,FALSE,FALSE,FALSE,FALSE,FALSE,FALSE,FALSE,FALSE,FALSE,TRUE,TRUE,FALSE,FALSE,FALSE,FALSE,FALSE,1682
,Donkey Spawn Egg,donkey_spawn_egg,TRUE,FALSE,FALSE,64,FALSE,FALSE,FALSE,FALSE,FALSE,N/A,N/A,N/A,N/A,1,0,1,4,N/A,N/A,N/A,FALSE,FALSE,FALSE,N/A,N/A,FALSE,FALSE,FALSE,TRUE,FALSE,FALSE,FALSE,FALSE,FALSE,FALSE,FALSE,FALSE,FALSE,FALSE,FALSE,FALSE,TRUE,TRUE,FALSE,FALSE,FALSE,FALSE,FALSE,1683
,Drowned Spawn Egg,drowned_spawn_egg,TRUE,FALSE,FALSE,64,FALSE,FALSE,FALSE,FALSE,FALSE,N/A,N/A,N/A,N/A,1,0,1,4,N/A,N/A,N/A,FALSE,FALSE,FALSE,N/A,N/A,FALSE,FALSE,FALSE,TRUE,FALSE,FALSE,FALSE,FALSE,FALSE,FALSE,FALSE,FALSE,FALSE,FALSE,FALSE,FALSE,TRUE,TRUE,FALSE,FALSE,FALSE,FALSE,FALSE,1684
,Elder Guardian Spawn Egg,elder_guardian_spawn_egg,TRUE,FALSE,FALSE,64,FALSE,FALSE,FALSE,FALSE,FALSE,N/A,N/A,N/A,N/A,1,0,1,4,N/A,N/A,N/A,FALSE,FALSE,FALSE,N/A,N/A,FALSE,FALSE,FALSE,TRUE,FALSE,FALSE,FALSE,FALSE,FALSE,FALSE,FALSE,FALSE,FALSE,FALSE,FALSE,FALSE,TRUE,TRUE,FALSE,FALSE,FALSE,FALSE,FALSE,1685
,Ender Dragon Spawn Egg,ender_dragon_spawn_egg,TRUE,TRUE,TRUE,64,FALSE,FALSE,FALSE,FALSE,FALSE,N/A,N/A,N/A,N/A,1,0,1,4,N/A,N/A,N/A,FALSE,FALSE,FALSE,N/A,N/A,FALSE,FALSE,FALSE,TRUE,FALSE,FALSE,FALSE,FALSE,FALSE,FALSE,FALSE,FALSE,FALSE,FALSE,FALSE,FALSE,TRUE,TRUE,FALSE,FALSE,FALSE,FALSE,FALSE,1686
,Enderman Spawn Egg,enderman_spawn_egg,TRUE,FALSE,FALSE,64,FALSE,FALSE,FALSE,FALSE,FALSE,N/A,N/A,N/A,N/A,1,0,1,4,N/A,N/A,N/A,FALSE,FALSE,FALSE,N/A,N/A,FALSE,FALSE,FALSE,TRUE,FALSE,FALSE,FALSE,FALSE,FALSE,FALSE,FALSE,FALSE,FALSE,FALSE,FALSE,FALSE,TRUE,TRUE,FALSE,FALSE,FALSE,FALSE,FALSE,1687
,Endermite Spawn Egg,endermite_spawn_egg,TRUE,FALSE,FALSE,64,FALSE,FALSE,FALSE,FALSE,FALSE,N/A,N/A,N/A,N/A,1,0,1,4,N/A,N/A,N/A,FALSE,FALSE,FALSE,N/A,N/A,FALSE,FALSE,FALSE,TRUE,FALSE,FALSE,FALSE,FALSE,FALSE,FALSE,FALSE,FALSE,FALSE,FALSE,FALSE,FALSE,TRUE,TRUE,FALSE,FALSE,FALSE,FALSE,FALSE,1688
,Evoker Spawn Egg,evoker_spawn_egg,TRUE,FALSE,FALSE,64,FALSE,FALSE,FALSE,FALSE,FALSE,N/A,N/A,N/A,N/A,1,0,1,4,N/A,N/A,N/A,FALSE,FALSE,FALSE,N/A,N/A,FALSE,FALSE,FALSE,TRUE,FALSE,FALSE,FALSE,FALSE,FALSE,FALSE,FALSE,FALSE,FALSE,FALSE,FALSE,FALSE,TRUE,TRUE,FALSE,FALSE,FALSE,FALSE,FALSE,1689
,Fox Spawn Egg,fox_spawn_egg,TRUE,FALSE,FALSE,64,FALSE,FALSE,FALSE,FALSE,FALSE,N/A,N/A,N/A,N/A,1,0,1,4,N/A,N/A,N/A,FALSE,FALSE,FALSE,N/A,N/A,FALSE,FALSE,FALSE,TRUE,FALSE,FALSE,FALSE,FALSE,FALSE,FALSE,FALSE,FALSE,FALSE,FALSE,FALSE,FALSE,TRUE,TRUE,FALSE,FALSE,FALSE,FALSE,FALSE,1690
,Frog Spawn Egg,frog_spawn_egg,TRUE,FALSE,FALSE,64,FALSE,FALSE,FALSE,FALSE,FALSE,N/A,N/A,N/A,N/A,1,0,1,4,N/A,N/A,N/A,FALSE,FALSE,FALSE,N/A,N/A,FALSE,FALSE,FALSE,TRUE,FALSE,FALSE,FALSE,FALSE,FALSE,FALSE,FALSE,FALSE,FALSE,FALSE,FALSE,FALSE,TRUE,TRUE,FALSE,FALSE,FALSE,FALSE,FALSE,1691
,Ghast Spawn Egg,ghast_spawn_egg,TRUE,FALSE,FALSE,64,FALSE,FALSE,FALSE,FALSE,FALSE,N/A,N/A,N/A,N/A,1,0,1,4,N/A,N/A,N/A,FALSE,FALSE,FALSE,N/A,N/A,FALSE,FALSE,FALSE,TRUE,FALSE,FALSE,FALSE,FALSE,FALSE,FALSE,FALSE,FALSE,FALSE,FALSE,FALSE,FALSE,TRUE,TRUE,FALSE,FALSE,FALSE,FALSE,FALSE,1692
,Glow Squid Spawn Egg,glow_squid_spawn_egg,TRUE,FALSE,FALSE,64,FALSE,FALSE,FALSE,FALSE,FALSE,N/A,N/A,N/A,N/A,1,0,1,4,N/A,N/A,N/A,FALSE,FALSE,FALSE,N/A,N/A,FALSE,FALSE,FALSE,TRUE,FALSE,FALSE,FALSE,FALSE,FALSE,FALSE,FALSE,FALSE,FALSE,FALSE,FALSE,FALSE,TRUE,TRUE,FALSE,FALSE,FALSE,FALSE,FALSE,1693
,Goat Spawn Egg,goat_spawn_egg,TRUE,FALSE,FALSE,64,FALSE,FALSE,FALSE,FALSE,FALSE,N/A,N/A,N/A,N/A,1,0,1,4,N/A,N/A,N/A,FALSE,FALSE,FALSE,N/A,N/A,FALSE,FALSE,FALSE,TRUE,FALSE,FALSE,FALSE,FALSE,FALSE,FALSE,FALSE,FALSE,FALSE,FALSE,FALSE,FALSE,TRUE,TRUE,FALSE,FALSE,FALSE,FALSE,FALSE,1694
,Guardian Spawn Egg,guardian_spawn_egg,TRUE,FALSE,FALSE,64,FALSE,FALSE,FALSE,FALSE,FALSE,N/A,N/A,N/A,N/A,1,0,1,4,N/A,N/A,N/A,FALSE,FALSE,FALSE,N/A,N/A,FALSE,FALSE,FALSE,TRUE,FALSE,FALSE,FALSE,FALSE,FALSE,FALSE,FALSE,FALSE,FALSE,FALSE,FALSE,FALSE,TRUE,TRUE,FALSE,FALSE,FALSE,FALSE,FALSE,1695
,Hoglin Spawn Egg,hoglin_spawn_egg,TRUE,FALSE,FALSE,64,FALSE,FALSE,FALSE,FALSE,FALSE,N/A,N/A,N/A,N/A,1,0,1,4,N/A,N/A,N/A,FALSE,FALSE,FALSE,N/A,N/A,FALSE,FALSE,FALSE,TRUE,FALSE,FALSE,FALSE,FALSE,FALSE,FALSE,FALSE,FALSE,FALSE,FALSE,FALSE,FALSE,TRUE,TRUE,FALSE,FALSE,FALSE,FALSE,FALSE,1696
,Horse Spawn Egg,horse_spawn_egg,TRUE,FALSE,FALSE,64,FALSE,FALSE,FALSE,FALSE,FALSE,N/A,N/A,N/A,N/A,1,0,1,4,N/A,N/A,N/A,FALSE,FALSE,FALSE,N/A,N/A,FALSE,FALSE,FALSE,TRUE,FALSE,FALSE,FALSE,FALSE,FALSE,FALSE,FALSE,FALSE,FALSE,FALSE,FALSE,FALSE,TRUE,TRUE,FALSE,FALSE,FALSE,FALSE,FALSE,1697
,Husk Spawn Egg,husk_spawn_egg,TRUE,FALSE,FALSE,64,FALSE,FALSE,FALSE,FALSE,FALSE,N/A,N/A,N/A,N/A,1,0,1,4,N/A,N/A,N/A,FALSE,FALSE,FALSE,N/A,N/A,FALSE,FALSE,FALSE,TRUE,FALSE,FALSE,FALSE,FALSE,FALSE,FALSE,FALSE,FALSE,FALSE,FALSE,FALSE,FALSE,TRUE,TRUE,FALSE,FALSE,FALSE,FALSE,FALSE,1698
,Iron Golem Spawn Egg,iron_golem_spawn_egg,TRUE,FALSE,FALSE,64,FALSE,FALSE,FALSE,FALSE,FALSE,N/A,N/A,N/A,N/A,1,0,1,4,N/A,N/A,N/A,FALSE,FALSE,FALSE,N/A,N/A,FALSE,FALSE,FALSE,TRUE,FALSE,FALSE,FALSE,FALSE,FALSE,FALSE,FALSE,FALSE,FALSE,FALSE,FALSE,FALSE,TRUE,TRUE,FALSE,FALSE,FALSE,FALSE,FALSE,1699
,Llama Spawn Egg,llama_spawn_egg,TRUE,FALSE,FALSE,64,FALSE,FALSE,FALSE,FALSE,FALSE,N/A,N/A,N/A,N/A,1,0,1,4,N/A,N/A,N/A,FALSE,FALSE,FALSE,N/A,N/A,FALSE,FALSE,FALSE,TRUE,FALSE,FALSE,FALSE,FALSE,FALSE,FALSE,FALSE,FALSE,FALSE,FALSE,FALSE,FALSE,TRUE,TRUE,FALSE,FALSE,FALSE,FALSE,FALSE,1700
,Magma Cube Spawn Egg,magma_cube_spawn_egg,TRUE,FALSE,FALSE,64,FALSE,FALSE,FALSE,FALSE,FALSE,N/A,N/A,N/A,N/A,1,0,1,4,N/A,N/A,N/A,FALSE,FALSE,FALSE,N/A,N/A,FALSE,FALSE,FALSE,TRUE,FALSE,FALSE,FALSE,FALSE,FALSE,FALSE,FALSE,FALSE,FALSE,FALSE,FALSE,FALSE,TRUE,TRUE,FALSE,FALSE,FALSE,FALSE,FALSE,1701
,Mooshroom Spawn Egg,mooshroom_spawn_egg,TRUE,FALSE,FALSE,64,FALSE,FALSE,FALSE,FALSE,FALSE,N/A,N/A,N/A,N/A,1,0,1,4,N/A,N/A,N/A,FALSE,FALSE,FALSE,N/A,N/A,FALSE,FALSE,FALSE,TRUE,FALSE,FALSE,FALSE,FALSE,FALSE,FALSE,FALSE,FALSE,FALSE,FALSE,FALSE,FALSE,TRUE,TRUE,FALSE,FALSE,FALSE,FALSE,FALSE,1702
,Mule Spawn Egg,mule_spawn_egg,TRUE,FALSE,FALSE,64,FALSE,FALSE,FALSE,FALSE,FALSE,N/A,N/A,N/A,N/A,1,0,1,4,N/A,N/A,N/A,FALSE,FALSE,FALSE,N/A,N/A,FALSE,FALSE,FALSE,TRUE,FALSE,FALSE,FALSE,FALSE,FALSE,FALSE,FALSE,FALSE,FALSE,FALSE,FALSE,FALSE,TRUE,TRUE,FALSE,FALSE,FALSE,FALSE,FALSE,1703
,Ocelot Spawn Egg,ocelot_spawn_egg,TRUE,FALSE,FALSE,64,FALSE,FALSE,FALSE,FALSE,FALSE,N/A,N/A,N/A,N/A,1,0,1,4,N/A,N/A,N/A,FALSE,FALSE,FALSE,N/A,N/A,FALSE,FALSE,FALSE,TRUE,FALSE,FALSE,FALSE,FALSE,FALSE,FALSE,FALSE,FALSE,FALSE,FALSE,FALSE,FALSE,TRUE,TRUE,FALSE,FALSE,FALSE,FALSE,FALSE,1704
,Panda Spawn Egg,panda_spawn_egg,TRUE,FALSE,FALSE,64,FALSE,FALSE,FALSE,FALSE,FALSE,N/A,N/A,N/A,N/A,1,0,1,4,N/A,N/A,N/A,FALSE,FALSE,FALSE,N/A,N/A,FALSE,FALSE,FALSE,TRUE,FALSE,FALSE,FALSE,FALSE,FALSE,FALSE,FALSE,FALSE,FALSE,FALSE,FALSE,FALSE,TRUE,TRUE,FALSE,FALSE,FALSE,FALSE,FALSE,1705
,Parrot Spawn Egg,parrot_spawn_egg,TRUE,FALSE,FALSE,64,FALSE,FALSE,FALSE,FALSE,FALSE,N/A,N/A,N/A,N/A,1,0,1,4,N/A,N/A,N/A,FALSE,FALSE,FALSE,N/A,N/A,FALSE,FALSE,FALSE,TRUE,FALSE,FALSE,FALSE,FALSE,FALSE,FALSE,FALSE,FALSE,FALSE,FALSE,FALSE,FALSE,TRUE,TRUE,FALSE,FALSE,FALSE,FALSE,FALSE,1706
,Phantom Spawn Egg,phantom_spawn_egg,TRUE,FALSE,FALSE,64,FALSE,FALSE,FALSE,FALSE,FALSE,N/A,N/A,N/A,N/A,1,0,1,4,N/A,N/A,N/A,FALSE,FALSE,FALSE,N/A,N/A,FALSE,FALSE,FALSE,TRUE,FALSE,FALSE,FALSE,FALSE,FALSE,FALSE,FALSE,FALSE,FALSE,FALSE,FALSE,FALSE,TRUE,TRUE,FALSE,FALSE,FALSE,FALSE,FALSE,1707
,Pig Spawn Egg,pig_spawn_egg,TRUE,FALSE,FALSE,64,FALSE,FALSE,FALSE,FALSE,FALSE,N/A,N/A,N/A,N/A,1,0,1,4,N/A,N/A,N/A,FALSE,FALSE,FALSE,N/A,N/A,FALSE,FALSE,FALSE,TRUE,FALSE,FALSE,FALSE,FALSE,FALSE,FALSE,FALSE,FALSE,FALSE,FALSE,FALSE,FALSE,TRUE,TRUE,FALSE,FALSE,FALSE,FALSE,FALSE,1708
,Piglin Spawn Egg,piglin_spawn_egg,TRUE,FALSE,FALSE,64,FALSE,FALSE,FALSE,FALSE,FALSE,N/A,N/A,N/A,N/A,1,0,1,4,N/A,N/A,N/A,FALSE,FALSE,FALSE,N/A,N/A,FALSE,FALSE,FALSE,TRUE,FALSE,FALSE,FALSE,FALSE,FALSE,FALSE,FALSE,FALSE,FALSE,FALSE,FALSE,FALSE,TRUE,TRUE,FALSE,FALSE,FALSE,FALSE,FALSE,1709
,Piglin Brute Spawn Egg,piglin_brute_spawn_egg,TRUE,FALSE,FALSE,64,FALSE,FALSE,FALSE,FALSE,FALSE,N/A,N/A,N/A,N/A,1,0,1,4,N/A,N/A,N/A,FALSE,FALSE,FALSE,N/A,N/A,FALSE,FALSE,FALSE,TRUE,FALSE,FALSE,FALSE,FALSE,FALSE,FALSE,FALSE,FALSE,FALSE,FALSE,FALSE,FALSE,TRUE,TRUE,FALSE,FALSE,FALSE,FALSE,FALSE,1710
,Pillager Spawn Egg,pillager_spawn_egg,TRUE,FALSE,FALSE,64,FALSE,FALSE,FALSE,FALSE,FALSE,N/A,N/A,N/A,N/A,1,0,1,4,N/A,N/A,N/A,FALSE,FALSE,FALSE,N/A,N/A,FALSE,FALSE,FALSE,TRUE,FALSE,FALSE,FALSE,FALSE,FALSE,FALSE,FALSE,FALSE,FALSE,FALSE,FALSE,FALSE,TRUE,TRUE,FALSE,FALSE,FALSE,FALSE,FALSE,1711
,Polar Bear Spawn Egg,polar_bear_spawn_egg,TRUE,FALSE,FALSE,64,FALSE,FALSE,FALSE,FALSE,FALSE,N/A,N/A,N/A,N/A,1,0,1,4,N/A,N/A,N/A,FALSE,FALSE,FALSE,N/A,N/A,FALSE,FALSE,FALSE,TRUE,FALSE,FALSE,FALSE,FALSE,FALSE,FALSE,FALSE,FALSE,FALSE,FALSE,FALSE,FALSE,TRUE,TRUE,FALSE,FALSE,FALSE,FALSE,FALSE,1712
,Pufferfish Spawn Egg,pufferfish_spawn_egg,TRUE,FALSE,FALSE,64,FALSE,FALSE,FALSE,FALSE,FALSE,N/A,N/A,N/A,N/A,1,0,1,4,N/A,N/A,N/A,FALSE,FALSE,FALSE,N/A,N/A,FALSE,FALSE,FALSE,TRUE,FALSE,FALSE,FALSE,FALSE,FALSE,FALSE,FALSE,FALSE,FALSE,FALSE,FALSE,FALSE,TRUE,TRUE,FALSE,FALSE,FALSE,FALSE,FALSE,1713
,Rabbit Spawn Egg,rabbit_spawn_egg,TRUE,FALSE,FALSE,64,FALSE,FALSE,FALSE,FALSE,FALSE,N/A,N/A,N/A,N/A,1,0,1,4,N/A,N/A,N/A,FALSE,FALSE,FALSE,N/A,N/A,FALSE,FALSE,FALSE,TRUE,FALSE,FALSE,FALSE,FALSE,FALSE,FALSE,FALSE,FALSE,FALSE,FALSE,FALSE,FALSE,TRUE,TRUE,FALSE,FALSE,FALSE,FALSE,FALSE,1714
,Ravager Spawn Egg,ravager_spawn_egg,TRUE,FALSE,FALSE,64,FALSE,FALSE,FALSE,FALSE,FALSE,N/A,N/A,N/A,N/A,1,0,1,4,N/A,N/A,N/A,FALSE,FALSE,FALSE,N/A,N/A,FALSE,FALSE,FALSE,TRUE,FALSE,FALSE,FALSE,FALSE,FALSE,FALSE,FALSE,FALSE,FALSE,FALSE,FALSE,FALSE,TRUE,TRUE,FALSE,FALSE,FALSE,FALSE,FALSE,1715
,Salmon Spawn Egg,salmon_spawn_egg,TRUE,FALSE,FALSE,64,FALSE,FALSE,FALSE,FALSE,FALSE,N/A,N/A,N/A,N/A,1,0,1,4,N/A,N/A,N/A,FALSE,FALSE,FALSE,N/A,N/A,FALSE,FALSE,FALSE,TRUE,FALSE,FALSE,FALSE,FALSE,FALSE,FALSE,FALSE,FALSE,FALSE,FALSE,FALSE,FALSE,TRUE,TRUE,FALSE,FALSE,FALSE,FALSE,FALSE,1716
,Sheep Spawn Egg,sheep_spawn_egg,TRUE,FALSE,FALSE,64,FALSE,FALSE,FALSE,FALSE,FALSE,N/A,N/A,N/A,N/A,1,0,1,4,N/A,N/A,N/A,FALSE,FALSE,FALSE,N/A,N/A,FALSE,FALSE,FALSE,TRUE,FALSE,FALSE,FALSE,FALSE,FALSE,FALSE,FALSE,FALSE,FALSE,FALSE,FALSE,FALSE,TRUE,TRUE,FALSE,FALSE,FALSE,FALSE,FALSE,1717
,Shulker Spawn Egg,shulker_spawn_egg,TRUE,FALSE,FALSE,64,FALSE,FALSE,FALSE,FALSE,FALSE,N/A,N/A,N/A,N/A,1,0,1,4,N/A,N/A,N/A,FALSE,FALSE,FALSE,N/A,N/A,FALSE,FALSE,FALSE,TRUE,FALSE,FALSE,FALSE,FALSE,FALSE,FALSE,FALSE,FALSE,FALSE,FALSE,FALSE,FALSE,TRUE,TRUE,FALSE,FALSE,FALSE,FALSE,FALSE,1718
,Silverfish Spawn Egg,silverfish_spawn_egg,TRUE,FALSE,FALSE,64,FALSE,FALSE,FALSE,FALSE,FALSE,N/A,N/A,N/A,N/A,1,0,1,4,N/A,N/A,N/A,FALSE,FALSE,FALSE,N/A,N/A,FALSE,FALSE,FALSE,TRUE,FALSE,FALSE,FALSE,FALSE,FALSE,FALSE,FALSE,FALSE,FALSE,FALSE,FALSE,FALSE,TRUE,TRUE,FALSE,FALSE,FALSE,FALSE,FALSE,1719
,Skeleton Spawn Egg,skeleton_spawn_egg,TRUE,FALSE,FALSE,64,FALSE,FALSE,FALSE,FALSE,FALSE,N/A,N/A,N/A,N/A,1,0,1,4,N/A,N/A,N/A,FALSE,FALSE,FALSE,N/A,N/A,FALSE,FALSE,FALSE,TRUE,FALSE,FALSE,FALSE,FALSE,FALSE,FALSE,FALSE,FALSE,FALSE,FALSE,FALSE,FALSE,TRUE,TRUE,FALSE,FALSE,FALSE,FALSE,FALSE,1720
,Skeleton Horse Spawn Egg,skeleton_horse_spawn_egg,TRUE,FALSE,FALSE,64,FALSE,FALSE,FALSE,FALSE,FALSE,N/A,N/A,N/A,N/A,1,0,1,4,N/A,N/A,N/A,FALSE,FALSE,FALSE,N/A,N/A,FALSE,FALSE,FALSE,TRUE,FALSE,FALSE,FALSE,FALSE,FALSE,FALSE,FALSE,FALSE,FALSE,FALSE,FALSE,FALSE,TRUE,TRUE,FALSE,FALSE,FALSE,FALSE,FALSE,1721
,Slime Spawn Egg,slime_spawn_egg,TRUE,FALSE,FALSE,64,FALSE,FALSE,FALSE,FALSE,FALSE,N/A,N/A,N/A,N/A,1,0,1,4,N/A,N/A,N/A,FALSE,FALSE,FALSE,N/A,N/A,FALSE,FALSE,FALSE,TRUE,FALSE,FALSE,FALSE,FALSE,FALSE,FALSE,FALSE,FALSE,FALSE,FALSE,FALSE,FALSE,TRUE,TRUE,FALSE,FALSE,FALSE,FALSE,FALSE,1722
,Sniffer Spawn Egg,sniffer_spawn_egg,TRUE,FALSE,FALSE,64,FALSE,FALSE,FALSE,FALSE,FALSE,N/A,N/A,N/A,N/A,1,0,1,4,N/A,N/A,N/A,FALSE,FALSE,FALSE,N/A,N/A,FALSE,FALSE,FALSE,TRUE,FALSE,FALSE,FALSE,FALSE,FALSE,FALSE,FALSE,FALSE,FALSE,FALSE,FALSE,FALSE,TRUE,TRUE,FALSE,FALSE,FALSE,FALSE,FALSE,1723
,Snow Golem Spawn Egg,snow_golem_spawn_egg,TRUE,FALSE,FALSE,64,FALSE,FALSE,FALSE,FALSE,FALSE,N/A,N/A,N/A,N/A,1,0,1,4,N/A,N/A,N/A,FALSE,FALSE,FALSE,N/A,N/A,FALSE,FALSE,FALSE,TRUE,FALSE,FALSE,FALSE,FALSE,FALSE,FALSE,FALSE,FALSE,FALSE,FALSE,FALSE,FALSE,TRUE,TRUE,FALSE,FALSE,FALSE,FALSE,FALSE,1724
,Spider Spawn Egg,spider_spawn_egg,TRUE,FALSE,FALSE,64,FALSE,FALSE,FALSE,FALSE,FALSE,N/A,N/A,N/A,N/A,1,0,1,4,N/A,N/A,N/A,FALSE,FALSE,FALSE,N/A,N/A,FALSE,FALSE,FALSE,TRUE,FALSE,FALSE,FALSE,FALSE,FALSE,FALSE,FALSE,FALSE,FALSE,FALSE,FALSE,FALSE,TRUE,TRUE,FALSE,FALSE,FALSE,FALSE,FALSE,1725
,Squid Spawn Egg,squid_spawn_egg,TRUE,FALSE,FALSE,64,FALSE,FALSE,FALSE,FALSE,FALSE,N/A,N/A,N/A,N/A,1,0,1,4,N/A,N/A,N/A,FALSE,FALSE,FALSE,N/A,N/A,FALSE,FALSE,FALSE,TRUE,FALSE,FALSE,FALSE,FALSE,FALSE,FALSE,FALSE,FALSE,FALSE,FALSE,FALSE,FALSE,TRUE,TRUE,FALSE,FALSE,FALSE,FALSE,FALSE,1726
,Stray Spawn Egg,stray_spawn_egg,TRUE,FALSE,FALSE,64,FALSE,FALSE,FALSE,FALSE,FALSE,N/A,N/A,N/A,N/A,1,0,1,4,N/A,N/A,N/A,FALSE,FALSE,FALSE,N/A,N/A,FALSE,FALSE,FALSE,TRUE,FALSE,FALSE,FALSE,FALSE,FALSE,FALSE,FALSE,FALSE,FALSE,FALSE,FALSE,FALSE,TRUE,TRUE,FALSE,FALSE,FALSE,FALSE,FALSE,1727
,Strider Spawn Egg,strider_spawn_egg,TRUE,FALSE,FALSE,64,FALSE,FALSE,FALSE,FALSE,FALSE,N/A,N/A,N/A,N/A,1,0,1,4,N/A,N/A,N/A,FALSE,FALSE,FALSE,N/A,N/A,FALSE,FALSE,FALSE,TRUE,FALSE,FALSE,FALSE,FALSE,FALSE,FALSE,FALSE,FALSE,FALSE,FALSE,FALSE,FALSE,TRUE,TRUE,FALSE,FALSE,FALSE,FALSE,FALSE,1728
,Tadpole Spawn Egg,tadpole_spawn_egg,TRUE,FALSE,FALSE,64,FALSE,FALSE,FALSE,FALSE,FALSE,N/A,N/A,N/A,N/A,1,0,1,4,N/A,N/A,N/A,FALSE,FALSE,FALSE,N/A,N/A,FALSE,FALSE,FALSE,TRUE,FALSE,FALSE,FALSE,FALSE,FALSE,FALSE,FALSE,FALSE,FALSE,FALSE,FALSE,FALSE,TRUE,TRUE,FALSE,FALSE,FALSE,FALSE,FALSE,1729
,Trader Llama Spawn Egg,trader_llama_spawn_egg,TRUE,FALSE,FALSE,64,FALSE,FALSE,FALSE,FALSE,FALSE,N/A,N/A,N/A,N/A,1,0,1,4,N/A,N/A,N/A,FALSE,FALSE,FALSE,N/A,N/A,FALSE,FALSE,FALSE,TRUE,FALSE,FALSE,FALSE,FALSE,FALSE,FALSE,FALSE,FALSE,FALSE,FALSE,FALSE,FALSE,TRUE,TRUE,FALSE,FALSE,FALSE,FALSE,FALSE,1730
,Tropical Fish Spawn Egg,tropical_fish_spawn_egg,TRUE,FALSE,FALSE,64,FALSE,FALSE,FALSE,FALSE,FALSE,N/A,N/A,N/A,N/A,1,0,1,4,N/A,N/A,N/A,FALSE,FALSE,FALSE,N/A,N/A,FALSE,FALSE,FALSE,TRUE,FALSE,FALSE,FALSE,FALSE,FALSE,FALSE,FALSE,FALSE,FALSE,FALSE,FALSE,FALSE,TRUE,TRUE,FALSE,FALSE,FALSE,FALSE,FALSE,1731
,Turtle Spawn Egg,turtle_spawn_egg,TRUE,FALSE,FALSE,64,FALSE,FALSE,FALSE,FALSE,FALSE,N/A,N/A,N/A,N/A,1,0,1,4,N/A,N/A,N/A,FALSE,FALSE,FALSE,N/A,N/A,FALSE,FALSE,FALSE,TRUE,FALSE,FALSE,FALSE,FALSE,FALSE,FALSE,FALSE,FALSE,FALSE,FALSE,FALSE,FALSE,TRUE,TRUE,FALSE,FALSE,FALSE,FALSE,FALSE,1732
,Vex Spawn Egg,vex_spawn_egg,TRUE,FALSE,FALSE,64,FALSE,FALSE,FALSE,FALSE,FALSE,N/A,N/A,N/A,N/A,1,0,1,4,N/A,N/A,N/A,FALSE,FALSE,FALSE,N/A,N/A,FALSE,FALSE,FALSE,TRUE,FALSE,FALSE,FALSE,FALSE,FALSE,FALSE,FALSE,FALSE,FALSE,FALSE,FALSE,FALSE,TRUE,TRUE,FALSE,FALSE,FALSE,FALSE,FALSE,1733
,Villager Spawn Egg,villager_spawn_egg,TRUE,FALSE,FALSE,64,FALSE,FALSE,FALSE,FALSE,FALSE,N/A,N/A,N/A,N/A,1,0,1,4,N/A,N/A,N/A,FALSE,FALSE,FALSE,N/A,N/A,FALSE,FALSE,FALSE,TRUE,FALSE,FALSE,FALSE,FALSE,FALSE,FALSE,FALSE,FALSE,FALSE,FALSE,FALSE,FALSE,TRUE,TRUE,FALSE,FALSE,FALSE,FALSE,FALSE,1734
,Vindicator Spawn Egg,vindicator_spawn_egg,TRUE,FALSE,FALSE,64,FALSE,FALSE,FALSE,FALSE,FALSE,N/A,N/A,N/A,N/A,1,0,1,4,N/A,N/A,N/A,FALSE,FALSE,FALSE,N/A,N/A,FALSE,FALSE,FALSE,TRUE,FALSE,FALSE,FALSE,FALSE,FALSE,FALSE,FALSE,FALSE,FALSE,FALSE,FALSE,FALSE,TRUE,TRUE,FALSE,FALSE,FALSE,FALSE,FALSE,1735
,Wandering Trader Spawn Egg,wandering_trader_spawn_egg,TRUE,FALSE,FALSE,64,FALSE,FALSE,FALSE,FALSE,FALSE,N/A,N/A,N/A,N/A,1,0,1,4,N/A,N/A,N/A,FALSE,FALSE,FALSE,N/A,N/A,FALSE,FALSE,FALSE,TRUE,FALSE,FALSE,FALSE,FALSE,FALSE,FALSE,FALSE,FALSE,FALSE,FALSE,FALSE,FALSE,TRUE,TRUE,FALSE,FALSE,FALSE,FALSE,FALSE,1736
,Warden Spawn Egg,warden_spawn_egg,TRUE,FALSE,FALSE,64,FALSE,FALSE,FALSE,FALSE,FALSE,N/A,N/A,N/A,N/A,1,0,1,4,N/A,N/A,N/A,FALSE,FALSE,FALSE,N/A,N/A,FALSE,FALSE,FALSE,TRUE,FALSE,FALSE,FALSE,FALSE,FALSE,FALSE,FALSE,FALSE,FALSE,FALSE,FALSE,FALSE,TRUE,TRUE,FALSE,FALSE,FALSE,FALSE,FALSE,1737
,Witch Spawn Egg,witch_spawn_egg,TRUE,FALSE,FALSE,64,FALSE,FALSE,FALSE,FALSE,FALSE,N/A,N/A,N/A,N/A,1,0,1,4,N/A,N/A,N/A,FALSE,FALSE,FALSE,N/A,N/A,FALSE,FALSE,FALSE,TRUE,FALSE,FALSE,FALSE,FALSE,FALSE,FALSE,FALSE,FALSE,FALSE,FALSE,FALSE,FALSE,TRUE,TRUE,FALSE,FALSE,FALSE,FALSE,FALSE,1738
,Wither Spawn Egg,wither_spawn_egg,TRUE,TRUE,TRUE,64,FALSE,FALSE,FALSE,FALSE,FALSE,N/A,N/A,N/A,N/A,1,0,1,4,N/A,N/A,N/A,FALSE,FALSE,FALSE,N/A,N/A,FALSE,FALSE,FALSE,TRUE,FALSE,FALSE,FALSE,FALSE,FALSE,FALSE,FALSE,FALSE,FALSE,FALSE,FALSE,FALSE,TRUE,TRUE,FALSE,FALSE,FALSE,FALSE,FALSE,1739
,Wither Skeleton Spawn Egg,wither_skeleton_spawn_egg,TRUE,FALSE,FALSE,64,FALSE,FALSE,FALSE,FALSE,FALSE,N/A,N/A,N/A,N/A,1,0,1,4,N/A,N/A,N/A,FALSE,FALSE,FALSE,N/A,N/A,FALSE,FALSE,FALSE,TRUE,FALSE,FALSE,FALSE,FALSE,FALSE,FALSE,FALSE,FALSE,FALSE,FALSE,FALSE,FALSE,TRUE,TRUE,FALSE,FALSE,FALSE,FALSE,FALSE,1740
,Wolf Spawn Egg,wolf_spawn_egg,TRUE,FALSE,FALSE,64,FALSE,FALSE,FALSE,FALSE,FALSE,N/A,N/A,N/A,N/A,1,0,1,4,N/A,N/A,N/A,FALSE,FALSE,FALSE,N/A,N/A,FALSE,FALSE,FALSE,TRUE,FALSE,FALSE,FALSE,FALSE,FALSE,FALSE,FALSE,FALSE,FALSE,FALSE,FALSE,FALSE,TRUE,TRUE,FALSE,FALSE,FALSE,FALSE,FALSE,1741
,Zoglin Spawn Egg,zoglin_spawn_egg,TRUE,FALSE,FALSE,64,FALSE,FALSE,FALSE,FALSE,FALSE,N/A,N/A,N/A,N/A,1,0,1,4,N/A,N/A,N/A,FALSE,FALSE,FALSE,N/A,N/A,FALSE,FALSE,FALSE,TRUE,FALSE,FALSE,FALSE,FALSE,FALSE,FALSE,FALSE,FALSE,FALSE,FALSE,FALSE,FALSE,TRUE,TRUE,FALSE,FALSE,FALSE,FALSE,FALSE,1742
,Zombie Spawn Egg,zombie_spawn_egg,TRUE,FALSE,FALSE,64,FALSE,FALSE,FALSE,FALSE,FALSE,N/A,N/A,N/A,N/A,1,0,1,4,N/A,N/A,N/A,FALSE,FALSE,FALSE,N/A,N/A,FALSE,FALSE,FALSE,TRUE,FALSE,FALSE,FALSE,FALSE,FALSE,FALSE,FALSE,FALSE,FALSE,FALSE,FALSE,FALSE,TRUE,TRUE,FALSE,FALSE,FALSE,FALSE,FALSE,1743
,Zombie Horse Spawn Egg,zombie_horse_spawn_egg,TRUE,FALSE,FALSE,64,FALSE,FALSE,FALSE,FALSE,FALSE,N/A,N/A,N/A,N/A,1,0,1,4,N/A,N/A,N/A,FALSE,FALSE,FALSE,N/A,N/A,FALSE,FALSE,FALSE,TRUE,FALSE,FALSE,FALSE,FALSE,FALSE,FALSE,FALSE,FALSE,FALSE,FALSE,FALSE,FALSE,TRUE,TRUE,FALSE,FALSE,FALSE,FALSE,FALSE,1744
,Zombie Villager Spawn Egg,zombie_villager_spawn_egg,TRUE,FALSE,FALSE,64,FALSE,FALSE,FALSE,FALSE,FALSE,N/A,N/A,N/A,N/A,1,0,1,4,N/A,N/A,N/A,FALSE,FALSE,FALSE,N/A,N/A,FALSE,FALSE,FALSE,TRUE,FALSE,FALSE,FALSE,FALSE,FALSE,FALSE,FALSE,FALSE,FALSE,FALSE,FALSE,FALSE,TRUE,TRUE,FALSE,FALSE,FALSE,FALSE,FALSE,1745
,Zombified Piglin Spawn Egg,zombified_piglin_spawn_egg,TRUE,FALSE,FALSE,64,FALSE,FALSE,FALSE,FALSE,FALSE,N/A,N/A,N/A,N/A,1,0,1,4,N/A,N/A,N/A,FALSE,FALSE,FALSE,N/A,N/A,FALSE,FALSE,FALSE,TRUE,FALSE,FALSE,FALSE,FALSE,FALSE,FALSE,FALSE,FALSE,FALSE,FALSE,FALSE,FALSE,TRUE,TRUE,FALSE,FALSE,FALSE,FALSE,FALSE,1746